Status.state|NomeEntidade|NumFistel|NumServico|NumAto|NumEstacao|EnderecoEstacao|EndComplemento|SiglaUf|CodMunicipio|DesignacaoEmissao|Tecnologia|tipoTecnologia|meioAcesso|FreqTxMHz|FreqRxMHz|Azimute|CodTipoClasseEstacao|ClassInfraFisica|CompartilhamentoInfraFisica|CodTipoAntena|CodEquipamentoAntena|GanhoAntena|FrenteCostaAntena|AnguloMeiaPotenciaAntena|AnguloElevacao|Polarizacao|AlturaAntena|CodEquipamentoTransmissor|PotenciaTransmissorWatts|Latitude|Longitude|CodDebitoTFI|DataLicenciamento|DataPrimeiroLicenciamento|NumRede|_id|DataValidade|NumFistelAssociado|NomeEntidadeAssociado|Municipio.NomeMunicipio
LIC-LIC-01|CLARO S.A.|50409307637|010|105752021|690409079|PSG COMERCIARIOS||PA|1501402|100MG7W|NR|SA-NSA||3350|3350|20|FB|||760||24|28|13|-1|X|53|163992101350|200|-1.36696|-48.42791|G|2023-09-06|2021-11-09||378dd5f8be8b0877|2027-10-18|||Belém
LIC-LIC-01|CLARO S.A.|50409307637|010|105752021|690409079|PSG COMERCIARIOS||PA|1501402|100MG7W|NR|SA-NSA||3350|3350|150|FB|||760||24|28|13|-1|X|53|163992101350|200|-1.36696|-48.42791|G|2023-09-06|2021-11-09||378dd5f8be8b0878|2027-10-18|||Belém
LIC-LIC-01|CLARO S.A.|50409307637|010|105752021|690409079|PSG COMERCIARIOS||PA|1501402|100MG7W|NR|SA-NSA||3350|3350|270|FB|||760||24|28|13|-1|X|53|163992101350|200|-1.36696|-48.42791|G|2023-09-06|2021-11-09||378dd5f8be8b0879|2027-10-18|||Belém
LIC-LIC-01|CLARO S.A.|50409307637|010|105752021|692374507|PSG PASSAGEM BOM PASTOR||PA|1500800|100MG7W|NR|SA-NSA||2325|2325|0|FB|||760||23|28|13|0|X|50|049362201350|240|-1.33194|-48.41666|G|2023-09-12|2010-05-21||6015d5f80111c759|2029-12-08|||Ananindeua
LIC-LIC-01|CLARO S.A.|50409307637|010|105752021|692374507|PSG PASSAGEM BOM PASTOR||PA|1500800|100MG7W|NR|SA-NSA||2325|2325|120|FB|||760||23|28|13|-2|X|50|049362201350|240|-1.33194|-48.41666|G|2023-09-12|2010-05-21||6015d5f80111c75a|2029-12-08|||Ananindeua
LIC-LIC-01|CLARO S.A.|50409307637|010|105752021|692374507|PSG PASSAGEM BOM PASTOR||PA|1500800|100MG7W|NR|SA-NSA||2325|2325|240|FB|||760||23|28|13|0|X|50|049362201350|240|-1.33194|-48.41666|G|2023-09-12|2010-05-21||6015d5f80111c75b|2029-12-08|||Ananindeua
LIC-LIC-01|CLARO S.A.|50409307637|010|105752021|692430920|R SANTA MADALENA||PA|1500800|100MG7W|NR|SA-NSA||2325|2325|70|FB|||760||23|28|13|0|X|40|049362201350|50|-1.34138|-48.39638|G|2023-09-01|2010-06-24||afac15f82ab3e13d|2032-12-22|||Ananindeua
LIC-LIC-01|CLARO S.A.|50409307637|010|105752021|692430920|R SANTA MADALENA||PA|1500800|100MG7W|NR|SA-NSA||2325|2325|190|FB|||760||23|28|13|0|X|40|049362201350|50|-1.34138|-48.39638|G|2023-09-01|2010-06-24||afac15f82ab3e13e|2032-12-22|||Ananindeua
LIC-LIC-01|CLARO S.A.|50409307637|010|105752021|692430920|R SANTA MADALENA||PA|1500800|100MG7W|NR|SA-NSA||2325|2325|310|FB|||760||23|28|13|0|X|40|049362201350|50|-1.34138|-48.39638|G|2023-09-01|2010-06-24||afac15f82ab3e13f|2032-12-22|||Ananindeua
LIC-LIC-01|CLARO S.A.|50409307637|010|105752021|692341420|TV SN 8|SN 08 - CONJUNTO CIDADE NOVA III|PA|1500800|100MG7W|NR|SA-NSA||2325|2325|40|FB|||760||23|28|13|0|X|40|049362201350|50|-1.37166|-48.40555|G|2023-09-12|2010-04-27||afac15f82ab3e155|2029-12-08|||Ananindeua
LIC-LIC-01|CLARO S.A.|50409307637|010|105752021|692341420|TV SN 8|SN 08 - CONJUNTO CIDADE NOVA III|PA|1500800|100MG7W|NR|SA-NSA||2325|2325|160|FB|||760||23|28|13|0|X|40|049362201350|50|-1.37166|-48.40555|G|2023-09-12|2010-04-27||afac15f82ab3e156|2029-12-08|||Ananindeua
LIC-LIC-01|CLARO S.A.|50409307637|010|105752021|692341420|TV SN 8|SN 08 - CONJUNTO CIDADE NOVA III|PA|1500800|100MG7W|NR|SA-NSA||2325|2325|270|FB|||760||23|28|13|0|X|40|049362201350|50|-1.37166|-48.40555|G|2023-09-12|2010-04-27||afac15f82ab3e157|2029-12-08|||Ananindeua
LIC-LIC-01|CLARO S.A.|50409307637|010|105752021|1005379219|TV SÃO JOSÉ - QD67  Nº120|QD67  Nº120|PA|1501402|80M0G7W|NR|SA-NSA||2325|2325|30|FB|||760||23|28|13|-0.5|X|40|049362201350|50|-1.3711|-48.43559|G|2023-09-06|2017-12-12||de4415f83a20c679|2027-10-18|||Belém
LIC-LIC-01|CLARO S.A.|50409307637|010|105752021|1005379219|TV SÃO JOSÉ - QD67  Nº120|QD67  Nº120|PA|1501402|80M0G7W|NR|SA-NSA||2325|2325|180|FB|||760||23|28|13|-0.5|X|40|049362201350|50|-1.3711|-48.43559|G|2023-09-06|2017-12-12||de4415f83a20c67a|2027-10-18|||Belém
LIC-LIC-01|CLARO S.A.|50409307637|010|105752021|1005379219|TV SÃO JOSÉ - QD67  Nº120|QD67  Nº120|PA|1501402|80M0G7W|NR|SA-NSA||2325|2325|270|FB|||760||23|28|13|-1.5|X|40|049362201350|50|-1.3711|-48.43559|G|2023-09-06|2017-12-12||de4415f83a20c67b|2027-10-18|||Belém
LIC-LIC-01|CLARO S.A.|50409307637|010|105752021|1005218541|R PRINCIPAL - Nº 39  QD 12  LT 39||PA|1501402|80M0G7W|NR|SA-NSA||2325|2325|330|FB|||760||23|28|13|0|X|45|049362201350|50|-1.41062|-48.39267|G|2023-09-01|2017-11-13||dce625f8570af2b5|2032-12-22|||Belém
LIC-LIC-01|CLARO S.A.|50409307637|010|105752021|1005218541|R PRINCIPAL - Nº 39  QD 12  LT 39||PA|1501402|80M0G7W|NR|SA-NSA||2325|2325|90|FB|||760||23|28|13|0|X|45|049362201350|50|-1.41062|-48.39267|G|2023-09-01|2017-11-13||dce625f8570af2b6|2032-12-22|||Belém
LIC-LIC-01|CLARO S.A.|50409307637|010|105752021|1005218541|R PRINCIPAL - Nº 39  QD 12  LT 39||PA|1501402|80M0G7W|NR|SA-NSA||2325|2325|210|FB|||760||23|28|13|0|X|45|049362201350|50|-1.41062|-48.39267|G|2023-09-01|2017-11-13||dce625f8570af2b7|2032-12-22|||Belém
LIC-LIC-01|CLARO S.A.|50409307637|010|105752021|690408668|PSG BOM JESUS||PA|1500800|100MG7W|NR|SA-NSA||2325|2325|0|FB|||760||23|28|13|0|X|36|049362201350|50|-1.38018|-48.42658|G|2023-09-01|2008-06-12||52c445f8c7b68660|2032-12-22|||Ananindeua
LIC-LIC-01|CLARO S.A.|50409307637|010|105752021|690408668|PSG BOM JESUS||PA|1500800|100MG7W|NR|SA-NSA||2325|2325|120|FB|||760||23|28|13|0|X|36|049362201350|50|-1.38018|-48.42658|G|2023-09-01|2008-06-12||52c445f8c7b68661|2032-12-22|||Ananindeua
LIC-LIC-01|CLARO S.A.|50409307637|010|105752021|690408668|PSG BOM JESUS||PA|1500800|100MG7W|NR|SA-NSA||2325|2325|240|FB|||760||23|28|13|0|X|36|049362201350|50|-1.38018|-48.42658|G|2023-09-01|2008-06-12||52c445f8c7b68662|2032-12-22|||Ananindeua
LIC-LIC-01|CLARO S.A.|50409307637|010|105752021|690458410|TV SANTA MARIA||PA|1500800|80M0G7W|NR|SA-NSA||3350|3350|60|FB|||760|152312201350|24|25|13|0|X|41.6|152312201350|200|-1.39944|-48.42277|G|2023-09-01|2008-06-19||a6ad45f842a9983c|2032-12-22|||Ananindeua
LIC-LIC-01|CLARO S.A.|50409307637|010|105752021|690458410|TV SANTA MARIA||PA|1500800|80M0G7W|NR|SA-NSA||3350|3350|160|FB|||760|152312201350|24|25|13|0|X|41.6|152312201350|200|-1.39944|-48.42277|G|2023-09-01|2008-06-19||a6ad45f842a9983d|2032-12-22|||Ananindeua
LIC-LIC-01|CLARO S.A.|50409307637|010|105752021|690458410|TV SANTA MARIA||PA|1500800|80M0G7W|NR|SA-NSA||3350|3350|300|FB|||760|152312201350|24|25|13|0|X|41.6|152312201350|200|-1.39944|-48.42277|G|2023-09-01|2008-06-19||a6ad45f842a9983e|2032-12-22|||Ananindeua
LIC-LIC-01|CLARO S.A.|50409307637|010|105752021|690472781|ROD CURUÇA|CONJUNTO GUAJARÁ II|PA|1500800|100MG7W|NR|SA-NSA||3350|3350|40|FB|||760|152312201350|24|25|13|0|X|40|152312201350|251|-1.35083|-48.38805|G|2023-09-05|2008-07-08||805e45f85bdd22af|2027-08-25|||Ananindeua
LIC-LIC-01|CLARO S.A.|50409307637|010|105752021|690472781|ROD CURUÇA|CONJUNTO GUAJARÁ II|PA|1500800|100MG7W|NR|SA-NSA||3350|3350|150|FB|||760|152312201350|24|25|13|0|X|40|152312201350|251|-1.35083|-48.38805|G|2023-09-05|2008-07-08||805e45f85bdd22b0|2027-08-25|||Ananindeua
LIC-LIC-01|CLARO S.A.|50409307637|010|105752021|690472781|ROD CURUÇA|CONJUNTO GUAJARÁ II|PA|1500800|100MG7W|NR|SA-NSA||3350|3350|270|FB|||760|152312201350|24|25|13|0|X|40|152312201350|251|-1.35083|-48.38805|G|2023-09-05|2008-07-08||805e45f85bdd22b1|2027-08-25|||Ananindeua
LIC-LIC-01|CLARO S.A.|50409307637|010|105752021|690458339|PAS SAO PAULO|ENTRE BR- 316 E PASSAGEM BOSCO|PA|1500800|100MG7W|NR|SA-NSA||3350|3350|0|FB|||760|152312201350|24|25|13|0|X|60|152312201350|251|-1.39124|-48.42112|G|2025-04-14|2008-06-19||805e45f85bdd22f1|2041-12-08|||Ananindeua
LIC-LIC-01|CLARO S.A.|50409307637|010|105752021|690458339|PAS SAO PAULO|ENTRE BR- 316 E PASSAGEM BOSCO|PA|1500800|100MG7W|NR|SA-NSA||3350|3350|120|FB|||760|152312201350|24|25|13|0|X|60|152312201350|251|-1.39124|-48.42112|G|2025-04-14|2008-06-19||805e45f85bdd22f2|2041-12-08|||Ananindeua
LIC-LIC-01|CLARO S.A.|50409307637|010|105752021|690458339|PAS SAO PAULO|ENTRE BR- 316 E PASSAGEM BOSCO|PA|1500800|100MG7W|NR|SA-NSA||3350|3350|240|FB|||760|152312201350|24|25|13|0|X|60|152312201350|251|-1.39124|-48.42112|G|2025-04-14|2008-06-19||805e45f85bdd22f3|2041-12-08|||Ananindeua
LIC-LIC-01|CLARO S.A.|50409307637|010|105752021|690474768|R RECIFE||PA|1501402|90M0G7W|NR|SA-NSA||3350|3350|0|FB|||760|152312201350|24|25|13|0|X|40|152312201350|251|-1.39333|-48.3948|G|2023-09-05|2021-11-09||805e45f85bdd2451|2027-08-25|||Belém
LIC-LIC-01|CLARO S.A.|50409307637|010|105752021|690474768|R RECIFE||PA|1501402|90M0G7W|NR|SA-NSA||3350|3350|120|FB|||760|152312201350|24|25|13|0|X|40|152312201350|251|-1.39333|-48.3948|G|2023-09-05|2021-11-09||805e45f85bdd2452|2027-08-25|||Belém
LIC-LIC-01|CLARO S.A.|50409307637|010|105752021|690474768|R RECIFE||PA|1501402|90M0G7W|NR|SA-NSA||3350|3350|240|FB|||760|152312201350|24|25|13|0|X|40|152312201350|251|-1.39333|-48.3948|G|2023-09-05|2021-11-09||805e45f85bdd2453|2027-08-25|||Belém
LIC-LIC-01|CLARO S.A.|50409307637|010|105752021|690469802|TV WE 70||PA|1500800|80M0G7W|NR|SA-NSA||3350|3350|80|FB|||760|152312201350|24|25|13|0|X|36|152312201350|251|-1.35184|-48.4022|G|2023-09-01|2008-07-08||99a745f875a3e892|2032-12-22|||Ananindeua
LIC-LIC-01|CLARO S.A.|50409307637|010|105752021|690469802|TV WE 70||PA|1500800|80M0G7W|NR|SA-NSA||3350|3350|200|FB|||760|152312201350|24|25|13|0|X|36|152312201350|251|-1.35184|-48.4022|G|2023-09-01|2008-07-08||99a745f875a3e893|2032-12-22|||Ananindeua
LIC-LIC-01|CLARO S.A.|50409307637|010|105752021|690469802|TV WE 70||PA|1500800|80M0G7W|NR|SA-NSA||3350|3350|320|FB|||760|152312201350|24|25|13|0|X|36|152312201350|251|-1.35184|-48.4022|G|2023-09-01|2008-07-08||99a745f875a3e894|2032-12-22|||Ananindeua
LIC-LIC-01|CLARO S.A.|50409307637|010|105752021|692374558|R VALDOMIRO SOUZA||PA|1500800|100MG7W|NR|SA-NSA||3350|3350|20|FB|||760|152312201350|24|25|13|0|X|56|152312201350|251|-1.34649|-48.3672|G|2024-04-05|2010-05-21||fade75f847f60afe|2041-12-08|||Ananindeua
LIC-LIC-01|CLARO S.A.|50409307637|010|105752021|692374558|R VALDOMIRO SOUZA||PA|1500800|100MG7W|NR|SA-NSA||3350|3350|140|FB|||760|152312201350|24|25|13|0|X|56|152312201350|251|-1.34649|-48.3672|G|2024-04-05|2010-05-21||fade75f847f60aff|2041-12-08|||Ananindeua
LIC-LIC-01|CLARO S.A.|50409307637|010|105752021|692374558|R VALDOMIRO SOUZA||PA|1500800|100MG7W|NR|SA-NSA||3350|3350|280|FB|||760|152312201350|24|25|13|0|X|56|152312201350|251|-1.34649|-48.3672|G|2024-04-05|2010-05-21||fade75f847f60b00|2041-12-08|||Ananindeua
LIC-LIC-01|CLARO S.A.|50409307637|010|105752021|690392931|PSG SAO FRANCISCO|PAAIU11/ OI PAAIU2215 - ESTRADA DO 40 HORAS|PA|1500800|100MG7W|NR|SA-NSA||3350|3350|0|FB|||760|152312201350|24|25|13|0|X|33|152312201350|251|-1.35076|-48.41932|G|2023-09-01|2008-06-12||176585f80b761214|2032-12-22|||Ananindeua
LIC-LIC-01|CLARO S.A.|50409307637|010|105752021|690392931|PSG SAO FRANCISCO|PAAIU11/ OI PAAIU2215 - ESTRADA DO 40 HORAS|PA|1500800|100MG7W|NR|SA-NSA||3350|3350|160|FB|||760|152312201350|24|25|13|0|X|33|152312201350|251|-1.35076|-48.41932|G|2023-09-01|2008-06-12||176585f80b761215|2032-12-22|||Ananindeua
LIC-LIC-01|CLARO S.A.|50409307637|010|105752021|690392931|PSG SAO FRANCISCO|PAAIU11/ OI PAAIU2215 - ESTRADA DO 40 HORAS|PA|1500800|100MG7W|NR|SA-NSA||3350|3350|260|FB|||760|152312201350|24|25|13|0|X|33|152312201350|251|-1.35076|-48.41932|G|2023-09-01|2008-06-12||176585f80b761216|2032-12-22|||Ananindeua
LIC-LIC-01|CLARO S.A.|50409307637|010|105752021|1005523484|R 38 QD6||PA|1500800|90M0G7W|NR|SA-NSA||3350|3350|160|FB|||760|152312201350|24|25|13|0|X|45|152312201350|251|-1.3296|-48.40073|G|2024-04-05|2018-01-10||176585f80b761256|2041-12-08|||Ananindeua
LIC-LIC-01|CLARO S.A.|50409307637|010|105752021|1005523484|R 38 QD6||PA|1500800|90M0G7W|NR|SA-NSA||3350|3350|280|FB|||760|152312201350|24|25|13|0|X|45|152312201350|251|-1.3296|-48.40073|G|2024-04-05|2018-01-10||176585f80b761257|2041-12-08|||Ananindeua
LIC-LIC-01|CLARO S.A.|50409307637|010|105752021|1005523484|R 38 QD6||PA|1500800|90M0G7W|NR|SA-NSA||3350|3350|40|FB|||760|152312201350|24|25|13|0|X|45|152312201350|251|-1.3296|-48.40073|G|2024-04-05|2018-01-10||176585f80b761258|2041-12-08|||Ananindeua
LIC-LIC-01|CLARO S.A.|50409307637|010|105752021|692779027|R ESPERANTO||PA|1501402|100MG7W|NR|SA-NSA||3350|3350|0|FB|||760|152312201350|24|25|13|0|X|50|152312201350|251|-1.40488|-48.44744|G|2023-09-06|2010-10-07||176585f80b76128f|2027-10-18|||Belém
LIC-LIC-01|CLARO S.A.|50409307637|010|105752021|692779027|R ESPERANTO||PA|1501402|100MG7W|NR|SA-NSA||3350|3350|120|FB|||760|152312201350|24|25|13|0|X|50|152312201350|251|-1.40488|-48.44744|G|2023-09-06|2010-10-07||176585f80b761290|2027-10-18|||Belém
LIC-LIC-01|CLARO S.A.|50409307637|010|105752021|692779027|R ESPERANTO||PA|1501402|100MG7W|NR|SA-NSA||3350|3350|240|FB|||760|152312201350|24|25|13|0|X|50|152312201350|251|-1.40488|-48.44744|G|2023-09-06|2010-10-07||176585f80b761291|2027-10-18|||Belém
LIC-LIC-01|CLARO S.A.|50409307637|010|105752021|692575030|TRAVESSA WE 58||PA|1500800|100MG7W|NR|SA-NSA||3350|3350|45|FB|||760|152312201350|24|25|13|0|X|40|152312201350|251|-1.35722|-48.39383|G|2023-06-22|2010-08-09||b1ee85f825c242ce|2041-12-08|||Ananindeua
LIC-LIC-01|CLARO S.A.|50409307637|010|105752021|692575030|TRAVESSA WE 58||PA|1500800|100MG7W|NR|SA-NSA||3350|3350|165|FB|||760|152312201350|24|25|13|0|X|40|152312201350|251|-1.35722|-48.39383|G|2023-06-22|2010-08-09||b1ee85f825c242cf|2041-12-08|||Ananindeua
LIC-LIC-01|CLARO S.A.|50409307637|010|105752021|692575030|TRAVESSA WE 58||PA|1500800|100MG7W|NR|SA-NSA||3350|3350|285|FB|||760|152312201350|24|25|13|0|X|40|152312201350|251|-1.35722|-48.39383|G|2023-06-22|2010-08-09||b1ee85f825c242d0|2041-12-08|||Ananindeua
LIC-LIC-01|CLARO S.A.|50409307637|010|105752021|690469675|TV WE-32|CONJUNTO HABITACIONAL CIDADE NOVA / SITE GPON|PA|1500800|100MG7W|NR|SA-NSA||3350|3350|0|FB|||760|152312201350|24|25|13|-1|X|50|152312201350|251|-1.36128|-48.402|G|2023-06-22|2008-07-08||b1ee85f825c24340|2041-12-08|||Ananindeua
LIC-LIC-01|CLARO S.A.|50409307637|010|105752021|690469675|TV WE-32|CONJUNTO HABITACIONAL CIDADE NOVA / SITE GPON|PA|1500800|100MG7W|NR|SA-NSA||3350|3350|120|FB|||760|152312201350|24|25|13|-1|X|50|152312201350|251|-1.36128|-48.402|G|2023-06-22|2008-07-08||b1ee85f825c24341|2041-12-08|||Ananindeua
LIC-LIC-01|CLARO S.A.|50409307637|010|105752021|690469675|TV WE-32|CONJUNTO HABITACIONAL CIDADE NOVA / SITE GPON|PA|1500800|100MG7W|NR|SA-NSA||3350|3350|240|FB|||760|152312201350|24|25|13|-1|X|50|152312201350|251|-1.36128|-48.402|G|2023-06-22|2008-07-08||b1ee85f825c24342|2041-12-08|||Ananindeua
LIC-LIC-01|CLARO S.A.|50409307637|010|105752021|690469608|PASSAGEM DO ARAME|QUADRA 50 A LOTE 38|PA|1500800|100MG7W|NR|SA-NSA||3350|3350|60|FB|||760|152312201350|24|25|13|0|X|40|152312201350|251|-1.33747|-48.38472|G|2023-06-27|2008-07-08||18e685f82a514b0b|2027-10-18|||Ananindeua
LIC-LIC-01|CLARO S.A.|50409307637|010|105752021|690469608|PASSAGEM DO ARAME|QUADRA 50 A LOTE 38|PA|1500800|100MG7W|NR|SA-NSA||3350|3350|180|FB|||760|152312201350|24|25|13|0|X|40|152312201350|251|-1.33747|-48.38472|G|2023-06-27|2008-07-08||18e685f82a514b0c|2027-10-18|||Ananindeua
LIC-LIC-01|CLARO S.A.|50409307637|010|105752021|690469608|PASSAGEM DO ARAME|QUADRA 50 A LOTE 38|PA|1500800|100MG7W|NR|SA-NSA||3350|3350|300|FB|||760|152312201350|24|25|13|0|X|40|152312201350|251|-1.33747|-48.38472|G|2023-06-27|2008-07-08||18e685f82a514b0d|2027-10-18|||Ananindeua
LIC-LIC-01|CLARO S.A.|50409307637|010|105752021|690476671|PSG MONTE SINAI|PASSAGEM MONTE SINAI 51|PA|1501402|100MG7W|NR|SA-NSA||3350|3350|0|FB|||760|152312201350|24|25|13|0|X|41|152312201350|251|-1.35139|-48.43361|G|2023-07-13|2008-07-08||e97195f80a9659b7|2032-12-22|||Belém
LIC-LIC-01|CLARO S.A.|50409307637|010|105752021|690476671|PSG MONTE SINAI|PASSAGEM MONTE SINAI 51|PA|1501402|100MG7W|NR|SA-NSA||3350|3350|120|FB|||760|152312201350|24|25|13|0|X|41|152312201350|251|-1.35139|-48.43361|G|2023-07-13|2008-07-08||e97195f80a9659b8|2032-12-22|||Belém
LIC-LIC-01|CLARO S.A.|50409307637|010|105752021|690476671|PSG MONTE SINAI|PASSAGEM MONTE SINAI 51|PA|1501402|100MG7W|NR|SA-NSA||3350|3350|240|FB|||760|152312201350|24|25|13|0|X|41|152312201350|251|-1.35139|-48.43361|G|2023-07-13|2008-07-08||e97195f80a9659b9|2032-12-22|||Belém
LIC-LIC-01|CLARO S.A.|50409307637|010|105752021|690394012|ROD AUGUSTO MONTENEGRO||PA|1501402|90M0G7W|NR|SA-NSA||3350|3350|0|FB|||760|152312201350|24|25|13|0|X|67|152312201350|251|-1.39638|-48.43458|G|2023-07-13|2008-06-12||e97195f80a965a3a|2032-12-22|||Belém
LIC-LIC-01|CLARO S.A.|50409307637|010|105752021|690394012|ROD AUGUSTO MONTENEGRO||PA|1501402|90M0G7W|NR|SA-NSA||3350|3350|120|FB|||760|152312201350|24|25|13|0|X|67|152312201350|251|-1.39638|-48.43458|G|2023-07-13|2008-06-12||e97195f80a965a3b|2032-12-22|||Belém
LIC-LIC-01|CLARO S.A.|50409307637|010|105752021|690394012|ROD AUGUSTO MONTENEGRO||PA|1501402|90M0G7W|NR|SA-NSA||3350|3350|240|FB|||760|152312201350|24|25|13|0|X|67|152312201350|251|-1.39638|-48.43458|G|2023-07-13|2008-06-12||e97195f80a965a3c|2032-12-22|||Belém
LIC-LIC-01|CLARO S.A.|50409307637|010|105752021|690462042|ALAMEDA DON JORGE||PA|1501402|60M0G7W|NR|SA-NSA||3350|3350|50|FB|||760|152312201350|24|25|13|0|X|40|152312201350|251|-1.36204|-48.4462|G|2025-07-24|2008-07-08||e97195f80a965a67|2041-12-08|||Belém
LIC-LIC-01|CLARO S.A.|50409307637|010|105752021|690462042|ALAMEDA DON JORGE||PA|1501402|60M0G7W|NR|SA-NSA||3350|3350|170|FB|||760|152312201350|24|25|13|0|X|40|152312201350|251|-1.36204|-48.4462|G|2025-07-24|2008-07-08||e97195f80a965a68|2041-12-08|||Belém
LIC-LIC-01|CLARO S.A.|50409307637|010|105752021|690462042|ALAMEDA DON JORGE||PA|1501402|60M0G7W|NR|SA-NSA||3350|3350|290|FB|||760|152312201350|24|25|13|0|X|40|152312201350|251|-1.36204|-48.4462|G|2025-07-24|2008-07-08||e97195f80a965a69|2041-12-08|||Belém
LIC-LIC-01|CLARO S.A.|50409307637|010|105752021|1005953152|PSG GAMA MALCHER||PA|1501402|100MG7W|NR|SA-NSA||3350|3350|140|FB|||760|152312201350|24|25|13|0|X|29|152312201350|251|-1.41517|-48.44294|G|2024-04-04|2018-03-23||317d95f84ced27c2|2041-12-08|||Belém
LIC-LIC-01|CLARO S.A.|50409307637|010|105752021|1005953152|PSG GAMA MALCHER||PA|1501402|100MG7W|NR|SA-NSA||3350|3350|300|FB|||760|152312201350|24|25|13|0|X|29|152312201350|251|-1.41517|-48.44294|G|2024-04-04|2018-03-23||317d95f84ced27c3|2041-12-08|||Belém
LIC-LIC-01|CLARO S.A.|50409307637|010|105752021|1005953152|PSG GAMA MALCHER||PA|1501402|100MG7W|NR|SA-NSA||3350|3350|40|FB|||760|152312201350|24|25|13|0|X|29|152312201350|251|-1.41517|-48.44294|G|2024-04-04|2018-03-23||317d95f84ced27c4|2041-12-08|||Belém
LIC-LIC-01|CLARO S.A.|50409307637|010|105752021|690462000|PSG QUADRA 14|QUADRA 14\  CONJ PANORAMA XXI|PA|1501402|100MG7W|NR|SA-NSA||3350|3350|185|FB|||760|152312201350|24|25|13|0|X|38|152312201350|251|-1.37885|-48.43845|G|2023-07-20|2008-07-08||5de895f80180e85f|2032-12-22|||Belém
LIC-LIC-01|CLARO S.A.|50409307637|010|105752021|690462000|PSG QUADRA 14|QUADRA 14\  CONJ PANORAMA XXI|PA|1501402|100MG7W|NR|SA-NSA||3350|3350|320|FB|||760|152312201350|24|25|13|0|X|38|152312201350|251|-1.37885|-48.43845|G|2023-07-20|2008-07-08||5de895f80180e860|2032-12-22|||Belém
LIC-LIC-01|CLARO S.A.|50409307637|010|105752021|690462000|PSG QUADRA 14|QUADRA 14\  CONJ PANORAMA XXI|PA|1501402|100MG7W|NR|SA-NSA||3350|3350|85|FB|||760|152312201350|24|25|13|0|X|38|152312201350|251|-1.37885|-48.43845|G|2023-07-20|2008-07-08||5de895f80180e861|2032-12-22|||Belém
LIC-LIC-01|CLARO S.A.|50409307637|010|105752021|690405472|PSG BOA ESPERANÇA||PA|1501402|100MG7W|NR|SA-NSA||3350|3350|200|FB|||760|152312201350|24|25|13|0|X|40|152312201350|251|-1.40369|-48.432|G|2023-07-28|2008-06-12||6f0295f803595c7b|2032-12-22|||Belém
LIC-LIC-01|CLARO S.A.|50409307637|010|105752021|690405472|PSG BOA ESPERANÇA||PA|1501402|100MG7W|NR|SA-NSA||3350|3350|320|FB|||760|152312201350|24|25|13|0|X|40|152312201350|251|-1.40369|-48.432|G|2023-07-28|2008-06-12||6f0295f803595c7c|2032-12-22|||Belém
LIC-LIC-01|CLARO S.A.|50409307637|010|105752021|690405472|PSG BOA ESPERANÇA||PA|1501402|100MG7W|NR|SA-NSA||3350|3350|80|FB|||760|152312201350|24|25|13|0|X|40|152312201350|251|-1.40369|-48.432|G|2023-07-28|2008-06-12||6f0295f803595c7d|2032-12-22|||Belém
LIC-LIC-01|CLARO S.A.|50409307637|010|105752021|1006912484|RUA SAO RUFINO|QD2 LT47|PA|1500800|100MG7W|NR|SA-NSA||3350|3350|0|FB|||760|152312201350|24|25|13|0|X|50|152312201350|251|-1.35876|-48.37707|G|2023-08-04|2018-07-04||dd2b95f802af9c0d|2041-12-08|||Ananindeua
LIC-LIC-01|CLARO S.A.|50409307637|010|105752021|1006912484|RUA SAO RUFINO|QD2 LT47|PA|1500800|100MG7W|NR|SA-NSA||3350|3350|110|FB|||760|152312201350|24|25|13|0|X|50|152312201350|251|-1.35876|-48.37707|G|2023-08-04|2018-07-04||dd2b95f802af9c0e|2041-12-08|||Ananindeua
LIC-LIC-01|CLARO S.A.|50409307637|010|105752021|1006912484|RUA SAO RUFINO|QD2 LT47|PA|1500800|100MG7W|NR|SA-NSA||3350|3350|230|FB|||760|152312201350|24|25|13|0|X|50|152312201350|251|-1.35876|-48.37707|G|2023-08-04|2018-07-04||dd2b95f802af9c0f|2041-12-08|||Ananindeua
LIC-LIC-01|CLARO S.A.|50409307637|010|105752021|1005965029|R SEXTA||PA|1504422|100MG7W|NR|SA-NSA||2325|2325|180|FB|||760||23|28|13|0|X|48|049362201350|50|-1.36106|-48.33941|G|2023-08-15|2018-03-26||fb09f5f8034b53b7|2032-12-22|||Marituba
LIC-LIC-01|CLARO S.A.|50409307637|010|105752021|1005965029|R SEXTA||PA|1504422|100MG7W|NR|SA-NSA||2325|2325|300|FB|||760||23|28|13|0|X|48|049362201350|50|-1.36106|-48.33941|G|2023-08-15|2018-03-26||fb09f5f8034b53b8|2032-12-22|||Marituba
LIC-LIC-01|CLARO S.A.|50409307637|010|105752021|1005965029|R SEXTA||PA|1504422|100MG7W|NR|SA-NSA||2325|2325|60|FB|||760||23|28|13|0|X|48|049362201350|50|-1.36106|-48.33941|G|2023-08-15|2018-03-26||fb09f5f8034b53b9|2032-12-22|||Marituba
LIC-LIC-01|CLARO S.A.|50409307637|010|105752021|690462190|EST DO TAPANÃ||PA|1501402|100MG7W|NR|SA-NSA||3350|3350|180|FB|||760|152312201350|24|25|13|0|X|42|152312201350|251|-1.3475|-48.45778|G|2023-08-31|2008-07-08||fb09f5f80345a495|2038-04-30|||Belém
LIC-LIC-01|CLARO S.A.|50409307637|010|105752021|690462190|EST DO TAPANÃ||PA|1501402|100MG7W|NR|SA-NSA||3350|3350|270|FB|||760|152312201350|24|25|13|0|X|42|152312201350|251|-1.3475|-48.45778|G|2023-08-31|2008-07-08||fb09f5f80345a496|2038-04-30|||Belém
LIC-LIC-01|CLARO S.A.|50409307637|010|105752021|690462190|EST DO TAPANÃ||PA|1501402|100MG7W|NR|SA-NSA||3350|3350|30|FB|||760|152312201350|24|25|13|0|X|42|152312201350|251|-1.3475|-48.45778|G|2023-08-31|2008-07-08||fb09f5f80345a497|2038-04-30|||Belém
LIC-LIC-01|CLARO S.A.|50409307637|010|105752021|1006773581|RUA SÃO SEBASTIÃO||PA|1500800|80M0G7W|NR|SA-NSA||3350|3350|50|FB|||760|152312201350|24|25|13|0|X|60|152312201350|251|-1.32831|-48.37669|G|2023-11-17|2018-06-05||93a3a5f8039cea9a|2027-10-18|||Ananindeua
LIC-LIC-01|CLARO S.A.|50409307637|010|105752021|1006773581|RUA SÃO SEBASTIÃO||PA|1500800|80M0G7W|NR|SA-NSA||3350|3350|160|FB|||760|152312201350|24|25|13|0|X|60|152312201350|251|-1.32831|-48.37669|G|2023-11-17|2018-06-05||93a3a5f8039cea9b|2027-10-18|||Ananindeua
LIC-LIC-01|CLARO S.A.|50409307637|010|105752021|1006773581|RUA SÃO SEBASTIÃO||PA|1500800|80M0G7W|NR|SA-NSA||3350|3350|300|FB|||760|152312201350|24|25|13|0|X|60|152312201350|251|-1.32831|-48.37669|G|2023-11-17|2018-06-05||93a3a5f8039cea9c|2027-10-18|||Ananindeua
LIC-LIC-01|CLARO S.A.|50409307637|010|105752021|690474296|RUA ALTAMIRA||PA|1501402|80M0G7W|NR|SA-NSA||3350|3350|60|FB|||760|152312201350|24|25|13|0|X|40|152312201350|251|-1.40023|-48.45403|G|2023-11-17|2008-07-08||93a3a5f8039ceb30|2027-10-18|||Belém
LIC-LIC-01|CLARO S.A.|50409307637|010|105752021|690474296|RUA ALTAMIRA||PA|1501402|80M0G7W|NR|SA-NSA||3350|3350|180|FB|||760|152312201350|24|25|13|0|X|40|152312201350|251|-1.40023|-48.45403|G|2023-11-17|2008-07-08||93a3a5f8039ceb31|2027-10-18|||Belém
LIC-LIC-01|CLARO S.A.|50409307637|010|105752021|690474296|RUA ALTAMIRA||PA|1501402|80M0G7W|NR|SA-NSA||3350|3350|300|FB|||760|152312201350|24|25|13|0|X|40|152312201350|251|-1.40023|-48.45403|G|2023-11-17|2008-07-08||93a3a5f8039ceb32|2027-10-18|||Belém
LIC-LIC-01|CLARO S.A.|50409307637|010|105752021|690461968|TRAVESSA CAPITÃO TIBÉRIO||PA|1501402|40M0G7W|NR|SA-NSA||3350|3350|0|FB|||760|152312201350|24|25|13|0|X|31.5|152312201350|251|-1.3846|-48.45899|G|2023-11-17|2008-07-08||93a3a5f8039ceb54|2027-10-18|||Belém
LIC-LIC-01|CLARO S.A.|50409307637|010|105752021|690461968|TRAVESSA CAPITÃO TIBÉRIO||PA|1501402|40M0G7W|NR|SA-NSA||3350|3350|120|FB|||760|152312201350|24|25|13|0|X|31.5|152312201350|251|-1.3846|-48.45899|G|2023-11-17|2008-07-08||93a3a5f8039ceb55|2027-10-18|||Belém
LIC-LIC-01|CLARO S.A.|50409307637|010|105752021|690461968|TRAVESSA CAPITÃO TIBÉRIO||PA|1501402|40M0G7W|NR|SA-NSA||3350|3350|240|FB|||760|152312201350|24|25|13|0|X|31.5|152312201350|251|-1.3846|-48.45899|G|2023-11-17|2008-07-08||93a3a5f8039ceb56|2027-10-18|||Belém
LIC-LIC-01|CLARO S.A.|50409307637|010|105752021|692575006|RUA C|RUA AO LADO DO BIARRITZ - PARQUE DOS COQUEIROS|PA|1500800|100MG7W|NR|SA-NSA||3350|3350|50|FB|||760|152382201350|24.5|25|12.5|0|X|50|152382201350|223.8|-1.37439|-48.41675|G|2023-11-17|2022-06-23||93a3a5f8039ceb78|2027-10-18|||Ananindeua
LIC-LIC-01|CLARO S.A.|50409307637|010|105752021|692575006|RUA C|RUA AO LADO DO BIARRITZ - PARQUE DOS COQUEIROS|PA|1500800|100MG7W|NR|SA-NSA||3350|3350|170|FB|||760|152382201350|24.5|25|12.5|0|X|50|152382201350|223.8|-1.37439|-48.41675|G|2023-11-17|2022-06-23||93a3a5f8039ceb79|2027-10-18|||Ananindeua
LIC-LIC-01|CLARO S.A.|50409307637|010|105752021|692575006|RUA C|RUA AO LADO DO BIARRITZ - PARQUE DOS COQUEIROS|PA|1500800|100MG7W|NR|SA-NSA||3350|3350|300|FB|||760|152382201350|24.5|25|12.5|0|X|50|152382201350|223.8|-1.37439|-48.41675|G|2023-11-17|2022-06-23||93a3a5f8039ceb7a|2027-10-18|||Ananindeua
LIC-LIC-01|CLARO S.A.|50409307637|010|105752021|1014424370|PSG DEUS E BOM PAI||PA|1501402|100MG7W|NR|SA-NSA||3350|3350|0|FB|||760|152312201350|24|25|13|0|X|44|152312201350|39.8|-1.37762|-48.44401|G|2026-01-23|2022-10-25||2ce1c5f802cdf0bd|2041-12-08|||Belém
LIC-LIC-01|CLARO S.A.|50409307637|010|105752021|1014424370|PSG DEUS E BOM PAI||PA|1501402|100MG7W|NR|SA-NSA||3350|3350|140|FB|||760|152312201350|24|25|13|-2|X|44|152312201350|39.8|-1.37762|-48.44401|G|2026-01-23|2022-10-25||2ce1c5f802cdf0be|2041-12-08|||Belém
LIC-LIC-01|CLARO S.A.|50409307637|010|105752021|1014424370|PSG DEUS E BOM PAI||PA|1501402|100MG7W|NR|SA-NSA||3350|3350|250|FB|||760|152312201350|24|25|13|0|X|44|152312201350|39.8|-1.37762|-48.44401|G|2026-01-23|2022-10-25||2ce1c5f802cdf0bf|2041-12-08|||Belém
LIC-LIC-01|CLARO S.A.|50409307637|010|105752021|1014424248|R DA PAU D ARCO||PA|1500800|100MG7W|NR|SA-NSA||3350|3350|0|FB|||760|152312201350|24|25|13|-2|X|70|152312201350|251|-1.36871|-48.38327|G|2023-12-28|2022-10-25||682ed5f803dadf38|2032-12-22|||Ananindeua
LIC-LIC-01|CLARO S.A.|50409307637|010|105752021|1014424248|R DA PAU D ARCO||PA|1500800|100MG7W|NR|SA-NSA||3350|3350|120|FB|||760|152312201350|24|25|13|-2|X|70|152312201350|251|-1.36871|-48.38327|G|2023-12-28|2022-10-25||682ed5f803dadf39|2032-12-22|||Ananindeua
LIC-LIC-01|CLARO S.A.|50409307637|010|105752021|1014424248|R DA PAU D ARCO||PA|1500800|100MG7W|NR|SA-NSA||3350|3350|240|FB|||760|152312201350|24|25|13|-2|X|70|152312201350|251|-1.36871|-48.38327|G|2023-12-28|2022-10-25||682ed5f803dadf3a|2032-12-22|||Ananindeua
LIC-LIC-01|CLARO S.A.|50409307637|010|105752021|690473150|ROD BR 316||PA|1504422|50M0G7W|NR|SA-NSA||2325|2325|150|FB|||760||23|28|13|0|X|65|049362201350|50|-1.36091|-48.3114|G|2024-01-05|2008-07-29||5b17d5f8041d2776|2032-12-22|||Marituba
LIC-LIC-01|CLARO S.A.|50409307637|010|105752021|690473150|ROD BR 316||PA|1504422|50M0G7W|NR|SA-NSA||2325|2325|270|FB|||760||23|28|13|0|X|65|049362201350|50|-1.36091|-48.3114|G|2024-01-05|2008-07-29||5b17d5f8041d2777|2032-12-22|||Marituba
LIC-LIC-01|CLARO S.A.|50409307637|010|105752021|690473150|ROD BR 316||PA|1504422|50M0G7W|NR|SA-NSA||2325|2325|30|FB|||760||23|28|13|0|X|65|049362201350|50|-1.36091|-48.3114|G|2024-01-05|2008-07-29||5b17d5f8041d2778|2032-12-22|||Marituba
LIC-LIC-01|CLARO S.A.|50409307637|010|105752021|690458215|PSG ÁS DE OURO||PA|1500800|100MG7W|NR|SA-NSA||3350|3350|50|FB|||760|152312201350|24|25|13|0|X|48|152312201350|251|-1.36917|-48.395|G|2024-09-20|2008-06-19||1a6cd5f803f21643|2041-12-08|||Ananindeua
LIC-LIC-01|CLARO S.A.|50409307637|010|105752021|690458215|PSG ÁS DE OURO||PA|1500800|100MG7W|NR|SA-NSA||3350|3350|150|FB|||760|152312201350|24|25|13|0|X|48|152312201350|251|-1.36917|-48.395|G|2024-09-20|2008-06-19||1a6cd5f803f21644|2041-12-08|||Ananindeua
LIC-LIC-01|CLARO S.A.|50409307637|010|105752021|690458215|PSG ÁS DE OURO||PA|1500800|100MG7W|NR|SA-NSA||3350|3350|290|FB|||760|152312201350|24|25|13|0|X|48|152312201350|251|-1.36917|-48.395|G|2024-09-20|2008-06-19||1a6cd5f803f21645|2041-12-08|||Ananindeua
LIC-LIC-01|CLARO S.A.|50409307637|010|105752021|690461399|PSG PIRES FRANCO||PA|1501402|70M0G7W|NR|SA-NSA||3350|3350|0|FB|||760|152312201350|24|25|13|0|X|36|152312201350|251|-1.41799|-48.44876|G|2025-09-09|2008-06-19||292ce5f803e3af16|2041-12-08|||Belém
LIC-LIC-01|CLARO S.A.|50409307637|010|105752021|690461399|PSG PIRES FRANCO||PA|1501402|70M0G7W|NR|SA-NSA||3350|3350|120|FB|||760|152312201350|24|25|13|0|X|36|152312201350|251|-1.41799|-48.44876|G|2025-09-09|2008-06-19||292ce5f803e3af17|2041-12-08|||Belém
LIC-LIC-01|CLARO S.A.|50409307637|010|105752021|690461399|PSG PIRES FRANCO||PA|1501402|70M0G7W|NR|SA-NSA||3350|3350|240|FB|||760|152312201350|24|25|13|0|X|36|152312201350|251|-1.41799|-48.44876|G|2025-09-09|2008-06-19||292ce5f803e3af18|2041-12-08|||Belém
LIC-LIC-01|CLARO S.A.|50409307637|010|105752021|690461909|PSG OTIL||PA|1501402|100MG7W|NR|SA-NSA||3350|3350|110|FB|||760|152312201350|24|25|13|0|X|41.4|152312201350|251|-1.40783|-48.42769|G|2024-04-04|2008-07-08||292ce5f803e3af3a|2041-12-08|||Belém
LIC-LIC-01|CLARO S.A.|50409307637|010|105752021|690461909|PSG OTIL||PA|1501402|100MG7W|NR|SA-NSA||3350|3350|200|FB|||760|152312201350|24|25|13|0|X|41.4|152312201350|251|-1.40783|-48.42769|G|2024-04-04|2008-07-08||292ce5f803e3af3b|2041-12-08|||Belém
LIC-LIC-01|CLARO S.A.|50409307637|010|105752021|690461909|PSG OTIL||PA|1501402|100MG7W|NR|SA-NSA||3350|3350|340|FB|||760|152312201350|24|25|13|-2|X|41.4|152312201350|251|-1.40783|-48.42769|G|2024-04-04|2008-07-08||292ce5f803e3af3c|2041-12-08|||Belém
LIC-LIC-01|CLARO S.A.|50409307637|010|105752021|1014447116|ESTRADA DO TAPANA||PA|1501402|90M0G7W|NR|SA-NSA||3350|3350|70|FB|||760|152312201350|24|25|13|0|X|36.5|152312201350|251|-1.34996|-48.45764|G|2024-06-10|2022-11-04||140be5f803cdc2da|2041-12-08|||Belém
LIC-LIC-01|CLARO S.A.|50409307637|010|105752021|1014447116|ESTRADA DO TAPANA||PA|1501402|90M0G7W|NR|SA-NSA||3350|3350|170|FB|||760|152312201350|24|25|13|0|X|36.5|152312201350|251|-1.34996|-48.45764|G|2024-06-10|2022-11-04||140be5f803cdc2db|2041-12-08|||Belém
LIC-LIC-01|CLARO S.A.|50409307637|010|105752021|1014447116|ESTRADA DO TAPANA||PA|1501402|90M0G7W|NR|SA-NSA||3350|3350|270|FB|||760|152312201350|24|25|13|0|X|36.5|152312201350|251|-1.34996|-48.45764|G|2024-06-10|2022-11-04||140be5f803cdc2dc|2041-12-08|||Belém
LIC-LIC-01|CLARO S.A.|50409307637|010|105752021|1014370164|TV WE-10 (CJ SATELITE)||PA|1501402|100MG7W|NR|SA-NSA||3350|3350|160|FB|||760|152312201350|24|25|13|0|X|60|152312201350|251|-1.33925|-48.43778|G|2024-02-27|2022-10-20||140be5f803cdc2fe|2041-12-08|||Belém
LIC-LIC-01|CLARO S.A.|50409307637|010|105752021|1014370164|TV WE-10 (CJ SATELITE)||PA|1501402|100MG7W|NR|SA-NSA||3350|3350|20|FB|||760|152312201350|24|25|13|0|X|60|152312201350|251|-1.33925|-48.43778|G|2024-02-27|2022-10-20||140be5f803cdc2ff|2041-12-08|||Belém
LIC-LIC-01|CLARO S.A.|50409307637|010|105752021|1014370164|TV WE-10 (CJ SATELITE)||PA|1501402|100MG7W|NR|SA-NSA||3350|3350|280|FB|||760|152312201350|24|25|13|-1|X|60|152312201350|251|-1.33925|-48.43778|G|2024-02-27|2022-10-20||140be5f803cdc300|2041-12-08|||Belém
LIC-LIC-01|CLARO S.A.|50409307637|010|105752021|690458282|EST DA VILA NOVA|FRENTE DO SITE PARA A PASSAGEM NAGOIA|PA|1500800|100MG7W|NR|SA-NSA||3350|3350|140|FB|||760|152382201350|24.5|25|12.5|-1|X|40|152382201350|223.8|-1.36517|-48.41165|G|2024-03-06|2008-06-19||e5aee5f8054d4a56|2041-12-08|||Ananindeua
LIC-LIC-01|CLARO S.A.|50409307637|010|105752021|690458282|EST DA VILA NOVA|FRENTE DO SITE PARA A PASSAGEM NAGOIA|PA|1500800|100MG7W|NR|SA-NSA||3350|3350|20|FB|||760|152382201350|24.5|25|12.5|-1|X|40|152382201350|223.8|-1.36517|-48.41165|G|2024-03-06|2008-06-19||e5aee5f8054d4a57|2041-12-08|||Ananindeua
LIC-LIC-01|CLARO S.A.|50409307637|010|105752021|690458282|EST DA VILA NOVA|FRENTE DO SITE PARA A PASSAGEM NAGOIA|PA|1500800|100MG7W|NR|SA-NSA||3350|3350|260|FB|||760|152382201350|24.5|25|12.5|-1|X|40|152382201350|223.8|-1.36517|-48.41165|G|2024-03-06|2008-06-19||e5aee5f8054d4a58|2041-12-08|||Ananindeua
LIC-LIC-01|CLARO S.A.|50409307637|010|105752021|692574832|PSG SÃO JOÃO|LOTE 33  QUADRA 183|PA|1501402|90M0G7W|NR|SA-NSA||3350|3350|190|FB|||760|152312201350|24|25|13|0|X|42|152312201350|251|-1.36196|-48.43496|G|2024-03-28|2010-08-09||16e0e5f803370bad|2041-12-08|||Belém
LIC-LIC-01|CLARO S.A.|50409307637|010|105752021|692574832|PSG SÃO JOÃO|LOTE 33  QUADRA 183|PA|1501402|90M0G7W|NR|SA-NSA||3350|3350|310|FB|||760|152312201350|24|25|13|0|X|42|152312201350|251|-1.36196|-48.43496|G|2024-03-28|2010-08-09||16e0e5f803370bae|2041-12-08|||Belém
LIC-LIC-01|CLARO S.A.|50409307637|010|105752021|692574832|PSG SÃO JOÃO|LOTE 33  QUADRA 183|PA|1501402|90M0G7W|NR|SA-NSA||3350|3350|70|FB|||760|152312201350|24|25|13|0|X|42|152312201350|251|-1.36196|-48.43496|G|2024-03-28|2010-08-09||16e0e5f803370baf|2041-12-08|||Belém
LIC-LIC-01|CLARO S.A.|50409307637|010|105752021|1014424183|AV DALVA||PA|1501402|100MG7W|NR|SA-NSA||3350|3350|0|FB|||760|152312201350|24|25|13|0|X|35|152312201350|251|-1.40442|-48.43972|G|2024-04-02|2022-10-25||9bc2e5f80268576b|2041-12-08|||Belém
LIC-LIC-01|CLARO S.A.|50409307637|010|105752021|1014424183|AV DALVA||PA|1501402|100MG7W|NR|SA-NSA||3350|3350|120|FB|||760|152312201350|24|25|13|0|X|35|152312201350|251|-1.40442|-48.43972|G|2024-04-02|2022-10-25||9bc2e5f80268576c|2041-12-08|||Belém
LIC-LIC-01|CLARO S.A.|50409307637|010|105752021|1014424183|AV DALVA||PA|1501402|100MG7W|NR|SA-NSA||3350|3350|250|FB|||760|152312201350|24|25|13|-1|X|35|152312201350|251|-1.40442|-48.43972|G|2024-04-02|2022-10-25||9bc2e5f80268576d|2041-12-08|||Belém
LIC-LIC-01|CLARO S.A.|50409307637|010|105752021|1014497458|R 1|COQUEIRO|PA|1501402|100MG7W|NR|SA-NSA||3350|3350|0|FB|||760|152312201350|24|25|13|-1.5|X|50|152312201350|251|-1.35044|-48.44928|G|2024-04-05|2022-11-23||e59de5f8041bd23b|2041-12-08|||Belém
LIC-LIC-01|CLARO S.A.|50409307637|010|105752021|1014497458|R 1|COQUEIRO|PA|1501402|100MG7W|NR|SA-NSA||3350|3350|120|FB|||760|152312201350|24|25|13|-2|X|50|152312201350|251|-1.35044|-48.44928|G|2024-04-05|2022-11-23||e59de5f8041bd23c|2041-12-08|||Belém
LIC-LIC-01|CLARO S.A.|50409307637|010|105752021|1014497458|R 1|COQUEIRO|PA|1501402|100MG7W|NR|SA-NSA||3350|3350|220|FB|||760|152312201350|24|25|13|0|X|50|152312201350|251|-1.35044|-48.44928|G|2024-04-05|2022-11-23||e59de5f8041bd23d|2041-12-08|||Belém
LIC-LIC-01|CLARO S.A.|50409307637|010|105752021|1014424140|TV SARGENTO MUNIZ||PA|1501402|70M0G7W|NR|SA-NSA||3350|3350|0|FB|||760|152312201350|24|25|13|0|X|40|152312201350|251|-1.38029|-48.45641|G|2024-04-05|2022-10-25||e59de5f8041bd2af|2041-12-08|||Belém
LIC-LIC-01|CLARO S.A.|50409307637|010|105752021|1014424140|TV SARGENTO MUNIZ||PA|1501402|70M0G7W|NR|SA-NSA||3350|3350|160|FB|||760|152312201350|24|25|13|0|X|40|152312201350|251|-1.38029|-48.45641|G|2024-04-05|2022-10-25||e59de5f8041bd2b0|2041-12-08|||Belém
LIC-LIC-01|CLARO S.A.|50409307637|010|105752021|1014424140|TV SARGENTO MUNIZ||PA|1501402|70M0G7W|NR|SA-NSA||3350|3350|60|FB|||760|152312201350|24|25|13|0|X|40|152312201350|251|-1.38029|-48.45641|G|2024-04-05|2022-10-25||e59de5f8041bd2b1|2041-12-08|||Belém
LIC-LIC-01|CLARO S.A.|50409307637|010|105752021|690425589|EST DO CAIXA PARA||PA|1500800|100MG7W|NR|SA-NSA||3350|3350|190|FB|||760|152312201350|24|25|13|0|X|53|152312201350|251|-1.38494|-48.40733|G|2024-05-14|2008-06-12||3856e5f86bd7e4f4|2041-12-08|||Ananindeua
LIC-LIC-01|CLARO S.A.|50409307637|010|105752021|690425589|EST DO CAIXA PARA||PA|1500800|100MG7W|NR|SA-NSA||3350|3350|310|FB|||760|152312201350|24|25|13|-1.5|X|53|152312201350|251|-1.38494|-48.40733|G|2024-05-14|2008-06-12||3856e5f86bd7e4f5|2041-12-08|||Ananindeua
LIC-LIC-01|CLARO S.A.|50409307637|010|105752021|690425589|EST DO CAIXA PARA||PA|1500800|100MG7W|NR|SA-NSA||3350|3350|70|FB|||760|152312201350|24|25|13|-1.5|X|53|152312201350|251|-1.38494|-48.40733|G|2024-05-14|2008-06-12||3856e5f86bd7e4f6|2041-12-08|||Ananindeua
LIC-LIC-01|CLARO S.A.|50409307637|010|105752021|1014459653|ROD BR 316|ESTACAO TELEMAR|PA|1500800|100MG7W|NR|SA-NSA||3350|3350|160|FB|||760|152312201350|24|25|13|-2|X|78|152312201350|251|-1.36789|-48.373|G|2024-05-14|2022-11-08||3856e5f86bd7e515|2041-12-08|||Ananindeua
LIC-LIC-01|CLARO S.A.|50409307637|010|105752021|1014459653|ROD BR 316|ESTACAO TELEMAR|PA|1500800|100MG7W|NR|SA-NSA||3350|3350|260|FB|||760|152312201350|24|25|13|-3|X|78|152312201350|251|-1.36789|-48.373|G|2024-05-14|2022-11-08||3856e5f86bd7e516|2041-12-08|||Ananindeua
LIC-LIC-01|CLARO S.A.|50409307637|010|105752021|690462212|R ALAMEDA DOIS|CONJUNTO MAGUARI|PA|1501402|90M0G7W|NR|SA-NSA||3350|3350|140|FB|||760|152312201350|24|25|13|0|X|40|152312201350|251|-1.33389|-48.44833|G|2024-11-08|2008-07-08||3856e5f86bd7e547|2041-12-08|||Belém
LIC-LIC-01|CLARO S.A.|50409307637|010|105752021|690462212|R ALAMEDA DOIS|CONJUNTO MAGUARI|PA|1501402|90M0G7W|NR|SA-NSA||3350|3350|20|FB|||760|152312201350|24|25|13|0|X|40|152312201350|251|-1.33389|-48.44833|G|2024-11-08|2008-07-08||3856e5f86bd7e548|2041-12-08|||Belém
LIC-LIC-01|CLARO S.A.|50409307637|010|105752021|690462212|R ALAMEDA DOIS|CONJUNTO MAGUARI|PA|1501402|90M0G7W|NR|SA-NSA||3350|3350|260|FB|||760|152312201350|24|25|13|0|X|40|152312201350|251|-1.33389|-48.44833|G|2024-11-08|2008-07-08||3856e5f86bd7e549|2041-12-08|||Belém
LIC-LIC-01|CLARO S.A.|50409307637|010|105752021|690476779|PSG ALACID NUNES|ESQUINA COM ALAMEDA SÃO PEDRO|PA|1501402|70M0G7W|NR|SA-NSA||3350|3350|180|FB|||760|152312201350|24|25|13|0|X|38.5|152312201350|251|-1.32599|-48.43853|G|2024-11-08|2008-07-08||3856e5f86bd7e56d|2041-12-08|||Belém
LIC-LIC-01|CLARO S.A.|50409307637|010|105752021|690476779|PSG ALACID NUNES|ESQUINA COM ALAMEDA SÃO PEDRO|PA|1501402|70M0G7W|NR|SA-NSA||3350|3350|310|FB|||760|152312201350|24|25|13|0|X|38.5|152312201350|251|-1.32599|-48.43853|G|2024-11-08|2008-07-08||3856e5f86bd7e56e|2041-12-08|||Belém
LIC-LIC-01|CLARO S.A.|50409307637|010|105752021|690476779|PSG ALACID NUNES|ESQUINA COM ALAMEDA SÃO PEDRO|PA|1501402|70M0G7W|NR|SA-NSA||3350|3350|60|FB|||760|152312201350|24|25|13|0|X|38.5|152312201350|251|-1.32599|-48.43853|G|2024-11-08|2008-07-08||3856e5f86bd7e56f|2041-12-08|||Belém
LIC-LIC-01|CLARO S.A.|50409307637|010|105752021|1006632120|R ATENAS||PA|1501402|80M0G7W|NR|SA-NSA||3350|3350|140|FB|||760|152312201350|24|25|13|0|X|44.2|152312201350|251|-1.33859|-48.45799|G|2024-05-15|2018-05-17||3856e5f894c60fb8|2041-12-08|||Belém
LIC-LIC-01|CLARO S.A.|50409307637|010|105752021|1006632120|R ATENAS||PA|1501402|80M0G7W|NR|SA-NSA||3350|3350|20|FB|||760|152312201350|24|25|13|0|X|44.2|152312201350|251|-1.33859|-48.45799|G|2024-05-15|2018-05-17||3856e5f894c60fb9|2041-12-08|||Belém
LIC-LIC-01|CLARO S.A.|50409307637|010|105752021|1006632120|R ATENAS||PA|1501402|80M0G7W|NR|SA-NSA||3350|3350|260|FB|||760|152312201350|24|25|13|0|X|44.2|152312201350|251|-1.33859|-48.45799|G|2024-05-15|2018-05-17||3856e5f894c60fba|2041-12-08|||Belém
LIC-LIC-01|CLARO S.A.|50409307637|010|105752021|1015805130|R JOSE MARCELINO DE OLIVEIRA||PA|1500800|100MG7W|NR|SA-NSA||3350|3350|140|FB|||760|152312201350|24|25|13|0|X|45|152312201350|251|-1.35577|-48.37185|G|2024-05-14|2024-05-14||3856e5f8716afc7b|2041-12-08|||Ananindeua
LIC-LIC-01|CLARO S.A.|50409307637|010|105752021|1015805130|R JOSE MARCELINO DE OLIVEIRA||PA|1500800|100MG7W|NR|SA-NSA||3350|3350|20|FB|||760|152312201350|24|25|13|0|X|45|152312201350|251|-1.35577|-48.37185|G|2024-05-14|2024-05-14||3856e5f8716afc7c|2041-12-08|||Ananindeua
LIC-LIC-01|CLARO S.A.|50409307637|010|105752021|1015805130|R JOSE MARCELINO DE OLIVEIRA||PA|1500800|100MG7W|NR|SA-NSA||3350|3350|260|FB|||760|152312201350|24|25|13|0|X|45|152312201350|251|-1.35577|-48.37185|G|2024-05-14|2024-05-14||3856e5f8716afc7d|2041-12-08|||Ananindeua
LIC-LIC-01|CLARO S.A.|50409307637|010|105752021|1006009814|TV SÃO FRANCISCO|TRAVESSA SÃO FRANCISCO 309 – LOTE 309 ( TREZENTOS E NOVE) DA QUADRA 15 ( QUINZE)|PA|1500800|60M0G7W|NR|SA-NSA||3350|3350|170|FB|||760|152312201350|24|25|13|0|X|45|152312201350|251|-1.39191|-48.36838|G|2024-05-14|2018-03-27||3856e5f8716afec1|2041-12-08|||Ananindeua
LIC-LIC-01|CLARO S.A.|50409307637|010|105752021|1006009814|TV SÃO FRANCISCO|TRAVESSA SÃO FRANCISCO 309 – LOTE 309 ( TREZENTOS E NOVE) DA QUADRA 15 ( QUINZE)|PA|1500800|60M0G7W|NR|SA-NSA||3350|3350|20|FB|||760|152312201350|24|25|13|0|X|45|152312201350|251|-1.39191|-48.36838|G|2024-05-14|2018-03-27||3856e5f8716afec2|2041-12-08|||Ananindeua
LIC-LIC-01|CLARO S.A.|50409307637|010|105752021|1006009814|TV SÃO FRANCISCO|TRAVESSA SÃO FRANCISCO 309 – LOTE 309 ( TREZENTOS E NOVE) DA QUADRA 15 ( QUINZE)|PA|1500800|60M0G7W|NR|SA-NSA||3350|3350|290|FB|||760|152312201350|24|25|13|0|X|45|152312201350|251|-1.39191|-48.36838|G|2024-05-14|2018-03-27||3856e5f8716afec3|2041-12-08|||Ananindeua
LIC-LIC-01|CLARO S.A.|50409307637|010|105752021|1005347619|TV WE 2||PA|1501402|100MG7W|NR|SA-NSA||3350|3350|180|FB|||760|152312201350|24|25|13|0|X|44|152312201350|251|-1.3444|-48.44502|G|2024-05-08|2017-12-07||3856e5f8669dd111|2041-12-08|||Belém
LIC-LIC-01|CLARO S.A.|50409307637|010|105752021|1005347619|TV WE 2||PA|1501402|100MG7W|NR|SA-NSA||3350|3350|280|FB|||760|152312201350|24|25|13|0|X|44|152312201350|251|-1.3444|-48.44502|G|2024-05-08|2017-12-07||3856e5f8669dd112|2041-12-08|||Belém
LIC-LIC-01|CLARO S.A.|50409307637|010|105752021|1005347619|TV WE 2||PA|1501402|100MG7W|NR|SA-NSA||3350|3350|30|FB|||760|152312201350|24|25|13|0|X|44|152312201350|251|-1.3444|-48.44502|G|2024-05-08|2017-12-07||3856e5f8669dd113|2041-12-08|||Belém
LIC-LIC-01|CLARO S.A.|50409307637|010|105752021|1015827222|R TERCEIRA|ELO PERDIDO I|PA|1500800|90M0G7W|NR|SA-NSA||3350|3350|0|FB|||760|152312201350|24|25|13|0|X|32|152312201350|251|-1.35518|-48.36492|G|2024-05-31|2024-05-31||3856e5f8a9f249f7|2041-12-08|||Ananindeua
LIC-LIC-01|CLARO S.A.|50409307637|010|105752021|1015827222|R TERCEIRA|ELO PERDIDO I|PA|1500800|90M0G7W|NR|SA-NSA||3350|3350|120|FB|||760|152312201350|24|25|13|0|X|32|152312201350|251|-1.35518|-48.36492|G|2024-05-31|2024-05-31||3856e5f8a9f249f8|2041-12-08|||Ananindeua
LIC-LIC-01|CLARO S.A.|50409307637|010|105752021|1015827222|R TERCEIRA|ELO PERDIDO I|PA|1500800|90M0G7W|NR|SA-NSA||3350|3350|220|FB|||760|152312201350|24|25|13|0|X|32|152312201350|251|-1.35518|-48.36492|G|2024-05-31|2024-05-31||3856e5f8a9f249f9|2041-12-08|||Ananindeua
LIC-LIC-01|CLARO S.A.|50409307637|010|105752021|1015827230|R MONTE ALEGRE (CJ NOVA ESPERANÇA)|LOTE 17  QUADRA 243|PA|1500800|100MG7W|NR|SA-NSA||3350|3350|0|FB|||760|152312201350|24|25|13|0|X|36.5|152312201350|251|-1.34556|-48.41208|G|2024-05-31|2024-05-31||3856e5f8a9f24a06|2041-12-08|||Ananindeua
LIC-LIC-01|CLARO S.A.|50409307637|010|105752021|1015827230|R MONTE ALEGRE (CJ NOVA ESPERANÇA)|LOTE 17  QUADRA 243|PA|1500800|100MG7W|NR|SA-NSA||3350|3350|120|FB|||760|152312201350|24|25|13|0|X|36.5|152312201350|251|-1.34556|-48.41208|G|2024-05-31|2024-05-31||3856e5f8a9f24a07|2041-12-08|||Ananindeua
LIC-LIC-01|CLARO S.A.|50409307637|010|105752021|1015827230|R MONTE ALEGRE (CJ NOVA ESPERANÇA)|LOTE 17  QUADRA 243|PA|1500800|100MG7W|NR|SA-NSA||3350|3350|240|FB|||760|152312201350|24|25|13|0|X|36.5|152312201350|251|-1.34556|-48.41208|G|2024-05-31|2024-05-31||3856e5f8a9f24a08|2041-12-08|||Ananindeua
LIC-LIC-01|CLARO S.A.|50409307637|010|105752021|1015838097|ROD DO MÁRIO COVAS|ACESSO PELA PASS COIMBRA|PA|1500800|100MG7W|NR|SA-NSA||3350|3350|310|FB|||760|152312201350|24|25|13|0|X|32|152312201350|251|-1.35647|-48.42475|G|2024-11-06|2024-06-07||9f133648b9163d96|2041-12-08|||Ananindeua
LIC-LIC-01|CLARO S.A.|50409307637|010|105752021|1015838097|ROD DO MÁRIO COVAS|ACESSO PELA PASS COIMBRA|PA|1500800|100MG7W|NR|SA-NSA||3350|3350|80|FB|||760|152312201350|24|25|13|0|X|32|152312201350|251|-1.35647|-48.42475|G|2024-11-06|2024-06-07||9f133648b9163d97|2041-12-08|||Ananindeua
LIC-LIC-01|CLARO S.A.|50409307637|010|105752021|1015838097|ROD DO MÁRIO COVAS|ACESSO PELA PASS COIMBRA|PA|1500800|100MG7W|NR|SA-NSA||3350|3350|190|FB|||760|152312201350|24|25|13|0|X|32|152312201350|251|-1.35647|-48.42475|G|2024-11-06|2024-06-07||9f133648b9163d98|2041-12-08|||Ananindeua
LIC-LIC-01|CLARO S.A.|50409307637|010|105752021|1015839611|RUA DAS FLORES|QD 07  LOT GIRASSOL|PA|1500800|50M0G7W|NR|SA-NSA||3350|3350|70|FB|||760|152312201350|24|25|13|0|X|35|152312201350|251|-1.40072|-48.37087|G|2024-06-10|2024-06-10||9f133648be5a3980|2041-12-08|||Ananindeua
LIC-LIC-01|CLARO S.A.|50409307637|010|105752021|1015839611|RUA DAS FLORES|QD 07  LOT GIRASSOL|PA|1500800|50M0G7W|NR|SA-NSA||3350|3350|210|FB|||760|152312201350|24|25|13|0|X|35|152312201350|251|-1.40072|-48.37087|G|2024-06-10|2024-06-10||9f133648be5a3981|2041-12-08|||Ananindeua
LIC-LIC-01|CLARO S.A.|50409307637|010|105752021|1015839611|RUA DAS FLORES|QD 07  LOT GIRASSOL|PA|1500800|50M0G7W|NR|SA-NSA||3350|3350|310|FB|||760|152312201350|24|25|13|0|X|35|152312201350|251|-1.40072|-48.37087|G|2024-06-10|2024-06-10||9f133648be5a3982|2041-12-08|||Ananindeua
LIC-LIC-01|CLARO S.A.|50409307637|010|105752021|1015839620|RUA JIBÓIA BRANCA|DISTRITO 10  QD 43  LT 8|PA|1500800|80M0G7W|NR|SA-NSA||3350|3350|0|FB|||760|152312201350|24|25|13|0|X|42|152312201350|251|-1.34436|-48.42817|G|2024-06-10|2024-06-10||9f133648be5a3991|2041-12-08|||Ananindeua
LIC-LIC-01|CLARO S.A.|50409307637|010|105752021|1015839620|RUA JIBÓIA BRANCA|DISTRITO 10  QD 43  LT 8|PA|1500800|80M0G7W|NR|SA-NSA||3350|3350|120|FB|||760|152312201350|24|25|13|0|X|42|152312201350|251|-1.34436|-48.42817|G|2024-06-10|2024-06-10||9f133648be5a3992|2041-12-08|||Ananindeua
LIC-LIC-01|CLARO S.A.|50409307637|010|105752021|1015839620|RUA JIBÓIA BRANCA|DISTRITO 10  QD 43  LT 8|PA|1500800|80M0G7W|NR|SA-NSA||3350|3350|240|FB|||760|152312201350|24|25|13|0|X|42|152312201350|251|-1.34436|-48.42817|G|2024-06-10|2024-06-10||9f133648be5a3993|2041-12-08|||Ananindeua
LIC-LIC-01|CLARO S.A.|50409307637|010|105752021|1015839638|ALAMEDA TIA FLOR||PA|1500800|60M0G7W|NR|SA-NSA||3350|3350|20|FB|||760|152312201350|24|25|13|0|X|38|152312201350|251|-1.35221|-48.37667|G|2024-06-10|2024-06-10||9f133648be5a3994|2041-12-08|||Ananindeua
LIC-LIC-01|CLARO S.A.|50409307637|010|105752021|1015839638|ALAMEDA TIA FLOR||PA|1500800|60M0G7W|NR|SA-NSA||3350|3350|140|FB|||760|152312201350|24|25|13|-1|X|38|152312201350|251|-1.35221|-48.37667|G|2024-06-10|2024-06-10||9f133648be5a3995|2041-12-08|||Ananindeua
LIC-LIC-01|CLARO S.A.|50409307637|010|105752021|1015839638|ALAMEDA TIA FLOR||PA|1500800|60M0G7W|NR|SA-NSA||3350|3350|260|FB|||760|152312201350|24|25|13|0|X|38|152312201350|251|-1.35221|-48.37667|G|2024-06-10|2024-06-10||9f133648be5a3996|2041-12-08|||Ananindeua
LIC-LIC-01|CLARO S.A.|50409307637|010|105752021|1015930147|R DISTRITO INDUSTRIAL|LOTE DOIS  SETOR H  QD 3|PA|1500800|70M0G7W|NR|SA-NSA||3350|3350|0|FB|||760|152312201350|24|25|13|0|X|48.5|152312201350|251|-1.3251|-48.35232|G|2025-02-14|2024-07-08||9f133648f740e04f|2041-12-08|||Ananindeua
LIC-LIC-01|CLARO S.A.|50409307637|010|105752021|1015930147|R DISTRITO INDUSTRIAL|LOTE DOIS  SETOR H  QD 3|PA|1500800|70M0G7W|NR|SA-NSA||3350|3350|130|FB|||760|152312201350|24|25|13|0|X|48.5|152312201350|251|-1.3251|-48.35232|G|2025-02-14|2024-07-08||9f133648f740e050|2041-12-08|||Ananindeua
LIC-LIC-01|CLARO S.A.|50409307637|010|105752021|1015930147|R DISTRITO INDUSTRIAL|LOTE DOIS  SETOR H  QD 3|PA|1500800|70M0G7W|NR|SA-NSA||3350|3350|250|FB|||760|152312201350|24|25|13|0|X|48.5|152312201350|251|-1.3251|-48.35232|G|2025-02-14|2024-07-08||9f133648f740e051|2041-12-08|||Ananindeua
LIC-LIC-01|CLARO S.A.|50409307637|010|105752021|1015930155|PASSAGEM SÃO PEDRO||PA|1500800|100MG7W|NR|SA-NSA||3350|3350|60|FB|||760|152312201350|24|25|13|0|X|39|152312201350|251|-1.38288|-48.4176|G|2024-07-08|2024-07-08||9f133648f740e05e|2041-12-08|||Ananindeua
LIC-LIC-01|CLARO S.A.|50409307637|010|105752021|1015930155|PASSAGEM SÃO PEDRO||PA|1500800|100MG7W|NR|SA-NSA||3350|3350|180|FB|||760|152312201350|24|25|13|0|X|39|152312201350|251|-1.38288|-48.4176|G|2024-07-08|2024-07-08||9f133648f740e05f|2041-12-08|||Ananindeua
LIC-LIC-01|CLARO S.A.|50409307637|010|105752021|1015930155|PASSAGEM SÃO PEDRO||PA|1500800|100MG7W|NR|SA-NSA||3350|3350|300|FB|||760|152312201350|24|25|13|0|X|39|152312201350|251|-1.38288|-48.4176|G|2024-07-08|2024-07-08||9f133648f740e060|2041-12-08|||Ananindeua
LIC-LIC-01|CLARO S.A.|50409307637|010|105752021|1015930163|PAS PROVIDÊNCIA||PA|1500800|100MG7W|NR|SA-NSA||3350|3350|0|FB|||760|152312201350|24|25|13|0|X|40|152312201350|251|-1.37803|-48.4101|G|2024-07-08|2024-07-08||9f133648f740e064|2041-12-08|||Ananindeua
LIC-LIC-01|CLARO S.A.|50409307637|010|105752021|1015930163|PAS PROVIDÊNCIA||PA|1500800|100MG7W|NR|SA-NSA||3350|3350|120|FB|||760|152312201350|24|25|13|0|X|40|152312201350|251|-1.37803|-48.4101|G|2024-07-08|2024-07-08||9f133648f740e065|2041-12-08|||Ananindeua
LIC-LIC-01|CLARO S.A.|50409307637|010|105752021|1015930163|PAS PROVIDÊNCIA||PA|1500800|100MG7W|NR|SA-NSA||3350|3350|240|FB|||760|152312201350|24|25|13|0|X|40|152312201350|251|-1.37803|-48.4101|G|2024-07-08|2024-07-08||9f133648f740e066|2041-12-08|||Ananindeua
LIC-LIC-01|CLARO S.A.|50409307637|010|105752021|1015930384|AV ARTÉRIA A-18|ATUAL DOM VICENTE ZICO|PA|1500800|90M0G7W|NR|SA-NSA||3350|3350|160|FB|||760|152312201350|24|25|13|0|X|49|152312201350|251|-1.35123|-48.40879|G|2024-07-08|2024-07-08||9f13364848a0fd0f|2041-12-08|||Ananindeua
LIC-LIC-01|CLARO S.A.|50409307637|010|105752021|1015930384|AV ARTÉRIA A-18|ATUAL DOM VICENTE ZICO|PA|1500800|90M0G7W|NR|SA-NSA||3350|3350|280|FB|||760|152312201350|24|25|13|0|X|49|152312201350|251|-1.35123|-48.40879|G|2024-07-08|2024-07-08||9f13364848a0fd10|2041-12-08|||Ananindeua
LIC-LIC-01|CLARO S.A.|50409307637|010|105752021|1015930384|AV ARTÉRIA A-18|ATUAL DOM VICENTE ZICO|PA|1500800|90M0G7W|NR|SA-NSA||3350|3350|40|FB|||760|152312201350|24|25|13|0|X|49|152312201350|251|-1.35123|-48.40879|G|2024-07-08|2024-07-08||9f13364848a0fd11|2041-12-08|||Ananindeua
LIC-LIC-01|CLARO S.A.|50409307637|010|105752021|1014459637|AL PRIMAVERA|PAAIU40 / OI PAAIU2229|PA|1500800|100MG7W|NR|SA-NSA||3350|3350|70|FB|||760|152312201350|24|25|13|-1|X|71.5|152312201350|39.8|-1.33981|-48.41708|G|2026-04-08|2022-11-08||c29a3648b122008d|2041-12-08|||Ananindeua
LIC-LIC-01|CLARO S.A.|50409307637|010|105752021|1014459637|AL PRIMAVERA|PAAIU40 / OI PAAIU2229|PA|1500800|100MG7W|NR|SA-NSA||3350|3350|170|FB|||760|152312201350|24|25|13|-2|X|71.5|152312201350|39.8|-1.33981|-48.41708|G|2026-04-08|2022-11-08||c29a3648b122008e|2041-12-08|||Ananindeua
LIC-LIC-01|CLARO S.A.|50409307637|010|105752021|1014459637|AL PRIMAVERA|PAAIU40 / OI PAAIU2229|PA|1500800|100MG7W|NR|SA-NSA||3350|3350|300|FB|||760|152312201350|24|25|13|-1|X|71.5|152312201350|39.8|-1.33981|-48.41708|G|2026-04-08|2022-11-08||c29a3648b122008f|2041-12-08|||Ananindeua
LIC-LIC-01|CLARO S.A.|50409307637|010|105752021|1014476426|TV WE 84||PA|1500800|100MG7W|NR|SA-NSA||3350|3350|70|FB|||760|152312201350|24|25|13|0|X|61.4|152312201350|251|-1.3455|-48.39642|G|2024-08-02|2022-11-16||c29a3648b122009f|2041-12-08|||Ananindeua
LIC-LIC-01|CLARO S.A.|50409307637|010|105752021|1014476426|TV WE 84||PA|1500800|100MG7W|NR|SA-NSA||3350|3350|180|FB|||760|152312201350|24|25|13|-2|X|61.4|152312201350|251|-1.3455|-48.39642|G|2024-08-02|2022-11-16||c29a3648b12200a0|2041-12-08|||Ananindeua
LIC-LIC-01|CLARO S.A.|50409307637|010|105752021|1014476426|TV WE 84||PA|1500800|100MG7W|NR|SA-NSA||3350|3350|280|FB|||760|152312201350|24|25|13|-1|X|61.4|152312201350|251|-1.3455|-48.39642|G|2024-08-02|2022-11-16||c29a3648b12200a1|2041-12-08|||Ananindeua
LIC-LIC-01|CLARO S.A.|50409307637|010|105752021|690469349|R ASSUCENA|ACESSO PELA AV. BRASIL|PA|1500800|100MG7W|NR|SA-NSA||3350|3350|160|FB|||760|152312201350|24|25|13|0|X|39|152312201350|251|-1.34135|-48.35696|G|2024-08-02|2008-07-08||c29a3648a6d9aa4a|2041-12-08|||Ananindeua
LIC-LIC-01|CLARO S.A.|50409307637|010|105752021|690469349|R ASSUCENA|ACESSO PELA AV. BRASIL|PA|1500800|100MG7W|NR|SA-NSA||3350|3350|280|FB|||760|152312201350|24|25|13|0|X|39|152312201350|251|-1.34135|-48.35696|G|2024-08-02|2008-07-08||c29a3648a6d9aa4b|2041-12-08|||Ananindeua
LIC-LIC-01|CLARO S.A.|50409307637|010|105752021|690469349|R ASSUCENA|ACESSO PELA AV. BRASIL|PA|1500800|100MG7W|NR|SA-NSA||3350|3350|30|FB|||760|152312201350|24|25|13|-1|X|39|152312201350|251|-1.34135|-48.35696|G|2024-08-02|2008-07-08||c29a3648a6d9aa4c|2041-12-08|||Ananindeua
LIC-LIC-01|CLARO S.A.|50409307637|010|105752021|1014459661|R DO DISTRITO INDUSTRIAL||PA|1500800|90M0G7W|NR|SA-NSA||3350|3350|110|FB|||760|152312201350|24|25|13|0|X|60|152312201350|251|-1.34001|-48.35395|G|2024-08-02|2022-11-08||c29a3648a6d9aa68|2041-12-08|||Ananindeua
LIC-LIC-01|CLARO S.A.|50409307637|010|105752021|1014459661|R DO DISTRITO INDUSTRIAL||PA|1500800|90M0G7W|NR|SA-NSA||3350|3350|20|FB|||760|152312201350|24|25|13|0|X|60|152312201350|251|-1.34001|-48.35395|G|2024-08-02|2022-11-08||c29a3648a6d9aa69|2041-12-08|||Ananindeua
LIC-LIC-01|CLARO S.A.|50409307637|010|105752021|1014459661|R DO DISTRITO INDUSTRIAL||PA|1500800|90M0G7W|NR|SA-NSA||3350|3350|300|FB|||760|152312201350|24|25|13|0|X|60|152312201350|251|-1.34001|-48.35395|G|2024-08-02|2022-11-08||c29a3648a6d9aa6a|2041-12-08|||Ananindeua
LIC-LIC-01|CLARO S.A.|50409307637|010|105752021|1014454481|PAS JOSE DE ALENCAR||PA|1501402|60M0G7W|NR|SA-NSA||3350|3350|200|FB|||760|152312201350|24|25|13|0|X|50|152312201350|251|-1.40444|-48.42556|G|2024-08-21|2022-11-07||c29a3648bb0033b5|2041-12-08|||Belém
LIC-LIC-01|CLARO S.A.|50409307637|010|105752021|1014454481|PAS JOSE DE ALENCAR||PA|1501402|60M0G7W|NR|SA-NSA||3350|3350|320|FB|||760|152312201350|24|25|13|0|X|50|152312201350|251|-1.40444|-48.42556|G|2024-08-21|2022-11-07||c29a3648bb0033b6|2041-12-08|||Belém
LIC-LIC-01|CLARO S.A.|50409307637|010|105752021|1014454481|PAS JOSE DE ALENCAR||PA|1501402|60M0G7W|NR|SA-NSA||3350|3350|80|FB|||760|152312201350|24|25|13|0|X|50|152312201350|251|-1.40444|-48.42556|G|2024-08-21|2022-11-07||c29a3648bb0033b7|2041-12-08|||Belém
LIC-LIC-01|CLARO S.A.|50409307637|010|105752021|1006551279|ROD DO QUARENTA HORAS|ESTRADA DO QUARENTA HORAS  SÍTIO VERDELÂNDIA Nº10|PA|1500800|90M0G7W|NR|SA-NSA||3350|3350|110|FB|||760|152312201350|24|25|13|-3|X|58|152312201350|251|-1.34039|-48.42336|G|2024-08-21|2018-05-09||c29a3648bb0033fa|2041-12-08|||Ananindeua
LIC-LIC-01|CLARO S.A.|50409307637|010|105752021|1006551279|ROD DO QUARENTA HORAS|ESTRADA DO QUARENTA HORAS  SÍTIO VERDELÂNDIA Nº10|PA|1500800|90M0G7W|NR|SA-NSA||3350|3350|230|FB|||760|152312201350|24|25|13|-3|X|58|152312201350|251|-1.34039|-48.42336|G|2024-08-21|2018-05-09||c29a3648bb0033fb|2041-12-08|||Ananindeua
LIC-LIC-01|CLARO S.A.|50409307637|010|105752021|1006551279|ROD DO QUARENTA HORAS|ESTRADA DO QUARENTA HORAS  SÍTIO VERDELÂNDIA Nº10|PA|1500800|90M0G7W|NR|SA-NSA||3350|3350|350|FB|||760|152312201350|24|25|13|0|X|58|152312201350|251|-1.34039|-48.42336|G|2024-08-21|2018-05-09||c29a3648bb0033fc|2041-12-08|||Ananindeua
LIC-LIC-01|CLARO S.A.|50409307637|010|105752021|1006796131|AV HÉLIO GUEIROS||PA|1500800|100MG7W|NR|SA-NSA||3350|3350|200|FB|||760|152312201350|24|25|13|0|X|50|152312201350|251|-1.35906|-48.41692|G|2024-08-22|2018-06-01||a5203648f84da080|2041-12-08|||Ananindeua
LIC-LIC-01|CLARO S.A.|50409307637|010|105752021|1006796131|AV HÉLIO GUEIROS||PA|1500800|100MG7W|NR|SA-NSA||3350|3350|310|FB|||760|152312201350|24|25|13|0|X|50|152312201350|251|-1.35906|-48.41692|G|2024-08-22|2018-06-01||a5203648f84da081|2041-12-08|||Ananindeua
LIC-LIC-01|CLARO S.A.|50409307637|010|105752021|1006796131|AV HÉLIO GUEIROS||PA|1500800|100MG7W|NR|SA-NSA||3350|3350|70|FB|||760|152312201350|24|25|13|0|X|50|152312201350|251|-1.35906|-48.41692|G|2024-08-22|2018-06-01||a5203648f84da082|2041-12-08|||Ananindeua
LIC-LIC-01|CLARO S.A.|50409307637|010|105752021|699193591|ROD AUGUSTO MONTENEGRO|PARQUE SHOPPING BELÉM.|PA|1501402|100MG7W|NR|SA-NSA||2325|2325|0|FB|||168||4|0|360|0|V|5|087202301350|400|-1.37018|-48.44635|G|2025-03-31|2013-09-26||4d6b6ae803905796|2041-12-08|||Belém
LIC-LIC-01|CLARO S.A.|50409307637|010|105752021|1016081836|AV GOVERNADOR HELIO DA MOTA GUEIROS||PA|1500800|100MG7W|NR|SA-NSA||3350|3350|30|FB|||760|081161903518|16|23|70|-2|X|29|120552301350|320|-1.3637|-48.42146|G|2024-09-11|2024-09-11||c29a3648df14bd26|2041-12-08|||Ananindeua
LIC-LIC-01|CLARO S.A.|50409307637|010|105752021|1016081836|AV GOVERNADOR HELIO DA MOTA GUEIROS||PA|1500800|100MG7W|NR|SA-NSA||3350|3350|150|FB|||760|081161903518|16|23|70|-2|X|29|120552301350|320|-1.3637|-48.42146|G|2024-09-11|2024-09-11||c29a3648df14bd27|2041-12-08|||Ananindeua
LIC-LIC-01|CLARO S.A.|50409307637|010|105752021|1016081836|AV GOVERNADOR HELIO DA MOTA GUEIROS||PA|1500800|100MG7W|NR|SA-NSA||3350|3350|260|FB|||760|081161903518|16|23|70|-2|X|29|120552301350|320|-1.3637|-48.42146|G|2024-09-11|2024-09-11||c29a3648df14bd28|2041-12-08|||Ananindeua
LIC-LIC-01|CLARO S.A.|50409307637|010|105752021|1016081844|R WE 09||PA|1500800|90M0G7W|NR|SA-NSA||3350|3350|240|FB|||760||13.6|22|78|-8|X|18|120552301350|320|-1.39436|-48.41428|G|2024-09-11|2024-09-11||c29a3648df14bd2b|2041-12-08|||Ananindeua
LIC-LIC-01|CLARO S.A.|50409307637|010|105752021|1016081844|R WE 09||PA|1500800|90M0G7W|NR|SA-NSA||3350|3350|40|FB|||760||13.6|22|78|-8|X|18|120552301350|320|-1.39436|-48.41428|G|2024-09-11|2024-09-11||c29a3648df14bd2c|2041-12-08|||Ananindeua
LIC-LIC-01|CLARO S.A.|50409307637|010|105752021|1016091564|R ANTÔNIO CONSELHEIRO|BRIGADA 02  LOTE 484|PA|1500800|100MG7W|NR|SA-NSA||3350|3350|70|FB|||760|081161903518|16|23|70|-2|X|40|120552301350|320|-1.37674|-48.36809|G|2024-12-04|2024-09-18||08016ae8039df7fd|2041-12-08|||Ananindeua
LIC-LIC-01|CLARO S.A.|50409307637|010|105752021|1016091564|R ANTÔNIO CONSELHEIRO|BRIGADA 02  LOTE 484|PA|1500800|100MG7W|NR|SA-NSA||3350|3350|190|FB|||760|081161903518|16|23|70|-2|X|40|120552301350|320|-1.37674|-48.36809|G|2024-12-04|2024-09-18||08016ae8039df7fe|2041-12-08|||Ananindeua
LIC-LIC-01|CLARO S.A.|50409307637|010|105752021|1016091564|R ANTÔNIO CONSELHEIRO|BRIGADA 02  LOTE 484|PA|1500800|100MG7W|NR|SA-NSA||3350|3350|310|FB|||760|081161903518|16|23|70|-2|X|40|120552301350|320|-1.37674|-48.36809|G|2024-12-04|2024-09-18||08016ae8039df7ff|2041-12-08|||Ananindeua
LIC-LIC-01|CLARO S.A.|50409307637|010|105752021|1016091610|R INDUSTRIAL TERCEIRA||PA|1500800|100MG7W|NR|SA-NSA||3350|3350|0|FB|||760||13.6|22|78|-2|X|12|120552301350|320|-1.33981|-48.36772|G|2024-09-18|2024-09-18||f7536ae80273cb93|2041-12-08|||Ananindeua
LIC-LIC-01|CLARO S.A.|50409307637|010|105752021|1016091610|R INDUSTRIAL TERCEIRA||PA|1500800|100MG7W|NR|SA-NSA||3350|3350|240|FB|||760||13.6|22|78|0|X|12|120552301350|320|-1.33981|-48.36772|G|2024-09-18|2024-09-18||f7536ae80273cb94|2041-12-08|||Ananindeua
LIC-LIC-01|CLARO S.A.|50409307637|010|105752021|1016091866|R CASTELO BRANCO||PA|1500800|100MG7W|NR|SA-NSA||3350|3350|240|FB|||760||13.6|22|78|-8|X|18|120552301350|320|-1.34347|-48.40586|G|2024-09-18|2024-09-18||28e96ae802cf594d|2041-12-08|||Ananindeua
LIC-LIC-01|CLARO S.A.|50409307637|010|105752021|1016091866|R CASTELO BRANCO||PA|1500800|100MG7W|NR|SA-NSA||3350|3350|70|FB|||760||13.6|22|78|-8|X|18|120552301350|320|-1.34347|-48.40586|G|2024-09-18|2024-09-18||28e96ae802cf594e|2041-12-08|||Ananindeua
LIC-LIC-01|CLARO S.A.|50409307637|010|105752021|1016091904|RUA ARCO IRIS|ACESSO P/ RUA ARCO DO TRIUNFO  LOT WARISLÂNDIA|PA|1500800|100MG7W|NR|SA-NSA||3350|3350|50|FB|||760|152312201350|24|25|13|0|X|40|152312201350|39.8|-1.32124|-48.40974|G|2025-10-31|2024-09-18||d2d46ae802b7364c|2041-12-08|||Ananindeua
LIC-LIC-01|CLARO S.A.|50409307637|010|105752021|1016091904|RUA ARCO IRIS|ACESSO P/ RUA ARCO DO TRIUNFO  LOT WARISLÂNDIA|PA|1500800|100MG7W|NR|SA-NSA||3350|3350|160|FB|||760|152312201350|24|25|13|0|X|40|152312201350|39.8|-1.32124|-48.40974|G|2025-10-31|2024-09-18||d2d46ae802b7364d|2041-12-08|||Ananindeua
LIC-LIC-01|CLARO S.A.|50409307637|010|105752021|1016091904|RUA ARCO IRIS|ACESSO P/ RUA ARCO DO TRIUNFO  LOT WARISLÂNDIA|PA|1500800|100MG7W|NR|SA-NSA||3350|3350|270|FB|||760|152312201350|24|25|13|0|X|40|152312201350|39.8|-1.32124|-48.40974|G|2025-10-31|2024-09-18||d2d46ae802b7364e|2041-12-08|||Ananindeua
LIC-LIC-01|CLARO S.A.|50409307637|010|105752021|1014291833|R DOIS DE JUNHO||PA|1500800|100MG7W|NR|SA-NSA||3350|3350|180|FB|||760|152312201350|24|25|13|-3|X|60|152312201350|251|-1.37861|-48.37519|G|2024-10-07|2022-09-30||f7536ae80357d0e2|2041-12-08|||Ananindeua
LIC-LIC-01|CLARO S.A.|50409307637|010|105752021|1014291833|R DOIS DE JUNHO||PA|1500800|100MG7W|NR|SA-NSA||3350|3350|300|FB|||760|152312201350|24|25|13|-1|X|60|152312201350|251|-1.37861|-48.37519|G|2024-10-07|2022-09-30||f7536ae80357d0e3|2041-12-08|||Ananindeua
LIC-LIC-01|CLARO S.A.|50409307637|010|105752021|1014291833|R DOIS DE JUNHO||PA|1500800|100MG7W|NR|SA-NSA||3350|3350|60|FB|||760|152312201350|24|25|13|-3|X|60|152312201350|251|-1.37861|-48.37519|G|2024-10-07|2022-09-30||f7536ae80357d0e4|2041-12-08|||Ananindeua
LIC-LIC-01|CLARO S.A.|50409307637|010|105752021|1014459610|PAS LOBÃO DA SILVEIRA||PA|1500800|100MG7W|NR|SA-NSA||3350|3350|210|FB|||760|152312201350|24|25|13|-2|X|60|152312201350|251|-1.33601|-48.40127|G|2024-10-07|2022-11-08||f7536ae80357d10c|2041-12-08|||Ananindeua
LIC-LIC-01|CLARO S.A.|50409307637|010|105752021|1014459610|PAS LOBÃO DA SILVEIRA||PA|1500800|100MG7W|NR|SA-NSA||3350|3350|310|FB|||760|152312201350|24|25|13|0|X|60|152312201350|251|-1.33601|-48.40127|G|2024-10-07|2022-11-08||f7536ae80357d10d|2041-12-08|||Ananindeua
LIC-LIC-01|CLARO S.A.|50409307637|010|105752021|1014459610|PAS LOBÃO DA SILVEIRA||PA|1500800|100MG7W|NR|SA-NSA||3350|3350|90|FB|||760|152312201350|24|25|13|0|X|60|152312201350|251|-1.33601|-48.40127|G|2024-10-07|2022-11-08||f7536ae80357d10e|2041-12-08|||Ananindeua
LIC-LIC-01|CLARO S.A.|50409307637|010|105752021|1014459629|TV WE 25||PA|1500800|90M0G7W|NR|SA-NSA||3350|3350|160|FB|||760|152312201350|24|25|13|0|X|50|152312201350|251|-1.36419|-48.39987|G|2024-10-07|2022-11-08||f7536ae80357d13b|2041-12-08|||Ananindeua
LIC-LIC-01|CLARO S.A.|50409307637|010|105752021|1014459629|TV WE 25||PA|1500800|90M0G7W|NR|SA-NSA||3350|3350|260|FB|||760|152312201350|24|25|13|0|X|50|152312201350|251|-1.36419|-48.39987|G|2024-10-07|2022-11-08||f7536ae80357d13c|2041-12-08|||Ananindeua
LIC-LIC-01|CLARO S.A.|50409307637|010|105752021|1014459629|TV WE 25||PA|1500800|90M0G7W|NR|SA-NSA||3350|3350|60|FB|||760|152312201350|24|25|13|0|X|50|152312201350|251|-1.36419|-48.39987|G|2024-10-07|2022-11-08||f7536ae80357d13d|2041-12-08|||Ananindeua
LIC-LIC-01|CLARO S.A.|50409307637|010|105752021|1014459645|ROD DO MÁRIO COVAS||PA|1500800|100MG7W|NR|SA-NSA||3350|3350|0|FB|||760|152312201350|24|25|13|-2|X|59.5|152312201350|251|-1.385|-48.41|G|2024-10-07|2022-11-08||f7536ae80357d156|2041-12-08|||Ananindeua
LIC-LIC-01|CLARO S.A.|50409307637|010|105752021|1014459645|ROD DO MÁRIO COVAS||PA|1500800|100MG7W|NR|SA-NSA||3350|3350|180|FB|||760|152312201350|24|25|13|0|X|59.5|152312201350|251|-1.385|-48.41|G|2024-10-07|2022-11-08||f7536ae80357d157|2041-12-08|||Ananindeua
LIC-LIC-01|CLARO S.A.|50409307637|010|105752021|1014459645|ROD DO MÁRIO COVAS||PA|1500800|100MG7W|NR|SA-NSA||3350|3350|270|FB|||760|152312201350|24|25|13|-2|X|59.5|152312201350|251|-1.385|-48.41|G|2024-10-07|2022-11-08||f7536ae80357d158|2041-12-08|||Ananindeua
LIC-LIC-01|CLARO S.A.|50409307637|010|105752021|1013177174|R LARANJEIRAS||PA|1501402|60M0G7W|NR|SA-NSA||3350|3350|160|FB|||760|152312201350|24|25|13|0|X|39|152312201350|251|-1.31772|-48.43746|G|2024-10-07|2022-06-10||f7536ae80357d1d1|2041-12-08|||Belém
LIC-LIC-01|CLARO S.A.|50409307637|010|105752021|1013177174|R LARANJEIRAS||PA|1501402|60M0G7W|NR|SA-NSA||3350|3350|280|FB|||760|152312201350|24|25|13|0|X|39|152312201350|251|-1.31772|-48.43746|G|2024-10-07|2022-06-10||f7536ae80357d1d2|2041-12-08|||Belém
LIC-LIC-01|CLARO S.A.|50409307637|010|105752021|1013177174|R LARANJEIRAS||PA|1501402|60M0G7W|NR|SA-NSA||3350|3350|30|FB|||760|152312201350|24|25|13|0|X|39|152312201350|251|-1.31772|-48.43746|G|2024-10-07|2022-06-10||f7536ae80357d1d3|2041-12-08|||Belém
LIC-LIC-01|CLARO S.A.|50409307637|010|105752021|1016154221|R TANCREDO NEVES|ANTIGA PASSAGEM SANTO ANTONIO. ACESSO PELA RUA N|PA|1500800|100MG7W|NR|SA-NSA||3350|3350|50|FB|||760|081161903518|16|23|70|-2|X|26|120552301350|320|-1.38802|-48.43061|G|2024-10-07|2024-10-07||f7536ae8038e9f6b|2041-12-08|||Ananindeua
LIC-LIC-01|CLARO S.A.|50409307637|010|105752021|1016154221|R TANCREDO NEVES|ANTIGA PASSAGEM SANTO ANTONIO. ACESSO PELA RUA N|PA|1500800|100MG7W|NR|SA-NSA||3350|3350|150|FB|||760|081161903518|16|23|70|-2|X|26|120552301350|320|-1.38802|-48.43061|G|2024-10-07|2024-10-07||f7536ae8038e9f6c|2041-12-08|||Ananindeua
LIC-LIC-01|CLARO S.A.|50409307637|010|105752021|1016154221|R TANCREDO NEVES|ANTIGA PASSAGEM SANTO ANTONIO. ACESSO PELA RUA N|PA|1500800|100MG7W|NR|SA-NSA||3350|3350|300|FB|||760|081161903518|16|23|70|-2|X|26|120552301350|320|-1.38802|-48.43061|G|2024-10-07|2024-10-07||f7536ae8038e9f6d|2041-12-08|||Ananindeua
LIC-LIC-01|CLARO S.A.|50409307637|010|105752021|1015881812|R WE 01|RESIDENCIAL JARDIM TROPICAL|PA|1500800|100MG7W|NR|SA-NSA||3350|3350|240|FB|||760||13.6|22|78|-8|X|18|120552301350|320|-1.39021|-48.41394|G|2024-10-22|2024-06-24||acac3af803714c05|2041-12-08|||Ananindeua
LIC-LIC-01|CLARO S.A.|50409307637|010|105752021|1015881812|R WE 01|RESIDENCIAL JARDIM TROPICAL|PA|1500800|100MG7W|NR|SA-NSA||3350|3350|60|FB|||760||13.6|22|78|-8|X|18|120552301350|320|-1.39021|-48.41394|G|2024-10-22|2024-06-24||acac3af803714c06|2041-12-08|||Ananindeua
LIC-LIC-01|CLARO S.A.|50409307637|010|105752021|1008139723|ROD BR 316|SHOPPING METRÓPOLE ANANINDEUA|PA|1500800|100MG7W|NR|SA-NSA||3350|3350|0|FB|||168||2|0|360|0|X|3|120552301350|320|-1.38432|-48.40959|G|2024-10-22|2019-02-17||bc4d3af8032ea394|2041-12-08|||Ananindeua
LIC-LIC-01|CLARO S.A.|50409307637|010|105752021|1016162623|PAS FÉ EM DEUS||PA|1500800|40M0G7W|NR|SA-NSA||3350|3350|80|FB|||760|152312201350|24|25|13|0|X|40|152312201350|251|-1.32311|-48.38802|G|2024-10-11|2024-10-11||b7503af803568790|2041-12-08|||Ananindeua
LIC-LIC-01|CLARO S.A.|50409307637|010|105752021|1016162623|PAS FÉ EM DEUS||PA|1500800|40M0G7W|NR|SA-NSA||3350|3350|190|FB|||760|152312201350|24|25|13|0|X|40|152312201350|251|-1.32311|-48.38802|G|2024-10-11|2024-10-11||b7503af803568791|2041-12-08|||Ananindeua
LIC-LIC-01|CLARO S.A.|50409307637|010|105752021|1016162623|PAS FÉ EM DEUS||PA|1500800|40M0G7W|NR|SA-NSA||3350|3350|310|FB|||760|152312201350|24|25|13|0|X|40|152312201350|251|-1.32311|-48.38802|G|2024-10-11|2024-10-11||b7503af803568792|2041-12-08|||Ananindeua
LIC-LIC-01|CLARO S.A.|50409307637|010|105752021|1016162631|TV WE-39 A||PA|1500800|100MG7W|NR|SA-NSA||3350|3350|320|FB|||760|152312201350|24|25|13|0|X|30|152312201350|251|-1.35779|-48.41075|G|2024-12-04|2024-10-11||b7503af80356879c|2041-12-08|||Ananindeua
LIC-LIC-01|CLARO S.A.|50409307637|010|105752021|1016162631|TV WE-39 A||PA|1500800|100MG7W|NR|SA-NSA||3350|3350|80|FB|||760|152312201350|24|25|13|0|X|30|152312201350|251|-1.35779|-48.41075|G|2024-12-04|2024-10-11||b7503af80356879d|2041-12-08|||Ananindeua
LIC-LIC-01|CLARO S.A.|50409307637|010|105752021|1016162631|TV WE-39 A||PA|1500800|100MG7W|NR|SA-NSA||3350|3350|200|FB|||760|152312201350|24|25|13|0|X|30|152312201350|251|-1.35779|-48.41075|G|2024-12-04|2024-10-11||b7503af80356879e|2041-12-08|||Ananindeua
LIC-LIC-01|CLARO S.A.|50409307637|010|105752021|1014755996|R DA PEDREIRINHA||PA|1500800|70M0G7W|NR|SA-NSA||3350|3350|170|FB|||760|152312201350|24|25|13|0|X|42|152312201350|251|-1.39919|-48.4103|G|2024-10-16|2023-03-07||1c113af802d54066|2041-12-08|||Ananindeua
LIC-LIC-01|CLARO S.A.|50409307637|010|105752021|1014755996|R DA PEDREIRINHA||PA|1500800|70M0G7W|NR|SA-NSA||3350|3350|310|FB|||760|152312201350|24|25|13|0|X|42|152312201350|251|-1.39919|-48.4103|G|2024-10-16|2023-03-07||1c113af802d54067|2041-12-08|||Ananindeua
LIC-LIC-01|CLARO S.A.|50409307637|010|105752021|1014755996|R DA PEDREIRINHA||PA|1500800|70M0G7W|NR|SA-NSA||3350|3350|50|FB|||760|152312201350|24|25|13|0|X|42|152312201350|251|-1.39919|-48.4103|G|2024-10-16|2023-03-07||1c113af802d54068|2041-12-08|||Ananindeua
LIC-LIC-01|CLARO S.A.|50409307637|010|105752021|1016185607|TV WE-70||PA|1500800|70M0G7W|NR|SA-NSA||3350|3350|160|FB|||760|152312201350|24|25|13|0|X|34|152312201350|251|-1.35171|-48.39467|G|2024-10-16|2024-10-16||1c113af802d54075|2041-12-08|||Ananindeua
LIC-LIC-01|CLARO S.A.|50409307637|010|105752021|1016185607|TV WE-70||PA|1500800|70M0G7W|NR|SA-NSA||3350|3350|280|FB|||760|152312201350|24|25|13|0|X|34|152312201350|251|-1.35171|-48.39467|G|2024-10-16|2024-10-16||1c113af802d54076|2041-12-08|||Ananindeua
LIC-LIC-01|CLARO S.A.|50409307637|010|105752021|1016185607|TV WE-70||PA|1500800|70M0G7W|NR|SA-NSA||3350|3350|40|FB|||760|152312201350|24|25|13|0|X|34|152312201350|251|-1.35171|-48.39467|G|2024-10-16|2024-10-16||1c113af802d54077|2041-12-08|||Ananindeua
LIC-LIC-01|CLARO S.A.|50409307637|010|105752021|1016185615|AL BARBOSA||PA|1500800|90M0G7W|NR|SA-NSA||3350|3350|180|FB|||760|152312201350|24|25|13|0|X|40|152312201350|251|-1.34294|-48.38117|G|2024-10-16|2024-10-16||1c113af802d5407e|2041-12-08|||Ananindeua
LIC-LIC-01|CLARO S.A.|50409307637|010|105752021|1016185615|AL BARBOSA||PA|1500800|90M0G7W|NR|SA-NSA||3350|3350|31|FB|||760|152312201350|24|25|13|0|X|40|152312201350|251|-1.34294|-48.38117|G|2024-10-16|2024-10-16||1c113af802d5407f|2041-12-08|||Ananindeua
LIC-LIC-01|CLARO S.A.|50409307637|010|105752021|1016185615|AL BARBOSA||PA|1500800|90M0G7W|NR|SA-NSA||3350|3350|60|FB|||760|152312201350|24|25|13|0|X|40|152312201350|251|-1.34294|-48.38117|G|2024-10-16|2024-10-16||1c113af802d54080|2041-12-08|||Ananindeua
LIC-LIC-01|CLARO S.A.|50409307637|010|105752021|1016185623|TV DOIS DE JANEIRO|2 DE JUNHO  ANTIGA TV DA LIGAÇÃO 39 - CARLOS MARIGUELA - AURÁ|PA|1500800|70M0G7W|NR|SA-NSA||3350|3350|0|FB|||760|152312201350|24|25|13|0|X|40|152312201350|251|-1.38497|-48.37014|G|2024-10-16|2024-10-16||1c113af802d54084|2041-12-08|||Ananindeua
LIC-LIC-01|CLARO S.A.|50409307637|010|105752021|1016185623|TV DOIS DE JANEIRO|2 DE JUNHO  ANTIGA TV DA LIGAÇÃO 39 - CARLOS MARIGUELA - AURÁ|PA|1500800|70M0G7W|NR|SA-NSA||3350|3350|120|FB|||760|152312201350|24|25|13|0|X|40|152312201350|251|-1.38497|-48.37014|G|2024-10-16|2024-10-16||1c113af802d54085|2041-12-08|||Ananindeua
LIC-LIC-01|CLARO S.A.|50409307637|010|105752021|1016185623|TV DOIS DE JANEIRO|2 DE JUNHO  ANTIGA TV DA LIGAÇÃO 39 - CARLOS MARIGUELA - AURÁ|PA|1500800|70M0G7W|NR|SA-NSA||3350|3350|240|FB|||760|152312201350|24|25|13|0|X|40|152312201350|251|-1.38497|-48.37014|G|2024-10-16|2024-10-16||1c113af802d54086|2041-12-08|||Ananindeua
LIC-LIC-01|CLARO S.A.|50409307637|010|105752021|1016185631|R F|TV SÃO PAULO VI.|PA|1500800|100MG7W|NR|SA-NSA||3350|3350|210|FB|||760|081161903518|16|23|70|-2|X|44|120552301350|320|-1.35018|-48.35907|G|2024-10-16|2024-10-16||1c113af802d5408d|2041-12-08|||Ananindeua
LIC-LIC-01|CLARO S.A.|50409307637|010|105752021|1016185631|R F|TV SÃO PAULO VI.|PA|1500800|100MG7W|NR|SA-NSA||3350|3350|330|FB|||760|081161903518|16|23|70|-2|X|44|120552301350|320|-1.35018|-48.35907|G|2024-10-16|2024-10-16||1c113af802d5408e|2041-12-08|||Ananindeua
LIC-LIC-01|CLARO S.A.|50409307637|010|105752021|1016185631|R F|TV SÃO PAULO VI.|PA|1500800|100MG7W|NR|SA-NSA||3350|3350|90|FB|||760|081161903518|16|23|70|-2|X|44|120552301350|320|-1.35018|-48.35907|G|2024-10-16|2024-10-16||1c113af802d5408f|2041-12-08|||Ananindeua
LIC-LIC-01|CLARO S.A.|50409307637|010|105752021|1016185640|TV SANTA CRUZ|ANTIGA PASSSAGEM FÉ EM DEUS. ACESSO PELA RUA PAULO ASSUNÇÃO.|PA|1500800|80M0G7W|NR|SA-NSA||3350|3350|195|FB|||760|081161903518|16|23|70|-2|X|35|120552301350|320|-1.32313|-48.41881|G|2024-10-16|2024-10-16||1c113af802d54093|2041-12-08|||Ananindeua
LIC-LIC-01|CLARO S.A.|50409307637|010|105752021|1016185640|TV SANTA CRUZ|ANTIGA PASSSAGEM FÉ EM DEUS. ACESSO PELA RUA PAULO ASSUNÇÃO.|PA|1500800|80M0G7W|NR|SA-NSA||3350|3350|300|FB|||760|081161903518|16|23|70|-2|X|35|120552301350|320|-1.32313|-48.41881|G|2024-10-16|2024-10-16||1c113af802d54094|2041-12-08|||Ananindeua
LIC-LIC-01|CLARO S.A.|50409307637|010|105752021|1016185640|TV SANTA CRUZ|ANTIGA PASSSAGEM FÉ EM DEUS. ACESSO PELA RUA PAULO ASSUNÇÃO.|PA|1500800|80M0G7W|NR|SA-NSA||3350|3350|80|FB|||760|081161903518|16|23|70|-2|X|35|120552301350|320|-1.32313|-48.41881|G|2024-10-16|2024-10-16||1c113af802d54095|2041-12-08|||Ananindeua
LIC-LIC-01|CLARO S.A.|50409307637|010|105752021|1016192743|TV WE 23||PA|1500800|100MG7W|NR|SA-NSA||3350|3350|210|FB|||760|081161903518|16|23|70|-2|X|40|120552301350|320|-1.36508|-48.40625|G|2024-10-17|2024-10-17||544d3af8037288f3|2041-12-08|||Ananindeua
LIC-LIC-01|CLARO S.A.|50409307637|010|105752021|1016192743|TV WE 23||PA|1500800|100MG7W|NR|SA-NSA||3350|3350|330|FB|||760|081161903518|16|23|70|-2|X|40|120552301350|320|-1.36508|-48.40625|G|2024-10-17|2024-10-17||544d3af8037288f4|2041-12-08|||Ananindeua
LIC-LIC-01|CLARO S.A.|50409307637|010|105752021|1016192743|TV WE 23||PA|1500800|100MG7W|NR|SA-NSA||3350|3350|90|FB|||760|081161903518|16|23|70|-2|X|40|120552301350|320|-1.36508|-48.40625|G|2024-10-17|2024-10-17||544d3af8037288f5|2041-12-08|||Ananindeua
LIC-LIC-01|CLARO S.A.|50409307637|010|105752021|690458193|PSG JOÃO CANUTO||PA|1500800|90M0G7W|NR|SA-NSA||3350|3350|40|FB|||760|152312201350|24|25|13|-1|X|39.5|152312201350|251|-1.3661|-48.37558|G|2024-10-17|2008-06-19||544d3af803bab3bc|2041-12-08|||Ananindeua
LIC-LIC-01|CLARO S.A.|50409307637|010|105752021|690458193|PSG JOÃO CANUTO||PA|1500800|90M0G7W|NR|SA-NSA||3350|3350|150|FB|||760|152312201350|24|25|13|-2|X|39.5|152312201350|251|-1.3661|-48.37558|G|2024-10-17|2008-06-19||544d3af803bab3bd|2041-12-08|||Ananindeua
LIC-LIC-01|CLARO S.A.|50409307637|010|105752021|690458193|PSG JOÃO CANUTO||PA|1500800|90M0G7W|NR|SA-NSA||3350|3350|270|FB|||760|152312201350|24|25|13|-2|X|39.5|152312201350|251|-1.3661|-48.37558|G|2024-10-17|2008-06-19||544d3af803bab3be|2041-12-08|||Ananindeua
LIC-LIC-01|CLARO S.A.|50409307637|010|105752021|690897570|ROD BR 316|SHOPPING CASTANHEIRA|PA|1501402|100MG7W|NR|SA-NSA||3350|3350|0|FB|||168||2|0|360|0|X|10|120552301350|79.4|-1.40392|-48.4308|G|2025-04-10|2009-01-27||9bf83af80389dfac|2041-12-08|||Belém
LIC-LIC-01|CLARO S.A.|50409307637|010|105752021|1016193065|EST SANTANA DO AURA|ATUAL TRAVESSA DÉCIMA - LOTEAMENTO AURÁ|PA|1500800|40M0G7W|NR|SA-NSA||3350|3350|160|FB|||760|152312201350|24|25|13|0|X|40|152312201350|251|-1.40087|-48.38681|G|2024-10-17|2024-10-17||95a13af8030835e8|2041-12-08|||Ananindeua
LIC-LIC-01|CLARO S.A.|50409307637|010|105752021|1016193065|EST SANTANA DO AURA|ATUAL TRAVESSA DÉCIMA - LOTEAMENTO AURÁ|PA|1500800|40M0G7W|NR|SA-NSA||3350|3350|270|FB|||760|152312201350|24|25|13|0|X|40|152312201350|251|-1.40087|-48.38681|G|2024-10-17|2024-10-17||95a13af8030835e9|2041-12-08|||Ananindeua
LIC-LIC-01|CLARO S.A.|50409307637|010|105752021|1016193065|EST SANTANA DO AURA|ATUAL TRAVESSA DÉCIMA - LOTEAMENTO AURÁ|PA|1500800|40M0G7W|NR|SA-NSA||3350|3350|30|FB|||760|152312201350|24|25|13|0|X|40|152312201350|251|-1.40087|-48.38681|G|2024-10-17|2024-10-17||95a13af8030835ea|2041-12-08|||Ananindeua
LIC-LIC-01|CLARO S.A.|50409307637|010|105752021|1016193073|R DA COHASPA|AO LADO DO AÇO PARÁ|PA|1500800|90M0G7W|NR|SA-NSA||3350|3350|180|FB|||760|152312201350|24|25|13|0|X|40|152312201350|39.8|-1.37653|-48.38925|G|2026-07-07|2024-10-17||95a13af8030835f7|2041-12-08|||Ananindeua
LIC-LIC-01|CLARO S.A.|50409307637|010|105752021|1016193073|R DA COHASPA|AO LADO DO AÇO PARÁ|PA|1500800|90M0G7W|NR|SA-NSA||3350|3350|300|FB|||760|152312201350|24|25|13|0|X|40|152312201350|39.8|-1.37653|-48.38925|G|2026-07-07|2024-10-17||95a13af8030835f8|2041-12-08|||Ananindeua
LIC-LIC-01|CLARO S.A.|50409307637|010|105752021|1016193073|R DA COHASPA|AO LADO DO AÇO PARÁ|PA|1500800|90M0G7W|NR|SA-NSA||3350|3350|50|FB|||760|152312201350|24|25|13|0|X|40|152312201350|39.8|-1.37653|-48.38925|G|2026-07-07|2024-10-17||95a13af8030835f9|2041-12-08|||Ananindeua
LIC-LIC-01|CLARO S.A.|50409307637|010|105752021|1016267050|R PROVIDÊNCIA||PA|1500800|100MG7W|NR|SA-NSA||3350|3350|10|FB|||760||13.6|22|78|-8|X|18|120552301350|320|-1.34226|-48.40108|G|2024-11-12|2024-11-12||26253af802a35d1b|2041-12-08|||Ananindeua
LIC-LIC-01|CLARO S.A.|50409307637|010|105752021|1016267050|R PROVIDÊNCIA||PA|1500800|100MG7W|NR|SA-NSA||3350|3350|250|FB|||760||13.6|22|78|-8|X|18|120552301350|320|-1.34226|-48.40108|G|2024-11-12|2024-11-12||26253af802a35d1c|2041-12-08|||Ananindeua
LIC-LIC-01|CLARO S.A.|50409307637|010|105752021|1016316493|R SANTA FÉ|RUA DA ORLA DO ICUÍ|PA|1500800|60M0G7W|NR|SA-NSA||3350|3350|10|FB|||760||13.6|22|78|-6.5|X|12|120552301350|320|-1.3238|-48.40013|G|2024-12-04|2024-12-04||86073af8025f9ae3|2041-12-08|||Ananindeua
LIC-LIC-01|CLARO S.A.|50409307637|010|105752021|1016316493|R SANTA FÉ|RUA DA ORLA DO ICUÍ|PA|1500800|60M0G7W|NR|SA-NSA||3350|3350|240|FB|||760||13.6|22|78|-6|X|12|120552301350|320|-1.3238|-48.40013|G|2024-12-04|2024-12-04||86073af8025f9ae4|2041-12-08|||Ananindeua
LIC-LIC-01|CLARO S.A.|50409307637|010|105752021|1016316507|R SANTA FE|RUA DA ORLA DO ICUÍ|PA|1500800|70M0G7W|NR|SA-NSA||3350|3350|140|FB|||760||13.6|22|78|-6.5|X|12|120552301350|320|-1.32053|-48.40096|G|2024-12-04|2024-12-04||86073af8025f9aed|2041-12-08|||Ananindeua
LIC-LIC-01|CLARO S.A.|50409307637|010|105752021|1016316507|R SANTA FE|RUA DA ORLA DO ICUÍ|PA|1500800|70M0G7W|NR|SA-NSA||3350|3350|350|FB|||760||13.6|22|78|-6.5|X|12|120552301350|320|-1.32053|-48.40096|G|2024-12-04|2024-12-04||86073af8025f9aee|2041-12-08|||Ananindeua
LIC-LIC-01|CLARO S.A.|50409307637|010|105752021|1016361430|RUA DA ORLA DO ICUÍ|CONTINUAÇÃO DA RUA SANTA FÉ|PA|1500800|50M0G7W|NR|SA-NSA||3350|3350|60|FB|||760||13.6|22|78|-5.5|X|12|120552301350|320|-1.3179|-48.40126|G|2024-12-16|2024-12-16||b0c53af802ee2024|2041-12-08|||Ananindeua
LIC-LIC-01|CLARO S.A.|50409307637|010|105752021|1016361430|RUA DA ORLA DO ICUÍ|CONTINUAÇÃO DA RUA SANTA FÉ|PA|1500800|50M0G7W|NR|SA-NSA||3350|3350|180|FB|||760||13.6|22|78|-6.5|X|12|120552301350|320|-1.3179|-48.40126|G|2024-12-16|2024-12-16||b0c53af802ee2025|2041-12-08|||Ananindeua
LIC-LIC-01|CLARO S.A.|50409307637|010|105752021|690469322|R SEIS|CONJ JULIA SEFFER|PA|1500800|100MG7W|NR|SA-NSA||2325|2325|180|FB|||760||23|28|13|0|X|40|049362201350|50|-1.38771|-48.382|G|2025-08-28|2008-07-08||23cd3c080330f289|2041-12-08|||Ananindeua
LIC-LIC-01|CLARO S.A.|50409307637|010|105752021|690469322|R SEIS|CONJ JULIA SEFFER|PA|1500800|100MG7W|NR|SA-NSA||2325|2325|300|FB|||760||23|28|13|0|X|40|049362201350|50|-1.38771|-48.382|G|2025-08-28|2008-07-08||23cd3c080330f28a|2041-12-08|||Ananindeua
LIC-LIC-01|CLARO S.A.|50409307637|010|105752021|690469322|R SEIS|CONJ JULIA SEFFER|PA|1500800|100MG7W|NR|SA-NSA||2325|2325|60|FB|||760||23|28|13|0|X|40|049362201350|50|-1.38771|-48.382|G|2025-08-28|2008-07-08||23cd3c080330f28b|2041-12-08|||Ananindeua
LIC-LIC-01|CLARO S.A.|50409307637|010|105752021|1016558292|AV DÉBORA CALANDRINE||PA|1500800|80M0G7W|NR|SA-NSA||3350|3350|0|FB|||760|152312201350|24|25|13|0|X|40|152312201350|251|-1.38414|-48.39943|G|2025-03-19|2025-03-19||d4dd3c080289d242|2041-12-08|||Ananindeua
LIC-LIC-01|CLARO S.A.|50409307637|010|105752021|1016558292|AV DÉBORA CALANDRINE||PA|1500800|80M0G7W|NR|SA-NSA||3350|3350|120|FB|||760|152312201350|24|25|13|0|X|40|152312201350|251|-1.38414|-48.39943|G|2025-03-19|2025-03-19||d4dd3c080289d243|2041-12-08|||Ananindeua
LIC-LIC-01|CLARO S.A.|50409307637|010|105752021|1016558292|AV DÉBORA CALANDRINE||PA|1500800|80M0G7W|NR|SA-NSA||3350|3350|230|FB|||760|152312201350|24|25|13|0|X|40|152312201350|251|-1.38414|-48.39943|G|2025-03-19|2025-03-19||d4dd3c080289d244|2041-12-08|||Ananindeua
LIC-LIC-01|CLARO S.A.|50409307637|010|105752021|699193591|ROD AUGUSTO MONTENEGRO|PARQUE SHOPPING BELÉM.|PA|1501402|100MG7W|NR|SA-NSA||3350|3350|0|FB|||168||2|0|360|0|X|1.5|097592201350|1|-1.37018|-48.44635|E|2025-03-31|2013-09-26||3a423c0803bd6d72|2041-12-08|||Belém
LIC-LIC-01|CLARO S.A.|50409307637|010|105752021|1016581561|AV ENGENHEIRO VITOR DA SILVA||PA|1501402|100MG7W|NR|SA-NSA||3350|3350|0|FB|||168||2|0|360|0|X|3|184282301350|1|-1.40891|-48.44084|E|2025-03-31|2025-03-31||3a423c0803bd6d79|2041-12-08|||Belém
LIC-LIC-01|CLARO S.A.|50409307637|010|105752021|690897570|ROD BR 316|SHOPPING CASTANHEIRA|PA|1501402|100MG7W|NR|SA-NSA||2325|2325|0|FB|||168||4|0|360|0|V|10|087202301350|400|-1.40392|-48.4308|G|2025-04-10|2009-01-27||a3313c0802d01672|2041-12-08|||Belém
LIC-LIC-01|CLARO S.A.|50409307637|010|105752021|690897570|ROD BR 316|SHOPPING CASTANHEIRA|PA|1501402|100MG7W|NR|SA-NSA||2325|2325|0|FB|||168||2|0|360|0|X|10|087202301350|400|-1.40392|-48.4308|G|2025-04-10|2009-01-27||a3313c0802d01673|2041-12-08|||Belém
LIC-LIC-01|CLARO S.A.|50409307637|010|105752021|1016648135|ROD BR-316||PA|1500800|100MG7W|NR|SA-NSA||3350|3350|0|FB|||168|184282301350|0.1|0.1|360|0|V|1|184282301350|1|-1.36694|-48.37529|E|2025-04-30|2025-04-30||27358c08027947b7|2041-12-08|||Ananindeua
LIC-LIC-01|CLARO S.A.|50409307637|010|105752021|1016648143|TV SN-03||PA|1500800|100MG7W|NR|SA-NSA||3350|3350|0|FB|||168|184282301350|0.1|0.1|360|0|V|1|184282301350|1|-1.35943|-48.40708|E|2025-04-30|2025-04-30||27358c08027947bb|2041-12-08|||Ananindeua
LIC-LIC-01|CLARO S.A.|50409307637|010|105752021|1016648151|R G|TV. ST. G|PA|1500800|80M0G7W|NR|SA-NSA||3350|3350|0|FB|||168|184282301350|0.1|0.1|360|0|V|1|184282301350|1|-1.34575|-48.34819|E|2025-04-30|2025-04-30||27358c08027947bf|2041-12-08|||Ananindeua
LIC-LIC-01|CLARO S.A.|50409307637|010|105752021|1016660445|AV ALMIRANTE BARROSO||PA|1501402|100MG7W|NR|SA-NSA||3350|3350|0|FB|||168|184282301350|0.1|0.1|360|0|V|1|184282301350|1|-1.40939|-48.43703|E|2025-05-13|2025-05-13||09ee8c0802a39f1a|2041-12-08|||Belém
LIC-LIC-01|CLARO S.A.|50409307637|010|105752021|1016660461|ROD TRANSCOQUEIRO||PA|1500800|90M0G7W|NR|SA-NSA||3350|3350|0|FB|||168|184282301350|0.1|0.1|360|0|V|1|184282301350|1|-1.3727|-48.4221|E|2025-05-13|2025-05-13||09ee8c0802a39f1f|2041-12-08|||Ananindeua
LIC-LIC-01|CLARO S.A.|50409307637|010|105752021|1016689133|RUA B|PROX A PASSAGEM DA MARINHA Nº 34-A|PA|1501402|100MG7W|NR|SA-NSA||3350|3350|90|FB|||760|152312201350|24|25|13|0|X|35|152312201350|251|-1.39542|-48.44903|G|2025-08-05|2025-05-28||c6208c080342999b|2041-12-08|||Belém
LIC-LIC-01|CLARO S.A.|50409307637|010|105752021|1016689133|RUA B|PROX A PASSAGEM DA MARINHA Nº 34-A|PA|1501402|100MG7W|NR|SA-NSA||3350|3350|180|FB|||760|152312201350|24|25|13|0|X|35|152312201350|251|-1.39542|-48.44903|G|2025-08-05|2025-05-28||c6208c080342999c|2041-12-08|||Belém
LIC-LIC-01|CLARO S.A.|50409307637|010|105752021|1016689133|RUA B|PROX A PASSAGEM DA MARINHA Nº 34-A|PA|1501402|100MG7W|NR|SA-NSA||3350|3350|280|FB|||760|152312201350|24|25|13|0|X|35|152312201350|251|-1.39542|-48.44903|G|2025-08-05|2025-05-28||c6208c080342999d|2041-12-08|||Belém
LIC-LIC-01|CLARO S.A.|50409307637|010|105752021|1014295499|AV FERNANDO GUILHON - BR316 KM17 - AO LADO DA EMPRESA CONSTRONSTRULIBER SERVIÇOS DE TERRAPLENAGEM||PA|1504422|40M0G7W|NR|SA-NSA||3350|3350|160|FB|||760|081161903518|16|23|70|-2|X|60|120552301350|320|-1.36452|-48.30963|G|2026-04-27|2022-10-03||0e4c8c080351156a|2041-12-08|||Marituba
LIC-LIC-01|CLARO S.A.|50409307637|010|105752021|1014295499|AV FERNANDO GUILHON - BR316 KM17 - AO LADO DA EMPRESA CONSTRONSTRULIBER SERVIÇOS DE TERRAPLENAGEM||PA|1504422|40M0G7W|NR|SA-NSA||3350|3350|250|FB|||760|081161903518|16|23|70|-2|X|60|120552301350|320|-1.36452|-48.30963|G|2026-04-27|2022-10-03||0e4c8c080351156b|2041-12-08|||Marituba
LIC-LIC-01|CLARO S.A.|50409307637|010|105752021|1014295499|AV FERNANDO GUILHON - BR316 KM17 - AO LADO DA EMPRESA CONSTRONSTRULIBER SERVIÇOS DE TERRAPLENAGEM||PA|1504422|40M0G7W|NR|SA-NSA||3350|3350|70|FB|||760|081161903518|16|23|70|-2|X|60|120552301350|320|-1.36452|-48.30963|G|2026-04-27|2022-10-03||0e4c8c080351156c|2041-12-08|||Marituba
LIC-LIC-01|CLARO S.A.|50409307637|010|105752021|1016785086|AV DOS  PLANETAS||PA|1501402|100MG7W|NR|SA-NSA||3350|3350|170|FB|||760|152312201350|24|25|13|3|X|35|152312201350|251|-1.38533|-48.44267|G|2025-07-09|2025-07-09||74a18c0803c8bfd9|2041-12-08|||Belém
LIC-LIC-01|CLARO S.A.|50409307637|010|105752021|1016785086|AV DOS  PLANETAS||PA|1501402|100MG7W|NR|SA-NSA||3350|3350|300|FB|||760|152312201350|24|25|13|0|X|35|152312201350|251|-1.38533|-48.44267|G|2025-07-09|2025-07-09||74a18c0803c8bfda|2041-12-08|||Belém
LIC-LIC-01|CLARO S.A.|50409307637|010|105752021|1016785086|AV DOS  PLANETAS||PA|1501402|100MG7W|NR|SA-NSA||3350|3350|50|FB|||760|152312201350|24|25|13|0|X|35|152312201350|251|-1.38533|-48.44267|G|2025-07-09|2025-07-09||74a18c0803c8bfdb|2041-12-08|||Belém
LIC-LIC-01|CLARO S.A.|50409307637|010|105752021|1016874950|R JOAO PAULO VI||PA|1504422|100MG7W|NR|SA-NSA||3350|3350|10|FB|||760|152312201350|24|25|13|0|X|43|152312201350|251|-1.37519|-48.33902|G|2025-08-28|2025-08-28||cdfef4c842541fb6|2041-12-08|||Marituba
LIC-LIC-01|CLARO S.A.|50409307637|010|105752021|1016874950|R JOAO PAULO VI||PA|1504422|100MG7W|NR|SA-NSA||3350|3350|130|FB|||760|152312201350|24|25|13|0|X|43|152312201350|251|-1.37519|-48.33902|G|2025-08-28|2025-08-28||cdfef4c842541fb7|2041-12-08|||Marituba
LIC-LIC-01|CLARO S.A.|50409307637|010|105752021|1016874950|R JOAO PAULO VI||PA|1504422|100MG7W|NR|SA-NSA||3350|3350|250|FB|||760|152312201350|24|25|13|0|X|43|152312201350|251|-1.37519|-48.33902|G|2025-08-28|2025-08-28||cdfef4c842541fb8|2041-12-08|||Marituba
LIC-LIC-01|CLARO S.A.|50409307637|010|105752021|690469322|R SEIS|CONJ JULIA SEFFER|PA|1500800|100MG7W|NR|SA-NSA||3350|3350|180|FB|||760|152312201350|24|25|13|0|X|38|152312201350|251|-1.38771|-48.382|G|2025-08-28|2008-07-08||cdfef4c850c889e7|2041-12-08|||Ananindeua
LIC-LIC-01|CLARO S.A.|50409307637|010|105752021|690469322|R SEIS|CONJ JULIA SEFFER|PA|1500800|100MG7W|NR|SA-NSA||3350|3350|300|FB|||760|152312201350|24|25|13|0|X|38|152312201350|251|-1.38771|-48.382|G|2025-08-28|2008-07-08||cdfef4c850c889e8|2041-12-08|||Ananindeua
LIC-LIC-01|CLARO S.A.|50409307637|010|105752021|690469322|R SEIS|CONJ JULIA SEFFER|PA|1500800|100MG7W|NR|SA-NSA||3350|3350|60|FB|||760|152312201350|24|25|13|0|X|38|152312201350|251|-1.38771|-48.382|G|2025-08-28|2008-07-08||cdfef4c850c889e9|2041-12-08|||Ananindeua
LIC-LIC-01|CLARO S.A.|50409307637|010|105752021|1016874984|PAS SAMUCA LEVY||PA|1501402|90M0G7W|NR|SA-NSA||3350|3350|200|FB|||760|152312201350|24|25|13|0|X|40|152312201350|251|-1.41772|-48.44291|G|2025-08-28|2025-08-28||cdfef4c850c88a32|2041-12-08|||Belém
LIC-LIC-01|CLARO S.A.|50409307637|010|105752021|1016874984|PAS SAMUCA LEVY||PA|1501402|90M0G7W|NR|SA-NSA||3350|3350|300|FB|||760|152312201350|24|25|13|0|X|40|152312201350|251|-1.41772|-48.44291|G|2025-08-28|2025-08-28||cdfef4c850c88a33|2041-12-08|||Belém
LIC-LIC-01|CLARO S.A.|50409307637|010|105752021|1016874984|PAS SAMUCA LEVY||PA|1501402|90M0G7W|NR|SA-NSA||3350|3350|50|FB|||760|152312201350|24|25|13|0|X|40|152312201350|251|-1.41772|-48.44291|G|2025-08-28|2025-08-28||cdfef4c850c88a34|2041-12-08|||Belém
LIC-LIC-01|CLARO S.A.|50409307637|010|105752021|692414789|PSG BENFICA||PA|1501402|90M0G7W|NR|SA-NSA||3350|3350|160|FB|||760|152312201350|24|25|13|0|X|28|152312201350|251|-1.37502|-48.45228|G|2025-09-09|2010-06-24||cdfef4c8615ca53c|2041-12-08|||Belém
LIC-LIC-01|CLARO S.A.|50409307637|010|105752021|692414789|PSG BENFICA||PA|1501402|90M0G7W|NR|SA-NSA||3350|3350|270|FB|||760|152312201350|24|25|13|0|X|28|152312201350|251|-1.37502|-48.45228|G|2025-09-09|2010-06-24||cdfef4c8615ca53d|2041-12-08|||Belém
LIC-LIC-01|CLARO S.A.|50409307637|010|105752021|692414789|PSG BENFICA||PA|1501402|90M0G7W|NR|SA-NSA||3350|3350|40|FB|||760|152312201350|24|25|13|0|X|28|152312201350|251|-1.37502|-48.45228|G|2025-09-09|2010-06-24||cdfef4c8615ca53e|2041-12-08|||Belém
LIC-LIC-01|CLARO S.A.|50409307637|010|105752021|1016904948|ROD AUGUSTO MONTENEGRO||PA|1501402|100MG7W|NR|SA-NSA||3350|3350|60|FB|||760||13.6|22|78|-6|X|17|066822301350|320|-1.38133|-48.44573|G|2025-09-09|2025-09-09||cdfef4c87ab86e4a|2041-12-08|||Belém
LIC-LIC-01|CLARO S.A.|50409307637|010|105752021|1016904948|ROD AUGUSTO MONTENEGRO||PA|1501402|100MG7W|NR|SA-NSA||3350|3350|130|FB|||760||13.6|22|78|-6|X|17|066822301350|320|-1.38133|-48.44573|G|2025-09-09|2025-09-09||cdfef4c87ab86e4b|2041-12-08|||Belém
LIC-LIC-01|CLARO S.A.|50409307637|010|105752021|1016925490|ROD AUGUSTO MONTENEGRO||PA|1501402|50M0G7W|NR|SA-NSA||3350|3350|240|FB|||760||13.6|22|78|-6|X|20|066822301350|320|-1.38159|-48.44215|G|2025-09-18|2025-09-18||384d34d8a44e7627|2041-12-08|||Belém
LIC-LIC-01|CLARO S.A.|50409307637|010|105752021|1016925490|ROD AUGUSTO MONTENEGRO||PA|1501402|50M0G7W|NR|SA-NSA||3350|3350|320|FB|||760||13.6|22|78|-6|X|20|066822301350|320|-1.38159|-48.44215|G|2025-09-18|2025-09-18||384d34d8a44e7628|2041-12-08|||Belém
LIC-LIC-01|CLARO S.A.|50409307637|010|105752021|1016963669|AV JÚLIO CESAR|ALAMENDA MOÇA BONITA|PA|1501402|50M0G7W|NR|SA-NSA||3350|3350|120|FB|||760||13.6|22|78|-4.5|X|12|066822301350|320|-1.42612|-48.4203|G|2025-09-26|2025-09-26||7f1c14d8d2274023|2041-12-08|||Belém
LIC-LIC-01|CLARO S.A.|50409307637|010|105752021|1016963669|AV JÚLIO CESAR|ALAMENDA MOÇA BONITA|PA|1501402|50M0G7W|NR|SA-NSA||3350|3350|320|FB|||760||13.6|22|78|-4.5|X|12|066822301350|320|-1.42612|-48.4203|G|2025-09-26|2025-09-26||7f1c14d8d2274024|2041-12-08|||Belém
LIC-LIC-01|CLARO S.A.|50409307637|010|105752021|1017043385|AV MANGUEIRÃO||PA|1501402|100MG7W|NR|SA-NSA||3350|3350|150.5|FB|||760|152382201350|24.5|25|12.5|-10|X|21|152382201350|35|-1.38124|-48.44394|G|2025-10-20|2025-10-20||7f1c14d8e625b238|2041-12-08|||Belém
LIC-LIC-01|CLARO S.A.|50409307637|010|105752021|1017043385|AV MANGUEIRÃO||PA|1501402|100MG7W|NR|SA-NSA||3350|3350|195|FB|||760|152382201350|24.5|25|12.5|0|X|12|152382201350|35|-1.38124|-48.44394|G|2025-10-20|2025-10-20||7f1c14d8e625b239|2041-12-08|||Belém
LIC-LIC-01|CLARO S.A.|50409307637|010|105752021|1017043385|AV MANGUEIRÃO||PA|1501402|100MG7W|NR|SA-NSA||3350|3350|233.5|FB|||760|152382201350|24.5|25|12.5|0|X|5.5|152382201350|35|-1.38124|-48.44394|G|2025-10-20|2025-10-20||7f1c14d8e625b23a|2041-12-08|||Belém
LIC-LIC-01|CLARO S.A.|50409307637|010|105752021|1017043385|AV MANGUEIRÃO||PA|1501402|100MG7W|NR|SA-NSA||3350|3350|30|FB|||760|152382201350|24.5|25|12.5|0|X|40|152382201350|35|-1.38124|-48.44394|G|2025-10-20|2025-10-20||7f1c14d8e625b23b|2041-12-08|||Belém
LIC-LIC-01|CLARO S.A.|50409307637|010|105752021|1017043385|AV MANGUEIRÃO||PA|1501402|100MG7W|NR|SA-NSA||3350|3350|200|FB|||760|152382201350|24.5|25|12.5|0|X|40|152382201350|35|-1.38124|-48.44394|G|2025-10-20|2025-10-20||7f1c14d8e625b23c|2041-12-08|||Belém
LIC-LIC-01|CLARO S.A.|50409307637|010|105752021|1017043385|AV MANGUEIRÃO||PA|1501402|100MG7W|NR|SA-NSA||3350|3350|271|FB|||760|152382201350|24.5|25|12.5|-10|X|13|152382201350|35|-1.38124|-48.44394|G|2025-10-20|2025-10-20||7f1c14d8e625b242|2041-12-08|||Belém
LIC-LIC-01|CLARO S.A.|50409307637|010|105752021|1017043385|AV MANGUEIRÃO||PA|1501402|100MG7W|NR|SA-NSA||3350|3350|327.5|FB|||760|152382201350|24.5|25|12.5|-10|X|21|152382201350|35|-1.38124|-48.44394|G|2025-10-20|2025-10-20||7f1c14d8e625b243|2041-12-08|||Belém
LIC-LIC-01|CLARO S.A.|50409307637|010|105752021|1017043385|AV MANGUEIRÃO||PA|1501402|100MG7W|NR|SA-NSA||3350|3350|11.5|FB|||760|152382201350|24.5|25|12.5|0|X|14|152382201350|35|-1.38124|-48.44394|G|2025-10-20|2025-10-20||7f1c14d8e625b244|2041-12-08|||Belém
LIC-LIC-01|CLARO S.A.|50409307637|010|105752021|1017043385|AV MANGUEIRÃO||PA|1501402|100MG7W|NR|SA-NSA||3350|3350|50.5|FB|||760|152382201350|24.5|25|12.5|0|X|5.5|152382201350|35|-1.38124|-48.44394|G|2025-10-20|2025-10-20||7f1c14d8e625b245|2041-12-08|||Belém
LIC-LIC-01|CLARO S.A.|50409307637|010|105752021|1017043385|AV MANGUEIRÃO||PA|1501402|100MG7W|NR|SA-NSA||3350|3350|101.5|FB|||760|152382201350|24.5|25|12.5|-10|X|14|152382201350|35|-1.38124|-48.44394|G|2025-10-20|2025-10-20||7f1c14d8e625b246|2041-12-08|||Belém
LIC-LIC-01|CLARO S.A.|50409307637|010|105752021|1017043385|AV MANGUEIRÃO||PA|1501402|100MG7W|NR|SA-NSA||3350|3350|270|FB|||760|152382201350|24.5|25|12.5|-15|X|11|152382201350|35|-1.38124|-48.44394|G|2025-10-20|2025-10-20||7f1c14d8e625b25d|2041-12-08|||Belém
LIC-LIC-01|CLARO S.A.|50409307637|010|105752021|1017043385|AV MANGUEIRÃO||PA|1501402|100MG7W|NR|SA-NSA||3350|3350|90|FB|||760|152382201350|24.5|25|12.5|-15|X|11|152382201350|35|-1.38124|-48.44394|G|2025-10-20|2025-10-20||7f1c14d8e625b25e|2041-12-08|||Belém
LIC-LIC-01|CLARO S.A.|50409307637|010|105752021|1017043385|AV MANGUEIRÃO||PA|1501402|100MG7W|NR|SA-NSA||3350|3350|90|FB|||760|152382201350|24.5|25|12.5|0|X|40|152382201350|35|-1.38124|-48.44394|G|2025-10-20|2025-10-20||7f1c14d8e625b25f|2041-12-08|||Belém
LIC-LIC-01|CLARO S.A.|50409307637|010|105752021|1006658146|TV SAO RAIMUNDO|PROXIMO AO PARQUE AQUATICO-PARAISO DAS PEDRAS|PA|1504422|80M0G7W|NR|SA-NSA||3350|3350|10|FB|||760|152312201350|24|25|13|0|X|58|152312201350|39.8|-1.38811|-48.34286|G|2025-12-30|2018-05-17||f78bf4d8a6064d71|2041-12-08|||Marituba
LIC-LIC-01|CLARO S.A.|50409307637|010|105752021|1006658146|TV SAO RAIMUNDO|PROXIMO AO PARQUE AQUATICO-PARAISO DAS PEDRAS|PA|1504422|80M0G7W|NR|SA-NSA||3350|3350|130|FB|||760|152312201350|24|25|13|0|X|58|152312201350|39.8|-1.38811|-48.34286|G|2025-12-30|2018-05-17||f78bf4d8a6064d72|2041-12-08|||Marituba
LIC-LIC-01|CLARO S.A.|50409307637|010|105752021|1006658146|TV SAO RAIMUNDO|PROXIMO AO PARQUE AQUATICO-PARAISO DAS PEDRAS|PA|1504422|80M0G7W|NR|SA-NSA||3350|3350|250|FB|||760|152312201350|24|25|13|0|X|58|152312201350|39.8|-1.38811|-48.34286|G|2025-12-30|2018-05-17||f78bf4d8a6064d73|2041-12-08|||Marituba
LIC-LIC-01|CLARO S.A.|50409307637|010|105752021|1006658200|TV WE 05 - QD19 LT16 - LOTEAMENTO BEIJA-FLOR||PA|1504422|60M0G7W|NR|SA-NSA||3350|3350|160|FB|||760|152312201350|24|25|13|0|X|58|152312201350|39.8|-1.38081|-48.31633|G|2025-12-30|2021-06-16||f78bf4d8a6064e82|2041-12-08|||Marituba
LIC-LIC-01|CLARO S.A.|50409307637|010|105752021|1006658200|TV WE 05 - QD19 LT16 - LOTEAMENTO BEIJA-FLOR||PA|1504422|60M0G7W|NR|SA-NSA||3350|3350|260|FB|||760|152312201350|24|25|13|0|X|58|152312201350|39.8|-1.38081|-48.31633|G|2025-12-30|2021-06-16||f78bf4d8a6064e83|2041-12-08|||Marituba
LIC-LIC-01|CLARO S.A.|50409307637|010|105752021|1006658200|TV WE 05 - QD19 LT16 - LOTEAMENTO BEIJA-FLOR||PA|1504422|60M0G7W|NR|SA-NSA||3350|3350|60|FB|||760|152312201350|24|25|13|0|X|58|152312201350|39.8|-1.38081|-48.31633|G|2025-12-30|2021-06-16||f78bf4d8a6064e84|2041-12-08|||Marituba
LIC-LIC-01|CLARO S.A.|50409307637|010|105752021|690461526|AV ENGENHEIRO VICTOR DA SILVA|CONJ. COSTA E SILVA|PA|1501402|100MG7W|NR|SA-NSA||3350|3350|170|FB|||760|152312201350|24|25|13|-1|X|48|152312201350|39.8|-1.40885|-48.44131|G|2026-01-21|2008-06-23||c415f4d813210ea8|2041-12-08|||Belém
LIC-LIC-01|CLARO S.A.|50409307637|010|105752021|690461526|AV ENGENHEIRO VICTOR DA SILVA|CONJ. COSTA E SILVA|PA|1501402|100MG7W|NR|SA-NSA||3350|3350|20|FB|||760|152312201350|24|25|13|-4|X|48|152312201350|39.8|-1.40885|-48.44131|G|2026-01-21|2008-06-23||c415f4d813210ea9|2041-12-08|||Belém
LIC-LIC-01|CLARO S.A.|50409307637|010|105752021|690461526|AV ENGENHEIRO VICTOR DA SILVA|CONJ. COSTA E SILVA|PA|1501402|100MG7W|NR|SA-NSA||3350|3350|280|FB|||760|152312201350|24|25|13|-1|X|48|152312201350|39.8|-1.40885|-48.44131|G|2026-01-21|2008-06-23||c415f4d813210eaa|2041-12-08|||Belém
LIC-LIC-01|CLARO S.A.|50409307637|010|105752021|692374493|R URIBOCA VELHA||PA|1504422|90M0G7W|NR|SA-NSA||3350|3350|150|FB|||760|152312201350|24|25|13|0|X|40|152312201350|39.8|-1.36702|-48.35237|G|2026-01-23|2010-05-21||5351f4d831c8ace4|2041-12-08|||Marituba
LIC-LIC-01|CLARO S.A.|50409307637|010|105752021|692374493|R URIBOCA VELHA||PA|1504422|90M0G7W|NR|SA-NSA||3350|3350|270|FB|||760|152312201350|24|25|13|0|X|40|152312201350|39.8|-1.36702|-48.35237|G|2026-01-23|2010-05-21||5351f4d831c8ace5|2041-12-08|||Marituba
LIC-LIC-01|CLARO S.A.|50409307637|010|105752021|692374493|R URIBOCA VELHA||PA|1504422|90M0G7W|NR|SA-NSA||3350|3350|30|FB|||760|152312201350|24|25|13|-9|X|40|152312201350|39.8|-1.36702|-48.35237|G|2026-01-23|2010-05-21||5351f4d831c8ace6|2041-12-08|||Marituba
LIC-LIC-01|CLARO S.A.|50409307637|010|105752021|690621930|R SANTO ANTÔNIO||PA|1504422|70M0G7W|NR|SA-NSA||3350|3350|0|FB|||760|152312201350|24|25|13|0|X|36|152312201350|39.8|-1.35188|-48.33581|G|2026-02-13|2008-09-30||b0a33318c200679d|2041-12-08|||Marituba
LIC-LIC-01|CLARO S.A.|50409307637|010|105752021|690621930|R SANTO ANTÔNIO||PA|1504422|70M0G7W|NR|SA-NSA||3350|3350|130|FB|||760|152312201350|24|25|13|0|X|36|152312201350|39.8|-1.35188|-48.33581|G|2026-02-13|2008-09-30||b0a33318c200679e|2041-12-08|||Marituba
LIC-LIC-01|CLARO S.A.|50409307637|010|105752021|690621930|R SANTO ANTÔNIO||PA|1504422|70M0G7W|NR|SA-NSA||3350|3350|240|FB|||760|152312201350|24|25|13|0|X|40|152312201350|39.8|-1.35188|-48.33581|G|2026-02-13|2008-09-30||b0a33318c200679f|2041-12-08|||Marituba
LIC-LIC-01|CLARO S.A.|50409307637|010|105752021|1013188052|R SAO JOAO- (ACESSO PELA RUA JOÃO MARINHO)||PA|1504422|80M0G7W|NR|SA-NSA||3350|3350|150|FB|||760|152312201350|24|25|13|0|X|46|152312201350|39.8|-1.3685|-48.36364|G|2026-02-13|2022-06-15||b0a33318c20067a0|2041-12-08|||Marituba
LIC-LIC-01|CLARO S.A.|50409307637|010|105752021|1013188052|R SAO JOAO- (ACESSO PELA RUA JOÃO MARINHO)||PA|1504422|80M0G7W|NR|SA-NSA||3350|3350|280|FB|||760|152312201350|24|25|13|0|X|46|152312201350|39.8|-1.3685|-48.36364|G|2026-02-13|2022-06-15||b0a33318c20067a1|2041-12-08|||Marituba
LIC-LIC-01|CLARO S.A.|50409307637|010|105752021|1013188052|R SAO JOAO- (ACESSO PELA RUA JOÃO MARINHO)||PA|1504422|80M0G7W|NR|SA-NSA||3350|3350|30|FB|||760|152312201350|24|25|13|0|X|46|152312201350|39.8|-1.3685|-48.36364|G|2026-02-13|2022-06-15||b0a33318c20067a2|2041-12-08|||Marituba
LIC-LIC-01|CLARO S.A.|50409307637|010|105752021|1013188060|R ALFREDO CALADO||PA|1504422|70M0G7W|NR|SA-NSA||3350|3350|10|FB|||760|152312201350|24|25|13|0|X|45|152312201350|39.8|-1.38706|-48.33347|G|2026-03-04|2022-06-15||b0a33318a342921c|2041-12-08|||Marituba
LIC-LIC-01|CLARO S.A.|50409307637|010|105752021|1013188060|R ALFREDO CALADO||PA|1504422|70M0G7W|NR|SA-NSA||3350|3350|130|FB|||760|152312201350|24|25|13|0|X|45|152312201350|39.8|-1.38706|-48.33347|G|2026-03-04|2022-06-15||b0a33318a342921d|2041-12-08|||Marituba
LIC-LIC-01|CLARO S.A.|50409307637|010|105752021|1013188060|R ALFREDO CALADO||PA|1504422|70M0G7W|NR|SA-NSA||3350|3350|250|FB|||760|152312201350|24|25|13|0|X|45|152312201350|39.8|-1.38706|-48.33347|G|2026-03-04|2022-06-15||b0a33318a342921e|2041-12-08|||Marituba
LIC-LIC-01|CLARO S.A.|50409307637|010|105752021|690405359|R DECOUVILLE||PA|1504422|90M0G7W|NR|SA-NSA||3350|3350|0|FB|||760|152312201350|24|25|13|0|X|53|152312201350|39.8|-1.37167|-48.3297|G|2026-03-06|2008-06-12||b0a333182df422ed|2041-12-08|||Marituba
LIC-LIC-01|CLARO S.A.|50409307637|010|105752021|690405359|R DECOUVILLE||PA|1504422|90M0G7W|NR|SA-NSA||3350|3350|120|FB|||760|152312201350|24|25|13|-1|X|60|152312201350|39.8|-1.37167|-48.3297|G|2026-03-06|2008-06-12||b0a333182df422ee|2041-12-08|||Marituba
LIC-LIC-01|CLARO S.A.|50409307637|010|105752021|690405359|R DECOUVILLE||PA|1504422|90M0G7W|NR|SA-NSA||3350|3350|240|FB|||760|152312201350|24|25|13|0|X|53|152312201350|39.8|-1.37167|-48.3297|G|2026-03-06|2008-06-12||b0a333182df422ef|2041-12-08|||Marituba
LIC-LIC-01|CLARO S.A.|50409307637|010|105752021|1014454619|R ESTRADA DA PIRELLI||PA|1504422|80M0G7W|NR|SA-NSA||3350|3350|130|FB|||760|152312201350|24|25|13|-2|X|70|152312201350|39.8|-1.3751|-48.32298|G|2026-04-20|2022-11-07||43fe3318f78f8efb|2041-12-08|||Marituba
LIC-LIC-01|CLARO S.A.|50409307637|010|105752021|1014454619|R ESTRADA DA PIRELLI||PA|1504422|80M0G7W|NR|SA-NSA||3350|3350|20|FB|||760|152312201350|24|25|13|-1|X|70|152312201350|39.8|-1.3751|-48.32298|G|2026-04-20|2022-11-07||43fe3318f78f8efc|2041-12-08|||Marituba
LIC-LIC-01|CLARO S.A.|50409307637|010|105752021|1014454619|R ESTRADA DA PIRELLI||PA|1504422|80M0G7W|NR|SA-NSA||3350|3350|240|FB|||760|152312201350|24|25|13|0|X|70|152312201350|39.8|-1.3751|-48.32298|G|2026-04-20|2022-11-07||43fe3318f78f8efd|2041-12-08|||Marituba
LIC-LIC-01|CLARO S.A.|50409307637|010|105752021|1017627492|R DAS MARGARIDAS - PX A RUA DAS ROSAS||PA|1501402|100MG7W|NR|SA-NSA||3350|3350|40|FB|||760|152312201350|24|25|13|0|X|32|152312201350|39.8|-1.35944|-48.45455|G|2026-06-22|2026-06-22||0b6d331865a50de2|2041-12-08|||Belém
LIC-LIC-01|CLARO S.A.|50409307637|010|105752021|1017627492|R DAS MARGARIDAS - PX A RUA DAS ROSAS||PA|1501402|100MG7W|NR|SA-NSA||3350|3350|160|FB|||760|152312201350|24|25|13|0|X|32|152312201350|39.8|-1.35944|-48.45455|G|2026-06-22|2026-06-22||0b6d331865a50de3|2041-12-08|||Belém
LIC-LIC-01|CLARO S.A.|50409307637|010|105752021|1017627492|R DAS MARGARIDAS - PX A RUA DAS ROSAS||PA|1501402|100MG7W|NR|SA-NSA||3350|3350|280|FB|||760|152312201350|24|25|13|0|X|32|152312201350|39.8|-1.35944|-48.45455|G|2026-06-22|2026-06-22||0b6d331865a50de4|2041-12-08|||Belém
