NumEstacao,690392931,690394012,690405359,690405472,690408668,690409079,690425589,690458193,690458215,690458282,690458339,690458410,690461399,690461526,690461909,690461968,690462000,690462042,690462190,690462212,690469322,690469349,690469608,690469675,690469802,690472781,690473150,690474296,690474768,690476671,690476779,690621930,690897570,692341420,692374493,692374507,692374558,692414789,692430920,692574832,692575006,692575030,692779027,699193591,1005218541,1005347619,1005379219,1005523484,1005953152,1005965029,1006009814,1006551279,1006632120,1006658146,1006658200,1006773581,1006796131,1006912484,1008139723,1013177174,1013188052,1013188060,1014291833,1014295499,1014370164,1014424140,1014424183,1014424248,1014424370,1014447116,1014454481,1014454619,1014459610,1014459629,1014459637,1014459645,1014459653,1014459661,1014476426,1014497458,1014755996,1015805130,1015827222,1015827230,1015838097,1015839611,1015839620,1015839638,1015881812,1015930147,1015930155,1015930163,1015930384,1016081836,1016081844,1016091564,1016091610,1016091866,1016091904,1016154221,1016162623,1016162631,1016185607,1016185615,1016185623,1016185631,1016185640,1016192743,1016193065,1016193073,1016267050,1016316493,1016316507,1016361430,1016558292,1016581561,1016648135,1016648143,1016648151,1016660445,1016660461,1016689133,1016785086,1016874950,1016874984,1016904948,1016925490,1016963669,1017043385,1017627492
690392931,0.0,5.348832176095436,10.230199103454023,6.05198183818682,3.3694339231025165,2.0388025788816444,4.027575681971995,5.152811711320805,3.3910940374042133,1.8150471536745,4.50561588251311,5.426538046414749,8.160586889065279,6.906384631258229,6.413741492573799,5.797040535682345,3.7786604543896583,3.2406557833873246,4.290711277181147,3.7307764785505606,5.838834467660159,7.010724851033569,4.120406553280576,2.252856419362303,1.9069129197488472,3.476107805406818,12.04976904838031,6.719128332079816,5.462252643805284,1.5900776277425126,3.485168440524035,9.28414112061347,6.047307074091258,2.7827980467362776,7.6588763748607995,2.1134763360803785,5.813296440756626,4.549890168468347,2.7551616722819086,2.138624322844428,2.6430219272483484,2.923197922331808,6.781296752326064,3.700211369862215,7.285626762072219,2.9431478063867207,2.895937700820285,3.131563143694739,7.628188733430138,8.956627152032384,7.280270578801889,1.2374626539657192,4.506693894723241,9.459947080591872,11.926357701937958,5.3562334481929,0.9607060166541633,4.7801723543346295,3.8852923118683247,4.190917138098407,6.496319856993668,10.361855381039632,5.801322643549065,12.289167206950673,2.418493351220604,5.270812796125301,6.383126375229097,4.476991648685097,4.056268656008156,4.260734951746251,6.009113642483954,11.046184921372824,2.591547818229746,2.6277200673615693,1.2427859267380312,3.945760233644066,5.490115777964386,7.364465813194779,2.611985927328525,3.3306645576029927,5.4777226287917715,5.306275217620003,6.067256727174631,0.9909993811145371,0.876061819006041,7.737481888866017,1.2142118542496632,4.743885095537526,4.427220581766062,7.975853422322536,3.5766952510692405,3.200817189578452,1.1717231725603994,1.4583952478814646,4.8803642355756205,6.385713363082191,5.863879936493614,1.701738606176587,3.4509088988288847,4.329038419822682,4.643209311649244,1.2323326669828605,2.742228119547511,4.329141116210205,6.660212395290138,6.697943960037007,3.0728388705114296,2.155551339118155,6.641328503625072,4.402793554731918,2.237102331446808,3.67935446746409,3.932528245349732,4.169092595198176,4.32033601454584,6.894322472254114,5.2147256164430695,1.667563265992939,7.926705594230488,6.810123309254635,2.459112030212781,5.96391872914699,4.638303616385307,9.330617074847044,7.893903887503136,4.4915271309210105,4.265309711617681,8.38035776896061,4.356273689941323,4.03348184183422
690394012,5.348832176095436,0.0,11.978115049359976,0.8619473710320323,2.0089154841779435,3.3543280468635297,3.2854266767182683,7.3723625912515995,5.339728338589075,4.305905896554349,1.6016856546956735,1.3561983971775629,2.8737881583701106,1.5755448550177233,1.4857996457365388,3.0130863175340257,1.9961549496437527,4.030999015795386,6.016031744396497,7.1146988088183925,5.923876381601128,10.577979017776547,8.580756779151178,5.324428036721896,6.122462753608422,7.239292875543826,14.249728350499229,2.2040722943689306,4.435009635753188,5.003821685882639,7.839317872490767,12.043058519276052,0.9378121638669352,4.239032439038318,9.704306826062009,7.437151919936353,9.320811869880496,3.084244177710155,7.445417585793849,3.827562477323048,3.147588735164741,6.283358938457477,1.7137399848926667,3.193622374166132,4.920513037161547,5.895273192673442,2.8132490157634438,8.324589057298377,2.286703147486128,11.284826547449777,7.375691761012144,6.349509459283423,6.932894472967546,10.237173487416023,13.258462567392826,9.934930542525453,4.590718196673604,7.639951540583858,3.084684420618228,8.752450222164118,8.473351620971101,11.287278570437191,6.8912843217060145,14.334445248203428,6.362517992512188,3.014915154982231,1.0609966804745368,6.48068256597859,2.3345914351009918,5.7631533382155,1.3448400281370902,12.62937193257227,7.666373841642235,5.263034664855466,6.584242402274605,3.0111555872200637,7.542893888314732,10.937346190558246,7.071268555930281,5.363296204686483,2.7170354847989087,8.307649323448711,8.99728312773051,6.179710014549092,4.570343123348374,7.0985414557113184,5.82808348125922,8.097119430954994,2.3947645063727356,12.101221407698443,2.4116762847638515,3.401259380106648,5.781349479064274,3.9156041825395067,2.2677387724721636,7.707068752123223,9.736940379489115,6.693745247600467,8.799656354418001,1.0290259698493651,9.652273983569177,5.042820491140463,6.659918039782511,8.400062234638517,7.274779530870834,9.841174975290693,8.331546786330975,4.69370748137637,5.333617967803467,5.501203565595105,7.076911495534704,8.933036745503898,9.225086207139757,9.480115733037794,4.137606098809548,1.5573841667431807,7.359032665906754,5.121145305555649,11.1319149223259,1.4720587394478053,2.9762083253118146,1.609832929231053,1.522648126527458,10.880858910932204,2.547171337917953,2.082500087702028,1.8473601599241285,3.668189523435804,1.9790752031476786,4.6690402541681335
690405359,10.230199103454023,11.978115049359976,0.0,11.916253747475684,10.81095088321969,10.929890164715218,8.754807419827525,5.137636406445825,7.264272760084221,9.138452339291517,10.392856030160154,10.796868842323843,14.201828011091374,13.077493123130726,11.61118765471144,14.443968388736538,12.115299601819336,12.994717052838118,14.489274875723044,13.840334362809848,6.081240090598037,4.5331452657123625,7.202091734435126,8.119719250094175,8.355549842990364,6.887901142251699,2.3600509619788017,14.18098464960975,7.626949575255274,11.76906267634476,13.12103334313418,2.302983880102816,11.796768638951002,8.431718459195682,2.572565952265052,10.628458488424176,5.021643755783891,13.631449375436114,8.141727575126634,11.750756421393854,9.681464620860286,7.307738271216109,13.599223276574333,12.968233793989688,8.2314188697819,13.173143017092237,11.771228833975579,9.177686320145277,13.485319909384968,1.5990533713520367,4.8531585498384215,10.977209720759936,14.72793702573844,2.3413299627912805,1.8005112425564291,7.108586518558138,9.796532580885723,5.457973551369484,8.991499485614057,13.39722339669182,3.789307012261867,1.7618581348530264,5.115343604601389,2.368472257659803,12.543756749119675,14.118021169856961,12.760730906796034,5.964097858711829,12.724246140356367,14.425687615249428,11.261812150915205,0.8387470871302141,8.889365703981271,7.844542558472956,10.339364239306633,9.048594669040945,4.831681234430485,4.433999787457641,7.967273475953331,13.50092404811758,9.467849817795582,5.00800298937805,4.32327562945171,9.606869234505275,10.70040899098903,5.601707991430918,11.359709109934538,5.651969493578846,9.588580126063718,5.756575361862241,9.850396005968978,8.965434139709705,9.08095033296555,10.238765621638256,9.734761826397678,4.304621683511753,5.514832052494927,9.028267809815834,10.51721140294233,11.363798251289948,8.437207840311654,9.141028229551186,7.555626729546601,6.553040094711303,4.732434876052716,4.045922433762185,11.280851439516624,8.54103631055626,7.130606572121924,6.641775303144321,8.582343289161159,9.467369710211894,9.751284419050949,9.95130959000041,7.874424168913788,13.03005536986894,5.0951477468081485,8.70882857853091,3.540007582536472,12.646800377633808,10.272103369317781,13.525348699174803,12.649580215001887,1.107508715708087,13.586506350792332,12.942873318269783,12.548834226423237,11.751083732131425,12.743749646325359,13.945210525339757
690405472,6.05198183818682,0.8619473710320323,11.916253747475684,0.0,2.682724033634038,4.109417925827092,3.4449097073949853,7.536986197837097,5.625879728133232,4.843903137601078,1.8382727440730744,1.1296246129498602,2.4493628030377472,1.183322470080503,0.664425928026228,3.675252188545333,2.853625743803453,4.892886407133028,6.873916602062651,7.9708667531140245,5.83522032128425,10.84594992895653,9.04665389595501,5.775807630222293,6.6493720467371595,7.643117431903651,14.225140427788302,2.478928692815601,4.292679092923055,5.8182479483870475,8.670286133688048,12.14594878334307,0.13582339631648563,4.618423533700625,9.745852657110374,8.158437757894122,9.609494574269577,3.904518460090236,7.980196121618476,4.651816063303131,3.6726589065732593,6.686102147277837,1.721427198174711,4.053237278673548,4.439367417454374,6.749749129836079,3.6457502223154337,8.94174861832383,1.7630676784112624,11.331649701396431,7.192398920426616,7.103865046865739,7.794045175390409,10.05927625224842,13.107398644428558,10.39515067608025,5.238108602207072,7.8895574375997874,3.2931495423954025,9.57867698016877,8.547332880393444,11.10778926801338,6.903477000397522,14.283233220431143,7.194150939079579,3.7594024106034527,0.8619975120969812,6.668751570024676,3.1915075592309012,6.619547928057692,0.7207215563634946,12.528940139984039,8.264689994975367,5.661104708846597,7.2941949704664895,3.2093358384258948,7.67213079269443,11.198964685813731,7.583529773119155,6.224918458018356,2.4635595034858286,8.549907304966787,9.203245122725598,6.832541362311909,5.312116252592952,6.803330630767116,6.610918876267277,8.402267693878311,2.505417251717953,12.442752002334474,2.8136788107343653,3.750687492981684,6.378407306146788,4.5984539463205785,2.22628828661344,7.710537420322402,10.075392132252876,7.2994665703572315,9.496092225766604,1.7492621446416818,10.20711371095764,5.623990842314332,7.115296929941014,8.80672740922655,7.184631260051218,10.05624773001377,9.07706953157111,5.1599808327851235,5.033171151458106,5.630628800521662,7.646737206130947,9.56375503562807,9.869777570003569,10.132987268552933,4.223035832469646,1.141289753479448,7.51261989768621,5.647556247558969,11.327219408435143,0.8451959631272173,3.61739600369969,2.1046141588477925,2.3610824768088303,10.810781779660738,1.9760088008402235,2.9174022187805706,2.704053137454409,2.812839216192208,2.827243155827292,5.522112213405476
690408668,3.3694339231025165,2.0089154841779435,10.81095088321969,2.682724033634038,0.0,1.4774131576443992,2.2043658039117733,5.88152082700377,3.7178743619998906,2.353755449250141,1.3714340935833007,2.183091329751393,4.873909951907853,3.5838821591044936,3.077014714397133,3.636147465009383,1.3277630494274109,2.970764694025419,5.023341937496577,5.686792999263038,5.025860640072307,8.862158701038615,6.6488785325624145,3.447115652215217,4.156373839114721,5.384797656510112,12.981823477687689,3.779092497667923,3.8233908883120766,3.2953061084201165,6.170345609276007,10.569602874479916,2.681125028677816,2.522425237312684,8.378185454540231,5.476221873337836,7.5898209971789825,2.9139305636133286,5.466636644375149,2.2298744435299453,1.2682909871935653,4.446562828496213,3.5944912107842675,2.462980889082693,5.066146012462028,4.475578251502687,1.4221640383935472,6.31581825202639,4.294759850501392,9.920579118963493,6.59982032743144,4.438901828834201,5.79469708409401,9.348202905361012,12.255882614501557,8.001491867273662,2.5823012268772456,5.9969603869252674,1.9439459825905647,7.049758687077223,7.116116648168912,10.378574781095804,5.715318199524,13.116615408303431,4.718432292066943,3.3160048371533826,3.0657053545305835,4.9805370624307095,1.9583651410990714,4.817993507396005,2.6999707810357774,11.530309398491147,5.660275179927944,3.4608160791623925,4.611488429856887,1.9194214328972543,6.110876783226945,9.227017469767988,5.109904056107071,4.159738221951562,2.782679666237996,6.661971719784208,7.396585546738479,4.173404179234355,2.6442684048426006,6.600585742444984,3.986922077292132,6.360420679529422,1.7939196242171638,10.278935446999236,1.0424103288767876,1.8474948601550767,3.778021399799781,1.9188448534259086,2.087012729208871,6.513151013035952,7.934897364801199,4.686968375310784,6.815942078126734,0.9801378607689359,7.657957589673823,3.0487652937304177,4.754425598182656,6.52906591276219,6.296582181306554,8.212641575206026,6.402203540770814,2.8154101576259802,4.983713417216518,4.169505918562917,5.0807801081489545,6.924433494121458,7.218377184315356,7.475364071736353,3.050016696705545,3.56629026860921,5.888556297679721,3.165825592080699,9.518013018905025,3.4494843759435203,0.96943368918162,3.016569908614446,1.8780419683247784,9.749215733215026,4.551882919151818,2.1326017778331856,1.7378888866839843,5.155774757039552,1.933379625057095,3.8711510729329492
690409079,2.0388025788816444,3.3543280468635297,10.929890164715218,4.109417925827092,1.4774131576443992,0.0,3.0382324052316645,5.817961537349189,3.666626084418812,1.8184414407400653,2.8033381023779445,3.6565291471381114,6.129379306694339,4.890335618919925,4.544602453777078,3.9729110927143787,1.7665648513327172,2.105495266931483,3.9632965748275746,4.321421259845929,5.600817711206988,8.385426955871583,5.81412035992337,2.9486790409911414,3.3158589475104643,4.780221835561375,12.969109819930459,4.70283494244027,4.7058095061405965,1.843612621164777,4.706137941779025,10.37457732691457,4.122301753743031,2.5399562014777928,8.397276864600208,4.089937297103536,7.122257468534158,2.8534458088083503,4.513914268130992,0.9608832102094216,1.490506652694092,3.9402212527134433,4.74259614058229,2.080884735370268,6.238148023323548,3.1480967332858696,0.9699380656165363,5.136812038113921,5.615037565984693,9.85981279190692,7.175536736327483,2.997432131770785,4.5970180039121535,9.742506087109783,12.498805179285311,7.13370676811109,1.5047174274080166,5.724631318804875,2.805989298118022,5.57720991593503,7.1465137079985395,10.733491918500757,6.001977945126416,13.151198650507041,3.270731576426736,3.497733819248053,4.367351327336277,4.966140949320844,2.1466581100546906,3.807311887998479,4.175765055658895,11.699408552109876,4.540236450180929,3.132201334181649,3.250138437292253,2.826243297970434,6.104850545102266,8.750787862933883,4.236506547553173,3.0029435696205606,4.083601433753802,6.354832174536214,7.123655815127677,2.9595580176554956,1.2181812027297605,7.3686265517847165,2.5131715439632734,5.927453076809544,3.0158442807023165,9.60595107379257,2.10884132054164,2.3312753462842086,2.7526115731320426,0.8034284040649173,3.402690197151078,6.738109545077579,7.340497130217967,3.5819795807843997,5.4703899244021645,2.3609209610302693,6.590734247898926,2.1629858320896895,4.065597792610384,5.842091346339781,6.7268874113048005,7.87669107205644,4.97755152087424,2.416855363485211,5.923791910667222,4.427351318108081,4.054479607606504,5.706898605071692,5.9690529746796335,6.207741230792935,3.697620685729636,4.881051118845079,5.849412343909941,2.4622690661092164,9.170434810808096,4.8256938945549,0.9080235774764478,3.9403924364145704,2.6200244162686084,9.923573283631908,5.885400243138432,2.545044378234896,2.2698418989211735,6.632461207786819,2.3867610442531024,3.0771844148687006
690425589,4.027575681971995,3.2854266767182683,8.754807419827525,3.4449097073949853,2.2043658039117733,3.0382324052316645,0.0,4.104323892913271,2.2256602690062017,2.250164869693234,1.6854103293744924,2.3548735371209193,5.89198886542759,4.619131871200783,3.405970711383255,5.742776718181665,3.5250357050296124,5.015395138324884,6.984518923240812,7.279792042396503,2.8325393405896504,7.40577332620348,5.846278271661627,2.6967651144975506,3.724468866134846,4.356512585636201,10.99353077416935,5.462587000644292,1.6764298595691232,4.7383225059883065,7.4159578069794065,8.759137610347752,3.3557204656627655,1.4898666550829016,6.426245454869347,5.983898925367075,6.178981642310567,5.117065645683282,4.994259490959252,3.995378855344069,1.5724844237684168,3.428239047580219,4.979574382674264,4.637692353238623,3.2877805448284785,6.1542368137198595,3.498156550753867,6.197110996041299,5.19313398068703,8.003510955396418,4.3985889479027405,5.264487450641776,7.633925295991409,7.175301216962738,10.126209988688124,7.159122987080967,3.068838507535943,4.448540826728358,0.2605147319428496,8.190652041076937,5.189346817540069,8.213837857143268,3.6414391707253566,11.0954330821731,6.104849209665795,5.48030427535848,4.201875154095041,3.226497195225258,4.1578919006188935,6.812225350258893,2.9678549143280555,9.440194724148364,5.482313369152016,2.451796632059154,5.133938109946951,0.2968786972089666,4.261205731279019,7.7570063677474845,4.550134073751693,6.038457751734971,1.6185573932853279,5.106498307513886,5.759894447801414,4.4105774143280945,3.711019107325199,4.41648916410081,5.072238765483304,4.986137531752755,0.9398397510380532,9.037099239802293,1.1643918304620027,0.827760458098504,3.751892947916891,2.836407232217286,1.3015530807045188,4.456300127127617,6.676125260988012,4.614148104794813,7.088181508440345,2.6104237709199207,7.2024935559559475,3.0427861344458784,3.9539407146819103,5.5015737456816725,4.13413261449747,6.612086921397084,6.990432384897062,2.2115922563402823,2.8880439075312423,2.216727973550415,4.796386138900124,6.845409880967581,7.196985762768873,7.484984712453397,0.8826773716682489,4.5803856268836,4.08551660755974,2.8367187121959656,7.887326514082154,4.276840883835746,2.1326369083117127,4.779696693352344,3.928719798863391,7.670525460164416,5.378556937005522,4.287473590717006,3.88856203333406,4.800623915835272,4.090403646133475,5.965998705889628
690458193,5.152811711320805,7.3723625912515995,5.137636406445825,7.536986197837097,5.88152082700377,5.817961537349189,4.104323892913271,0.0,2.185613891693692,4.010995085871681,5.782895921883821,6.423521054322338,9.973337966617965,8.716903656511596,7.422004375587991,9.497550469519986,7.131168947126873,7.86333052357573,9.368798870453904,8.84479198019555,2.5066619338491667,3.443585679535713,3.3417174448402727,2.9854408191862776,3.3572277163874062,2.1919405524812268,7.157772282532131,9.510692122764661,3.705756944406098,6.654969010138357,8.298247068277144,4.695233456157513,7.440776377906127,3.3884396662122174,2.5821274593996093,5.939866669829361,2.3711836589894184,8.583708777441721,3.591917856611694,6.616916603933255,4.668497191394223,2.2562676033381326,9.077708157826823,7.880092007726241,5.30240912917269,8.087553545538153,6.694032254615742,4.928359990926693,9.264987779864962,4.059649942568498,2.9794557140428695,6.031911434627433,9.658241361019419,4.383986216572001,6.786471254556649,4.2038675775574,4.661695079120546,0.8328080223860523,4.289274590860284,8.732631499738012,1.3538521274578597,5.229177473965404,1.391723949774237,7.333328301686246,7.531440521383932,9.122791767404875,8.306162429458073,0.9027667041314366,7.713988271979173,9.296960445980696,7.003070232417711,5.932201974549847,4.398904583522813,2.7084977988384553,5.461532048092466,4.365393954088897,0.3491009249055711,3.767989233344226,3.257883176282046,8.375771112095986,5.33240207313658,1.22119142535677,1.6966535943365098,4.656128331492528,5.569812925245502,3.8850106569359473,6.326188688603678,1.5492431692247468,5.03693440698582,5.241197639644534,5.029936460655127,4.060171363269161,4.045113302096526,5.107152934863489,5.3274423723232305,1.446720629278077,3.051098940621897,4.202642739143819,6.269149347793053,6.584991644707886,4.976278563683479,4.017333162978821,2.6577570311316463,2.6491855553439034,2.1836527705607796,2.549914167515303,6.776712429124745,3.411265815610604,4.06278976694855,1.9116046795723611,3.8810572549040665,5.437944013886224,5.799660526622463,6.0724450872697,3.324591646211344,8.676814808479417,0.0988104527544076,3.5793328660588646,3.7935473989817874,8.356586617042476,5.223125777381042,8.791738019986411,7.758399622543915,4.187927661200117,9.432107987664638,7.979851137092731,7.597923814618341,8.321877229093808,7.783345886275657,8.809760917950594
690458215,3.3910940374042133,5.339728338589075,7.264272760084221,5.625879728133232,3.7178743619998906,3.666626084418812,2.2256602690062017,2.185613891693692,0.0,1.9035606443179058,3.8017339967064325,4.567115147341341,8.073563689194629,6.780026415862999,5.628928585452178,7.317302723955805,4.9485107987211645,5.74651680827275,7.383127499088069,7.108813484268043,2.5176107908144623,5.239375272993038,3.7054938946016978,1.1726942185556188,2.086615612951331,2.180755882458568,9.338534556257315,7.415317450512349,2.686561421451273,4.725484004116942,6.816825098024318,6.854899021333781,5.546890725378053,1.20501105177195,4.744914957090144,4.789091857470686,3.9887658746748516,6.4005596805121545,3.0939125334819138,4.513855049539691,2.4864930569179955,1.3351294132758191,7.053253245728811,5.709332754991496,4.616301547629325,6.2051855350679315,4.517212335902789,4.445850159949305,7.386630419994794,6.245024556477144,3.892331776818323,4.4922315293566415,7.784170153226919,6.166788328944939,8.840447646465519,4.978516065824035,2.6835236178284014,2.3049043921742847,2.3384473285170486,7.416762435585823,3.4868737795541676,7.123250724265444,2.439516583617746,9.504085119200223,5.803813394276582,6.93759384283583,6.330566001274823,1.3049470567115242,5.528527154447369,7.2835518392663205,5.18857433227778,8.033070505059483,3.7525225127934525,0.7744134592518848,4.0844480008362165,2.4246077312399894,2.4497287781186765,5.597939982947742,2.636713243868159,6.383278437060543,3.7463843110139528,2.9736681652467545,3.687943938532773,3.239943877023862,3.596003111986612,4.4161597449711145,4.6050921307986465,2.776404028235497,3.1474199410209596,6.820828046935769,2.9386392748428594,1.9463196623102994,2.5158095914339857,3.00361016237831,3.526892639833886,3.10756950823883,4.455840521340597,3.1022458292430386,5.5757717169455505,4.479183126560132,5.180081159215401,2.1602356878803715,1.941809960501326,3.2970274103758497,3.2746908995742836,4.517933636180918,5.763164274808959,1.3307136719848092,3.6405546904477357,1.0384268022027037,3.0676377013011993,5.077043050341531,5.4489503666248575,5.743278729068518,1.7359037147532232,6.744811792483227,2.2050140728265504,1.7251751380464417,5.8188452296331095,6.467618109677134,3.0379840154561757,6.6778127316279425,5.595504735100127,6.258806493144979,7.583390532551998,5.79912841837185,5.420223012071176,6.928980178629598,5.603417807522786,6.707612270001669
690458282,1.8150471536745,4.305905896554349,9.138452339291517,4.843903137601078,2.353755449250141,1.8184414407400653,2.250164869693234,4.010995085871681,1.9035606443179058,0.0,3.084078877283407,4.006128583967231,7.177279105892187,5.870357652440802,5.067618423016676,5.688694050146776,3.345046920912655,3.8564340342770675,5.491513757547282,5.359450692950686,4.140673960091526,6.631470253696301,4.29522203765261,1.1566511751994408,1.81674000993985,3.070032873832509,11.154199930841472,6.114934609843974,3.6487249110293094,2.882199590485683,5.282880609187814,8.559190512828652,4.805976560675403,0.990252341559994,6.592971748991488,3.7367436808978116,5.360055332042145,4.6474632584205295,3.1431148399060214,2.6156878553687664,1.1715299094232796,2.1692294999935937,5.943532438167799,3.8973847835166198,5.476540964890908,4.369730448226417,2.7417200669222814,4.13729615138164,6.558132905186722,8.043442021138265,5.654824340654011,3.0474228383150828,5.938992442391394,8.061115591507072,10.737823818731355,5.6482054110176785,0.8970978059729613,3.909555671451174,2.141660639175378,6.005857629794555,5.349779059406359,9.025137656415067,4.319752188571252,11.341118318178832,4.09197792789293,5.252029831296473,5.3651145246474,3.1792759837036995,3.8544278799923206,5.384908655670094,4.632317100682636,9.918486824549314,3.4416404103127376,1.31403091843905,2.883784359627365,2.2126109343384384,4.307093979466593,6.997740204519805,2.7658987118407783,4.492322791458457,3.785826936684197,4.546101011035568,5.312118771783409,2.181056376129288,1.748284180996778,6.014650839607727,2.9541333093213877,4.146950723490145,2.7959337314550328,7.95934641318949,2.0773707592819783,1.4403100929533814,1.5823260936552854,1.102695115310799,3.25892011800116,5.010256749755971,5.639128035416635,2.497298862729878,4.889405419510634,3.3011910860806877,5.36406126957909,0.8266947788155408,2.4089296109140306,4.19410477080935,5.112703333079727,6.078005045414744,4.741911509857204,0.6003655951287817,4.8355810373080566,2.7921274637895124,2.8053989516057216,4.775060543924047,5.104008149690626,5.38158841676142,2.5089265842361588,5.846722303881998,4.046687444332541,0.8157547758952105,7.377558823199089,5.6689516238893285,1.4319604497499538,5.346055149348563,4.112877315515712,8.150293134158494,6.798470748912943,4.192984974552329,3.850833003933613,6.845202137618113,4.00963755479896,4.811288515341046
690458339,4.50561588251311,1.6016856546956735,10.392856030160154,1.8382727440730744,1.3714340935833007,2.8033381023779445,1.6854103293744924,5.782895921883821,3.8017339967064325,3.084078877283407,0.0,0.9300635450170316,4.276414395613269,2.9784985520686655,1.9840342541829967,4.273973583361949,2.3683880700516164,4.279608498228882,6.345300856137708,7.0580211256497325,4.366345218963578,9.035692513657892,7.21947278083245,3.951669804758188,4.859766989033285,5.805575253092423,12.654473316242466,3.792457165760836,2.9350016724940127,4.643547597339222,7.50915745315151,10.444534041765095,1.7736516547821883,2.7813414305398103,8.103076412746384,6.612471969103662,7.790210200618779,3.905251129563826,6.1888135115026985,3.6009879911322438,1.9355848742535724,4.849011903365066,3.295536291499801,3.653742302052329,3.8269525029218703,5.846855188609257,2.757272887241271,7.219117973900424,3.600504403578918,9.683223955760827,5.863164188804447,5.659742300562181,7.146510991143759,8.706514637113463,11.706298686976268,8.564967760716273,3.608583310034792,6.084542849779404,1.494938447638546,8.374415249726036,6.871758321621903,9.754450799470538,5.295318503883384,12.744700015971066,6.070426412466301,4.10753250099716,2.5343334473698516,4.896861572667719,2.961107849637457,6.127824876808842,1.5485340539797232,11.056124018529648,6.5256855354170895,3.824529985364095,5.73636211947121,1.4175475086479068,5.94598138916851,9.391699436918767,5.779879399625114,5.511917729059603,1.4926878040899343,6.749320434540627,7.423416587657267,5.177837327530797,3.887248401877925,5.684480246268994,5.271400211511431,6.576511161292989,0.8063198963153254,10.61039669407849,1.0085860402398221,1.9126613119829659,4.655260208820917,3.06254150811315,0.8357566223441929,6.111464127719063,8.242676215379959,5.576076772289619,7.885775988350595,1.1140351814372393,8.422009857552766,3.8940100070367913,5.28827756904779,6.968989743545991,5.7097789740602,8.2718284640714,7.577838560499506,3.3457195147229197,3.9614341735292093,3.902115903423994,5.884316901229769,7.853610661529222,8.175740415116598,8.448586380493643,2.5370729838487276,2.9437796590986367,5.766786142101175,3.8661376432546164,9.555708635572424,2.6834619599702907,2.06443029074527,3.137155391664543,2.4840508654875264,9.299303430999279,3.8127202421001543,2.9492988875799733,2.572245339705472,3.8795500270987193,2.7697306421886343,5.12964390718113
690458410,5.426538046414749,1.3561983971775629,10.796868842323843,1.1296246129498602,2.183091329751393,3.6565291471381114,2.3548735371209193,6.423521054322338,4.567115147341341,4.006128583967231,0.9300635450170316,0.0,3.5498435571426388,2.3113392103236703,1.0814183988120993,4.351317322953472,2.877491820805231,4.906968160403704,6.9643535397000855,7.823054554223373,4.716031895530508,9.759169375479779,8.085375691871452,4.83068457753198,5.765691245277582,6.64171324342614,13.100556452569412,3.476026190691257,3.18256200559699,5.477115343915146,8.353055545648155,11.018758742440097,1.0222238380741717,3.6340220633307214,8.61622804451576,7.536326605543782,8.533770053948407,4.2584406480152195,7.09123560289965,4.382350230823158,2.8646922352662565,5.691146416806295,2.808278626551801,4.1780881423995435,3.5694397246421246,6.601065328538548,3.4585232127989065,8.143167969242189,2.8436706445064437,10.202025090155042,6.103799360297036,6.566387970117661,7.817298113180029,8.971852096579509,12.012079971694595,9.423164889667154,4.536898908649332,6.802133278312854,2.2300732430713905,9.232415828331927,7.418960871665992,10.021766197078799,5.774020754053232,13.162689701211404,6.89767818754463,4.303267100429071,1.9638765776687113,5.563828538731917,3.385488532784739,6.730267462915823,0.6366280079752824,11.41828583066207,7.4470318929656685,4.673716718416714,6.6606545361500755,2.143180127072188,6.551080979785531,10.109209334613077,6.674889578057125,6.194441147982406,1.386465936888799,7.457869953287813,8.097889492217396,6.107896864396208,4.783112853820798,5.771049168376924,6.153963327417642,7.337734253173432,1.4201451113683714,11.38694262840905,1.9289892087851956,2.7661013842739797,5.581422556163748,3.976773811804356,1.0998952463961387,6.581610542965781,9.022910082463197,6.50126713920675,8.815258026847475,1.5401426086860548,9.32523754663077,4.820167664058347,6.158339865024299,7.800955270249052,6.067680751412097,8.952332167890468,8.4966959317636,4.239081352905275,4.000536981282071,4.513746053097987,6.799948617993101,8.779252961153231,9.10318859870702,9.376832530579897,3.10256605000119,2.267966904842983,6.396643891582663,4.778579849182964,10.216387839346707,1.9330909343836995,2.974284993164557,2.953136861395759,2.7120355332837236,9.692481995968905,3.02387420583882,3.251046296750997,2.9292756507129383,2.979359261740829,3.1038028688932267,5.680072659739036
690461399,8.160586889065279,2.8737881583701106,14.201828011091374,2.4493628030377472,4.873909951907853,6.129379306694339,5.89198886542759,9.973337966617965,8.073563689194629,7.177279105892187,4.276414395613269,3.5498435571426388,0.0,1.3110081350649,2.6003940684051825,3.883047856296446,4.500541526992978,6.227861218490659,7.902004003815117,9.351615494596244,8.149233793829032,13.295139347264497,11.43861323267942,8.172059738929798,8.994005983822985,10.065455343272466,16.5358486271814,2.0598802532962366,6.595316900397761,7.594661064640136,10.2929467749109,14.549455976128701,2.536441162529104,7.043535165285157,12.121514707773128,10.212041219030787,12.058582006278941,4.794041231115672,10.318485077494394,6.416331550087443,6.013776646993543,9.107487745046885,1.465131640710546,5.322975308777482,6.288649136337911,8.193389376667188,5.415567664751814,11.185096815013294,0.7189429107677857,13.705159281850992,9.393981841337894,9.078945676508027,8.888296470725248,12.231897052096254,15.290655633707225,12.791575298371596,7.44751638052279,10.338516182128318,5.742483660828727,11.220053039227217,10.946004327465234,13.269280491268189,9.276686921409004,16.56945647233814,8.84015625290381,4.277432827644814,1.8129102088291593,9.111827057876624,4.519887034718038,7.6287250827857935,2.986812548361668,14.772932319289145,10.534049904301412,8.082321034187686,9.37944429960193,5.658695450619181,10.097451774941577,13.64783947441163,9.941026948282426,7.51143971611412,4.75898406271905,10.998190554251572,11.646374805232258,9.027182433786589,7.342951759684831,8.868752118779371,8.501198397188679,10.849878436355034,4.952149160756176,14.88679369879184,5.219151240769952,6.18158540393549,8.651483740568073,6.756640525329993,4.64700525662247,10.072407612692045,12.51908213572968,9.560547016245643,11.599636389775327,3.8956740741272053,12.525826192304148,7.915917077203035,9.511591732206028,11.22917836411768,9.47947486229399,12.50030689923873,11.06091026204712,7.54611600496589,7.1447175110813035,8.06317788351671,9.949986577345772,11.786283983253426,12.069637616739822,12.318557025395645,6.651108077556909,1.3395857015973256,9.946046186866559,7.991717539378863,13.766209871554977,1.6169942849946668,5.84331001283126,2.509848956821467,3.694185166812504,13.094378601588152,0.6509838318158393,4.090297512682171,4.113650300113998,3.290260793146168,4.121390176332896,6.542200456853011
690461526,6.906384631258229,1.5755448550177233,13.077493123130726,1.183322470080503,3.5838821591044936,4.890335618919925,4.619131871200783,8.716903656511596,6.780026415862999,5.870357652440802,2.9784985520686655,2.3113392103236703,1.3110081350649,0.0,1.518259712803203,3.33669865981762,3.3509634167666302,5.233341964742007,7.063220827760656,8.371622090714775,6.999525004308694,12.010634575288428,10.127711220423228,6.861076642609246,7.686814852904931,8.756417187557545,15.393568345195858,1.7082291060407373,5.450544840432874,6.4463403775882995,9.21879281845536,13.329192857149275,1.290524601976923,5.736107418283482,10.926241880900818,8.980271197063509,10.76805972438189,3.954443650878638,9.01278814623111,5.261495575628867,4.704911362958329,7.7984783231718735,0.8119144765352355,4.336253660549527,5.410465131108568,7.17836989003993,4.245494011587943,9.899695236214239,0.7257348526852241,12.511987789273096,8.322976869659609,7.869575847158286,8.02957502617712,11.184229184979607,14.238590177624573,11.480601974044976,6.164622219554136,9.05633268880008,4.457906543280197,10.142227570339509,9.730164837256014,12.230101365684016,8.08267463924632,15.445537989313541,7.749108726871664,3.592041128042188,0.5233428714295301,7.8452589849497105,3.4855638361251504,6.79522599359174,1.8181683541118783,13.67868822384801,9.241862023405522,6.773572607296332,8.135697995398838,4.375708941060662,8.85466233331908,12.36531756354583,8.632601788626657,6.555044359023977,3.6105976812476723,9.71882458812469,10.379024112155886,7.751429655445936,6.108375982689505,7.8822289574982705,7.31821452594918,9.554998590615291,3.6814079754228257,13.586170138106656,3.9096860359375265,4.8765795686130575,7.356535079005155,5.483966900824332,3.409432768562061,8.887983028571757,11.21851219643831,8.26928636588779,10.354636830217123,2.6037443264867384,11.22438699373233,6.616325060800687,8.200583877465368,9.919972310171254,8.345112940585382,11.23105412837061,9.85433041920221,6.235147103976119,6.122939352723726,6.812198114791537,8.650184998912401,10.506791154654398,10.796575657966857,11.049775396085957,5.405808265340234,0.05267007547687345,8.693517249141498,6.6840504814539266,12.50531870579742,0.47954444264998275,4.551703167379555,1.7223646013929788,2.619670585677149,11.97093023890644,1.002207113995092,3.099278524638123,3.0326115952205086,3.0236083839195214,3.0839806162384806,5.687860605065491
690461909,6.413741492573799,1.4857996457365388,11.61118765471144,0.664425928026228,3.077014714397133,4.544602453777078,3.405970711383255,7.422004375587991,5.628928585452178,5.067618423016676,1.9840342541829967,1.0814183988120993,2.6003940684051825,1.518259712803203,0.0,4.333380903250617,3.437253612163859,5.4916606956758685,7.496050380000975,8.53589599206368,5.549894968357463,10.791892321594304,9.166597578945888,5.9116531989557215,6.840289821675751,7.719378119871298,13.940206183140349,3.0475100522072007,3.995838582946532,6.310250544249059,9.179627323138655,11.959240999456384,0.5554671066101677,4.715189561913702,9.523397468235775,8.527196262796112,9.57795806071358,4.55873114511472,8.167609373178587,5.1641381999166525,3.912176111861171,6.770304907589667,2.219808472641677,4.672189970378413,3.905210696212439,7.3114537447890875,4.177536126682911,9.200572004617152,1.8814529439094279,11.106275712827912,6.826520044032984,7.514417657407378,8.403673988601811,9.681448006982246,12.738390591233033,10.503623307980641,5.553558427837228,7.838063930724418,3.2988287727013943,10.07846364603445,8.355796462918006,10.72528030408909,6.679501495636548,13.9795340755945,7.707794578795417,4.423828047453584,1.3899893067659974,6.580591053357146,3.8177756753760845,7.245115244946514,0.4451446653622274,12.195488988417505,8.508939623286182,5.754215676932339,7.654886643254239,3.211126108138027,7.528844984320558,11.138387132346967,7.753625749567649,6.817863355993217,2.1586720886079056,8.487703124766412,9.108354361133712,7.138233054824629,5.720315085790635,6.365485160281704,7.057743697039563,8.391434587256626,2.484937188484862,12.442736307214807,2.9924664712998337,3.8475135933380726,6.635051614849477,4.95566123307828,2.1131760914497897,7.472969947702572,10.082046879044691,7.556743559089471,9.832956627824231,2.226558463100177,10.401507336163103,5.874206090063783,7.239756881811923,8.877210920024728,6.883868725954683,9.963896490140893,9.46979997439914,5.317590851566059,4.609713345125375,5.511109696985175,7.868256387068515,9.83315467514881,10.15190668550378,10.42244378030815,4.099715918362667,1.466696233805672,7.389354545629997,5.849196027008353,11.213900606688572,1.0526377071370314,3.9553937656315377,2.7443557284055786,3.005385353436849,10.50371416387139,2.0178729540240554,3.564311406618689,3.331221336400798,2.193396536196065,3.4648135665985067,6.153643179003508
690461968,5.797040535682345,3.0130863175340257,14.443968388736538,3.675252188545333,3.636147465009383,3.9729110927143787,5.742776718181665,9.497550469519986,7.317302723955805,5.688694050146776,4.273973583361949,4.351317322953472,3.883047856296446,3.33669865981762,4.333380903250617,0.0,2.371109701655262,2.8834534760416153,4.127524025682955,5.761867193420851,8.565375971063306,12.319471071693956,9.778933178410616,6.845326143616867,7.288556311119596,8.734309630344937,16.616675370473185,1.823339040598889,7.201232788223875,4.64720482097027,6.902607653453331,14.168196959062922,3.799333934398505,6.112308639888004,12.012308888510349,7.511953956933499,11.048653210773955,1.300431170734226,8.45795304694713,3.67057607337128,4.83081186007955,7.8572098148351195,2.5949233515335233,2.131968611974137,7.919675635468547,4.732112012307895,3.0032788409365487,8.907625254511633,3.839001658948857,13.548133364165848,10.105159246038959,6.312996540489589,5.1172861278632755,12.915185565713205,15.86404782910862,11.085000945392979,5.471380292996641,9.549013698606826,5.491514109553511,7.8123576454167605,10.749499228388562,13.955785739680266,9.339207271633281,16.752754241901986,5.566672179642627,0.5585110480615612,3.0733790352752264,8.600696567348177,1.8372095327146023,3.854714611188095,4.321648567716782,15.15609411379025,8.38818791379403,6.952779393871922,6.819793863926134,5.446030086241977,9.737805635452156,12.685695408171702,8.202533242843236,3.948807234365539,5.650393329401504,10.20343367975179,10.956872670777658,6.785096508901332,4.9265800254425285,9.958250344277735,5.635500346474364,9.8342025581824,5.04656532469419,13.578706611591853,4.604989227485507,5.483621541049372,6.701430212655268,4.775561078299405,5.087172513039084,10.142411337945942,11.302377027998016,7.469844857038956,8.922448650048159,3.1776260620022896,10.439864700776845,6.135442544701745,8.031057630985103,9.812961657227854,9.87686948987541,11.748341051639551,8.165139618290192,6.251624355992609,8.22510869283489,7.804243670504647,7.975354777225371,9.40843415813288,9.61085042945853,9.807738722257207,6.621034337470914,3.3730809408074918,9.509296966448108,6.413385696058595,13.05250064688529,3.6820451094755753,4.3089925506386875,1.6350404843481057,1.8159861248784661,13.377171336929406,4.09364419280299,1.518200007780052,1.901662389187111,6.309688506913512,1.7142066518353278,2.8408680343676904
690462000,3.7786604543896583,1.9961549496437527,12.115299601819336,2.853625743803453,1.3277630494274109,1.7665648513327172,3.5250357050296124,7.131168947126873,4.9485107987211645,3.345046920912655,2.3683880700516164,2.877491820805231,4.500541526992978,3.3509634167666302,3.437253612163859,2.371109701655262,0.0,2.058170465517011,4.095023867494089,5.118544521979629,6.351990174840317,9.9723492004908,7.5396353885863165,4.498309434704959,5.025784988370044,6.410692975964391,14.26346199738067,2.9413066618755788,5.11240127998885,3.100452556324518,5.877770550114364,11.79734096225185,2.9144801047615516,3.743625554198374,9.658904584718956,5.7511393266490645,8.699438698067928,1.595278529504921,6.263432226749018,1.9177344920007644,2.462684774607204,5.512472602008288,3.0620694749018544,1.3040799021707676,6.1949642421021585,3.8996665178358874,0.9185359894538097,6.897282569287966,4.069324933921844,11.185899540812988,7.923368898179328,4.593779213102936,4.975851221476465,10.675795426140082,13.57693624060102,8.8722546501549,3.2512309428554915,7.179578900159302,3.2653016542031295,6.798236710390607,8.395358544383166,11.705496319762847,7.03220523445362,14.408404987440267,4.403948940504747,2.002892671841159,2.846757015258156,6.236738834172288,0.6330167684228325,3.8562031871508564,3.1858893004100777,12.842741529422671,6.306666265945116,4.588026214323712,4.948538395556664,3.2356658197287937,7.376979622885404,10.338602960967796,5.965009381902919,3.3806741049797564,3.860998589074621,7.835669710047495,8.587137606079951,4.721803226738271,2.9175639114714147,7.896144779967616,4.001748958579285,7.4792871611985765,3.003166809969156,11.286865190577407,2.360663170517499,3.152782668607359,4.505907035716807,2.530795761095064,3.1926828970577854,7.824931295418207,8.981383603346496,5.348063476095653,7.156945149933994,1.3413568583582676,8.357183605795914,3.868522575904128,5.726463009106437,7.515885228943323,7.623948248095449,9.382361460471781,6.569195961147223,3.8931859322386977,6.240800876621497,5.4752895857970065,5.814716068371502,7.457614290794942,7.70857784078555,7.93875134213958,4.377267764156579,3.353061431894452,7.144863485571167,4.101648317268683,10.687372748135138,3.399559723408787,1.9419069385791234,2.1858663016244377,0.8597923622722466,11.06040857766746,4.350488757512741,0.8549585268340055,0.5118549865784703,5.6301078511808855,0.6656362505201608,2.803810692495352
690462042,3.2406557833873246,4.030999015795386,12.994717052838118,4.892886407133028,2.970764694025419,2.105495266931483,5.015395138324884,7.86333052357573,5.74651680827275,3.8564340342770675,4.279608498228882,4.906968160403704,6.227861218490659,5.233341964742007,5.4916606956758685,2.8834534760416153,2.058170465517011,0.0,2.066649895155537,3.139080024316672,7.686309385798216,10.183550533139654,7.36021216468639,4.914154579315696,5.02098264936876,6.583257816340378,14.985371358218893,4.334818918647608,6.689737442035323,1.8333401250444494,4.098251953547212,12.323259599899142,4.9615323819122805,4.643671963458693,10.445150194470296,4.688866557856932,8.95054677725468,1.5937212940943528,5.995754587142877,1.2495095311339042,3.550115520089202,5.846257858063913,4.765584563787136,0.9052802810004171,8.036708904423888,1.965859708983511,1.5511260721401257,6.209750278813362,5.918890652176411,11.871653712471641,9.26639575811402,3.498839877384105,2.9183730900809626,11.847687947315922,14.586836975822642,8.589180208611738,3.2716931266545823,7.693388587551155,4.764440863416372,5.023018637265071,9.205714917221584,12.836509402770494,8.105874649919004,15.184096973053597,2.701467205631026,2.3251359266132208,4.767177354459026,7.034716342376455,1.749438509633095,1.8497392504320695,5.243311058786986,13.774296355552432,5.77266282364436,5.1557488191139065,4.072947317652038,4.765644680251529,8.163117916386545,10.543397461765325,5.831362217758962,1.3345294609486462,5.74371500908416,8.29437121080025,9.067524651572556,4.212387530694382,2.4635850210458017,9.413852865677349,2.8074946428821903,7.806119849146042,4.761501598036601,11.21535873874452,3.934158127780053,4.389235895089043,4.3288682334966335,2.7563716430316596,5.05035478000939,8.835469086963947,9.067576300391961,4.936921425116212,6.0835340786511205,3.3687998977258213,7.782531992867416,3.9689847538438277,5.8422970685815985,7.534516776034511,8.83113477924207,9.775067779263482,5.290575054419589,4.453825771879189,7.888487210932689,6.532558148112704,5.4767640534203945,6.656459929096896,6.826151586064603,7.00337276061952,5.750602165754877,5.245654933521736,7.901404526389567,4.358392188158437,11.044719205462203,5.362849833241776,2.929548181815548,3.7249946312307864,2.6192904681748614,12.003862639544808,6.202125804801479,2.1455863517554907,2.219991043046217,7.68505720807917,2.149673380160623,0.972197163549298
690462190,4.290711277181147,6.016031744396497,14.489274875723044,6.873916602062651,5.023341937496577,3.9632965748275746,6.984518923240812,9.368798870453904,7.383127499088069,5.491513757547282,6.345300856137708,6.9643535397000855,7.902004003815117,7.063220827760656,7.496050380000975,4.127524025682955,4.095023867494089,2.066649895155537,0.0,1.8422342149628623,9.536986739774848,11.228430082063326,8.197890426902951,6.387234920781917,6.197317508576656,7.760311591840002,16.34034505248325,5.878108498805454,8.659365411015195,2.7214308154102986,3.209357834809822,13.567426814747849,6.953655590043701,6.397471076062722,11.917100364529526,4.887575114390589,10.069879478261898,3.1205649746207547,6.859329263281742,3.0034013540433504,5.453749368608738,7.190626909319804,6.4830726771040394,2.8238998191272007,10.082008257534895,1.4597389749868743,3.6015468651712474,6.6469425555139185,7.703270007100561,13.244573212221853,11.097254243338774,3.907100459719661,0.9910217864312121,13.549480677397733,16.154414179376047,9.263451312436114,4.720538286664287,9.058981243696797,6.742364555076823,4.008461389406284,10.722305943308891,14.501954673622546,9.811073326319695,16.577299504359022,2.405109629088873,3.649260855033369,6.639987055472548,8.612034841866638,3.682416183421548,0.2739818880903517,7.274301485996571,15.295889418380352,6.410509751907414,6.6996641985695815,4.604484119591316,6.752636791996236,9.693344132526676,11.57220312208518,6.8246610523646405,0.99984928492949,7.803405646801326,9.596482478315552,10.357952863788123,5.0847827904433425,3.8048077670166003,11.329542059741993,3.31003965577392,9.031715299520163,6.804723245688369,11.98510213230455,5.95205613662924,6.294239288039796,5.461699761380882,4.42109140399283,7.108675539882226,10.487000933620399,10.04791215632931,5.789018705658969,6.0865157837616835,5.424282581903983,8.215406656349048,5.351783611118188,7.031166339816942,8.531376676502283,10.59589273284713,10.977055613888057,5.109806827993437,6.052630692558106,9.872081148578784,8.273715784851067,6.329889390989649,6.929332640853721,6.992157139393785,7.092931072636835,7.659770981304192,7.083374880207228,9.421233302874978,5.7900222003149295,12.18404048039017,7.258129394811298,4.856285042828589,5.416511393914524,4.5294583754236255,13.556076619374887,7.98115986881416,3.9931042100278833,4.169863797881789,9.684198317683377,4.054918725623351,1.375363387318701
690462212,3.7307764785505606,7.1146988088183925,13.840334362809848,7.9708667531140245,5.686792999263038,4.321421259845929,7.279792042396503,8.84479198019555,7.108813484268043,5.359450692950686,7.0580211256497325,7.823054554223373,9.351615494596244,8.371622090714775,8.53589599206368,5.761867193420851,5.118544521979629,3.139080024316672,1.8422342149628623,0.0,9.496450141922546,10.190928063552482,7.082383611496766,5.983375954323839,5.502756703448379,6.960702770899169,15.515393406286979,7.403834765445073,8.893475273724496,2.5424749419220793,1.3994590056764868,12.667165161089109,8.027108059645105,6.344624292659654,11.285492750438928,3.527261304856016,9.126954022319659,4.594477868564028,5.834748522354433,3.4570409343718778,5.710040182175179,6.590493398754458,7.894347815247525,4.041262266237884,10.539350130385078,1.225215799771515,4.373229134194769,5.312907368179968,9.057762756142646,12.479229147892296,10.982268847459936,2.8683363988682697,1.1942710644747834,13.183729766624534,15.57352668845269,7.987988791682052,4.474918522891612,8.390393060061932,7.070395753615829,2.1663401416487735,10.170695357802764,14.070631962591916,9.530605894652492,15.790157591487684,1.3155423928876437,5.23704469354895,7.900765875749308,8.20350462179549,4.8862103241301424,2.0649753004154388,8.243046726974587,14.668505933114702,5.236721480765654,6.353853543513655,3.535714291512451,7.103079312230668,9.187860444491019,10.513766755797498,5.913194433640469,1.8433037073808045,8.402061260139329,8.843110191125984,9.569653755469593,4.23349485402453,3.6297375563641867,11.37393304977835,2.5254336724308586,8.222379425556122,7.3371348445882925,10.717611636194249,6.4299347264167865,6.492349836277007,4.799744089680048,4.461997541799283,7.716131732242494,10.1126133343283,8.985129164684153,4.839845046771672,4.514584191441136,6.333113024377761,6.810677316353223,4.951218430595261,6.285579551645183,7.533328898788213,10.38313019301556,10.086514590149449,3.4929007518392,5.823218264430545,10.111327822866217,8.10020005626247,5.334346389963907,5.474358586528982,5.471426182632967,5.526375229737617,7.795491844111769,8.383292489732241,8.912383288724916,5.393715361615602,11.209858640502778,8.488672565288791,5.208203732025047,6.842266326648159,5.754368246787864,12.99016075817895,9.340922092343808,5.282999342999276,5.348303691693224,10.718405343890518,5.2876476378776776,2.923960467950564
690469322,5.838834467660159,5.923876381601128,6.081240090598037,5.83522032128425,5.025860640072307,5.600817711206988,2.8325393405896504,2.5066619338491667,2.5176107908144623,4.140673960091526,4.366345218963578,4.716031895530508,8.149233793829032,6.999525004308694,5.549894968357463,8.565375971063306,6.351990174840317,7.686309385798216,9.536986739774848,9.496450141922546,0.0,5.858501395676066,5.594609846611256,3.68509237254426,4.577212860793134,4.155650607550062,8.394836062295363,8.127125159044718,1.5540576788194733,7.0160499139921635,9.305366000024922,6.4990421340446645,5.7163180339388555,3.1683403122020364,4.017670937945149,7.3008016882283675,4.869783952356266,7.93891597321463,5.393969531285446,6.5465482482421375,4.137113964924038,3.6364459391373174,7.520805693902388,7.414146598956054,2.810063484721407,8.501155128921273,6.236951008010403,6.788710033405639,7.4305453360764595,5.585358954014213,1.5844214702057666,6.987486467106171,10.05929205206732,4.3511199393044295,7.340248349719955,6.631302466105241,5.021689420635022,3.265409823549635,3.090048476002008,9.928590689149804,2.954352570111535,5.395191989095441,1.2637100560450942,8.448013820985373,8.214903378810707,8.312647787421499,6.679886472911364,2.1174152614423756,6.983899493799804,9.39791664033785,5.187264382079143,6.708978880765995,6.134910523597185,3.2841928707005654,6.60119550159654,3.1270994416901297,2.4203372608437594,6.152654254384126,4.959720310442524,8.550497344970356,3.3950103453911624,3.7264853450101834,4.085199581290329,5.757400337288491,5.886458384736372,1.9035573232818006,7.041088775784782,3.9916387038396626,3.5613882808188495,7.704148181233727,3.993660146740914,3.3039164204124445,5.032211798540106,5.135080161417068,3.6637114133578375,1.969489154908968,5.557758792396236,5.5887524060179326,8.008612213416232,5.403709674727042,7.214297464263002,4.6133091927290035,4.243564912688021,4.97905181470366,1.3531324559922562,4.890030871624882,8.265003191325114,3.687650439449526,1.5579516435763099,1.4815417733979757,5.480841025176088,7.3867258953109305,7.761719070767428,8.052368461787227,1.9778076176499573,6.95259461842259,2.426983035538094,4.202525944854376,5.991237261719667,6.575108725393777,4.759840591041417,7.5003555347924245,6.749411312171397,4.976463213882875,7.548493525946428,7.119815719736292,6.720962334633419,6.03055281403446,6.922886501451539,8.655845352256238
690469349,7.010724851033569,10.577979017776547,4.5331452657123625,10.84594992895653,8.862158701038615,8.385426955871583,7.40577332620348,3.443585679535713,5.239375272993038,6.631470253696301,9.035692513657892,9.759169375479779,13.295139347264497,12.010634575288428,10.791892321594304,12.319471071693956,9.9723492004908,10.183550533139654,11.228430082063326,10.190928063552482,5.858501395676066,0.0,3.115940856070562,5.475351870821006,5.162567885250792,3.6132792417573385,5.511896846601344,12.621503929314855,7.1485198872141105,8.59356268562938,9.227162480126482,2.6265464462724126,10.760211449948397,6.366684945943173,2.8996200898422706,6.718510041433968,1.2737499961331458,11.238098030508146,4.3821041191520544,8.968535531551542,7.594278221218902,4.4623675896120885,12.290932841584217,10.441237721693861,8.665218460574723,9.795009003650561,9.34584975633461,5.038044141877548,12.598770333850197,2.934188099363574,5.7635622555587895,7.382093197889992,11.235143750670936,5.430588568444813,6.2969688327875355,2.629244554638803,6.950216188817054,2.9572325853448103,7.553705378969796,9.32655563701762,3.1089273281994143,5.714241632065577,4.6121817733954416,5.858325521810629,8.987349261996899,11.872914846086266,11.568072743135277,4.220134740179862,10.483594109968575,11.23289160030562,10.361795872256586,5.324663005607386,4.961362742033018,5.404013328753523,6.6854026651284295,7.636891375481371,3.4479562131151793,0.36628122378375066,4.410751388172927,10.312337884054342,8.747722580869294,2.3045150481239425,1.7742314216960273,6.145236094445407,7.721086030806163,6.7803145177630855,7.923088566174054,2.5017847665856126,8.344936851034493,1.879097026925359,8.171028477249342,7.178484649003106,5.865445831592842,7.588558525829485,8.680165431577587,4.125105954233339,1.2083252904374056,5.441048534126723,6.27895682871479,9.693324481636944,4.004406609432041,6.252708053612984,4.347406555473723,2.697091656950751,5.066778949193679,1.009479357004725,7.167824561598619,6.0815208534222505,7.403563853024547,5.309124064229004,4.905618608522201,5.180589974498737,5.411467531131231,5.5723369046189895,6.702817597763972,11.974075188346108,3.499813908597453,5.923158306194672,1.090791146286028,11.681794239122118,8.03660297325587,11.87008574364656,10.709569845586008,4.2586471665262415,12.782821206601058,10.823137062922306,10.47388710590557,11.765436465651629,10.63785208063865,11.033409660242429
690469608,4.120406553280576,8.580756779151178,7.202091734435126,9.04665389595501,6.6488785325624145,5.81412035992337,5.846278271661627,3.3417174448402727,3.7054938946016978,4.29522203765261,7.21947278083245,8.085375691871452,11.43861323267942,10.127711220423228,9.166597578945888,9.778933178410616,7.5396353885863165,7.36021216468639,8.197890426902951,7.082383611496766,5.594609846611256,3.115940856070562,0.0,3.271000403794268,2.515756744093735,1.5309906016818098,8.557152644795623,10.395358982742152,6.311610827967857,5.6509374220450805,6.116471482050608,5.6682357704710995,8.990818877580441,4.45141293436402,4.871228988830234,3.6034551318389103,2.1906880482209257,8.592856546922928,1.3671524237971455,6.2134161365718965,5.434273425107464,2.4183521634618583,10.23697328710831,7.756657666434028,8.181777294457326,6.74736426518047,6.779506646342502,1.983257994126336,10.795018807842048,5.678943685923951,6.320096746107081,4.307652991674529,8.145982812779133,7.30481947297004,9.0012386363318,1.3543506016085438,4.309996334825738,2.5154499650202666,5.897620508064974,6.260656503352248,4.170891233468174,7.928631749170563,4.695625597246811,8.872683600940666,5.9017131550036765,9.283356630133651,9.633338695642433,3.4774672056810467,7.960619747371022,8.224217955693177,8.721490665727337,8.038177202027079,1.846924094525272,3.415247391868717,3.6066836708487244,5.985777521914509,3.6247810778092524,3.432174565356292,1.577620015958559,7.320243046213114,7.428721267397754,2.4874765361279194,2.953408575247713,3.171702306754349,4.925967177919376,7.199625041929759,4.8904797271147356,1.8673942518284652,6.703894319843844,3.8554509883264356,6.233418680977517,5.319833412150558,3.082293680600247,5.0186873800170435,7.128426644725877,4.741827646808639,1.9076262593839408,2.442887074648136,3.3155417932431277,7.590634657298251,1.638357273141065,3.6712660343985255,1.931483678777773,0.7250429865032767,5.524839886313741,3.18239946438785,4.111412414767879,3.8927678093068314,7.053585647889994,4.372369163235597,1.8950413419960384,2.290207763693444,2.609077828374335,2.8488687617802446,5.441001884735047,10.100588038310754,3.4405016259096737,3.484385450318342,4.163901521825754,9.88775532901706,5.710740025277487,9.624385887988971,8.355828038802196,6.587882468012478,11.02130825452281,8.353562499352027,8.05140534246697,10.621311507870342,8.186882657756957,8.137926124307885
690469675,2.252856419362303,5.324428036721896,8.119719250094175,5.775807630222293,3.447115652215217,2.9486790409911414,2.6967651144975506,2.9854408191862776,1.1726942185556188,1.1566511751994408,3.951669804758188,4.83068457753198,8.172059738929798,6.861076642609246,5.9116531989557215,6.845326143616867,4.498309434704959,4.914154579315696,6.387234920781917,5.983375954323839,3.68509237254426,5.475351870821006,3.271000403794268,0.0,1.0499155315584943,1.937780213924439,10.071501926591667,7.225661125503176,3.652567246815047,3.681953276209657,5.647006982051476,7.431798863681541,5.721005095613832,1.2198024312632674,5.553837070725506,3.646841858528848,4.203562416150591,5.794338466378727,2.29928102976984,3.6647300272284586,2.193982211670946,1.0142229443369366,7.001352655180584,5.02843959031689,5.58352850966896,5.137426064819476,3.8903593380231896,3.5254831721970574,7.524563089485428,6.957769565037847,5.056434384850129,3.3217111649660778,6.716004447751836,7.219433197934966,9.767806893809187,4.621302016468777,1.6768304480742036,2.7854388757530697,2.697288764784397,6.244956957030302,4.339143361978788,8.139490115206723,3.549007195682277,10.274488034633318,4.671270162353655,6.407118790955323,6.371216334349853,2.240015456390606,5.010966603538747,6.311935018448623,5.467281534437628,8.91752313748096,2.8110673556099055,0.40095654016647725,2.9171263074691445,2.7834327876308365,3.30646514640522,5.8416322380094226,1.8610703551250976,5.392268862528403,4.315191487372115,3.407125131010774,4.177384727305313,2.0763047133441126,2.58491144288989,5.586399894532663,3.46452693775294,2.9909453093958853,3.4799328018768727,6.832598947722789,2.962422470498353,2.068748705514194,1.348537172852641,2.1799137799970447,3.9234600180049775,4.143027072441581,4.496768058300921,2.0263346554491215,4.534621780302414,4.353801263138147,4.519881684887484,1.0472384041544525,1.3402734131719465,3.085539817857585,4.4138822979753485,4.929289059927143,4.635433025276569,0.6338332960340418,4.714940449773147,2.2100455951496345,2.117398800357579,4.17276704931711,4.532667898938855,4.824337308296321,2.5579201009785724,6.8330897247967,3.0351436576023003,0.6010119759437162,6.226003839292417,6.616757511997905,2.570013941027099,6.460875591292138,5.252711468693454,7.169880400784427,7.7503082830120364,5.348025355030248,5.002035738555683,7.491367713383454,5.163514379318645,5.84522833368093
690469802,1.9069129197488472,6.122462753608422,8.355549842990364,6.6493720467371595,4.156373839114721,3.3158589475104643,3.724468866134846,3.3572277163874062,2.086615612951331,1.81674000993985,4.859766989033285,5.765691245277582,8.994005983822985,7.686814852904931,6.840289821675751,7.288556311119596,5.025784988370044,5.02098264936876,6.197317508576656,5.502756703448379,4.577212860793134,5.162567885250792,2.515756744093735,1.0499155315584943,0.0,1.5769747611184972,10.143930663836233,7.8833922696639664,4.686241125808747,3.492019393532488,4.95706278012006,7.38017778568225,6.606338845280957,2.235124686642747,5.790751363297253,2.7350040166596585,3.9359601889123437,6.134795352422597,1.3309307791112,3.8116190189640773,2.98384949587979,1.1061640487650424,7.7507847611688225,5.314696921303639,6.621334859418868,4.831404966906453,4.285277477752826,2.4783683338431355,8.372519288270192,7.054863008338505,5.829776877916586,2.6746968273111644,6.374458209681248,7.731634901786653,10.074484481473826,3.8584240090580337,1.8226661725946696,2.897582785605433,3.703861726613375,5.45509134937583,4.6696460072224095,8.5854891486217,4.227979806099833,10.386566270401213,4.195669780629586,6.806052727710552,7.18184300524758,2.8190487606742853,5.460670534616269,6.166477735729275,6.399394981999651,9.178319553854838,1.7632490696674405,1.3974700864816745,2.127322446339406,3.7878007870905432,3.704247132669708,5.522624469665828,0.9538521738398529,5.235916322132967,5.341518514621294,3.4020073422232997,4.160798499268453,1.3014971778601994,2.5590671308177932,6.455300769074086,3.0043585080544464,2.8383143434416396,4.4616825282564525,6.291790235326048,3.852718155044045,3.041726368945422,0.7357041539976528,2.5145766430213676,4.915008206551402,4.695063445868629,4.059658812782813,1.0157465768133769,3.5042824330583824,5.114554636295144,3.5623629368222303,1.158051966433915,0.8371895834715114,2.538622706546338,5.125657113090093,4.798055839334492,3.6879283636255207,1.5395212911128557,5.714008930378871,3.0999333711269923,1.0724985960850946,3.126385641944411,3.48424093078233,3.7754021818545143,3.6047716736159914,7.662910199156603,3.4304140170452153,1.0032788074546957,6.042042066426938,7.479400137509396,3.2052808390460243,7.112134717931046,5.840080621014971,7.487865550015953,8.61061692817574,5.8453462744951405,5.537637981795738,8.501094570623911,5.675950100307052,5.88046524280814
690472781,3.476107805406818,7.239292875543826,6.887901142251699,7.643117431903651,5.384797656510112,4.780221835561375,4.356512585636201,2.1919405524812268,2.180755882458568,3.070032873832509,5.805575253092423,6.64171324342614,10.065455343272466,8.756417187557545,7.719378119871298,8.734309630344937,6.410692975964391,6.583257816340378,7.760311591840002,6.960702770899169,4.155650607550062,3.6132792417573385,1.5309906016818098,1.937780213924439,1.5769747611184972,0.0,8.594108596933271,9.163441270682231,4.78498317146903,5.065015146887363,6.254520113977839,5.80838094136407,7.578449832225135,3.0247596749037546,4.355751661331217,3.8114332144642504,2.3674788611656954,7.629880345329385,1.400584329265194,5.359540044107143,4.128159850076858,0.9579676578565123,8.92787585594518,6.828669027967673,6.66815134313932,6.373255010346538,5.745291914967382,2.7494783082192473,9.402905125680437,5.525367216584436,5.064258976769698,4.093275614160303,7.893059899358832,6.512993538498759,8.641524494585223,2.8045147632073406,3.3372259091994,1.5057694311999528,4.427300265071413,6.612402825154657,3.3501640245201556,7.28296122950004,3.403753149557805,8.849369899168577,5.676178789875594,8.275119503025348,8.276469014789763,2.0579472457294345,6.8971790577215275,7.736510691261041,7.274748091981177,7.720437757583014,2.208009658129003,1.9832748599875105,3.4519117063782208,4.515550277417842,2.5293329515264134,3.9770514989551766,1.1031692305811072,6.806711901165634,5.918941568182692,1.8827675771160552,2.6163226282345917,2.7347942703493335,4.12763587230642,5.867041316559992,4.517559956356227,1.2743188683734223,5.239975265272583,4.895065065050948,4.846757288127997,3.893040333257843,2.305970664224392,3.9801551578683836,5.650714574754642,3.636437960953268,2.5707956202013666,2.1423149960436914,4.079154369167167,6.283659725219725,3.0823251707163415,2.639430655626104,0.7423827407301385,1.1638892933627996,4.286596716469902,3.2223445356863296,4.602116722593545,2.5698214885825763,5.565901248902635,2.8608213448151996,1.7338282378541607,3.2919479422324156,3.6621260938969282,3.9451395293070712,3.9139772935526613,8.726112979202329,2.2849357021664285,2.321547581902154,4.466862739570313,8.487984533602079,4.498992052925774,8.3984880871979,7.182102368193218,6.08632547748228,9.618287203321175,7.25357618092781,6.91854415985851,9.107153527867679,7.07350499880718,7.454132325201048
690473150,12.04976904838031,14.249728350499229,2.3600509619788017,14.225140427788302,12.981823477687689,12.969109819930459,10.99353077416935,7.157772282532131,9.338534556257315,11.154199930841472,12.654473316242466,13.100556452569412,16.5358486271814,15.393568345195858,13.940206183140349,16.616675370473185,14.26346199738067,14.985371358218893,16.34034505248325,15.515393406286979,8.394836062295363,5.511896846601344,8.557152644795623,10.071501926591667,10.143930663836233,8.594108596933271,0.0,16.446917340393036,9.947191866929277,13.626505567172408,14.656047582196702,2.8933234555877867,14.108143837804251,10.534066137005611,4.604761592236295,12.136461882923568,6.406833828118056,15.739073264264498,9.693115017291552,13.735862875107106,11.806581966461854,9.172401156568236,15.89327664156885,15.036865197003818,10.59100810792238,14.966744231721385,13.851794041715564,10.522922093181023,15.818143718679922,3.1137359319900364,7.211269190584119,12.653351146664761,16.483456979671523,4.623626372330328,2.2796342777229808,8.112808614584797,11.731787150667994,7.304027881140765,11.221199972353737,14.813492054050242,5.868182803013895,3.804471226380942,7.3591628780484495,0.44704271716664806,14.25386827082701,16.263166996221504,15.06252340418465,8.036252510758851,14.857986823966673,16.302129502238785,13.582075755194776,2.0363433550726247,10.366894475402777,9.84139410887416,11.97981230823851,11.283248214128088,6.8915104617635725,5.270107980808679,9.605231945826537,15.37141634296999,11.789229136344241,6.744106277084941,5.983500545930893,11.321386403462387,12.610069681199201,7.956044132779067,13.110413448367863,7.319865990987458,11.85511172576392,6.0454490480757945,12.05563059246461,11.135726401612335,10.879616638614467,12.238587153722767,12.026068655940385,6.543054792449574,6.685941877830275,10.67811567502589,11.788323194630472,13.590276274496317,9.498054329491435,11.049554644699848,9.31296383872997,8.009172338972204,7.056534072519574,5.431835259477445,12.657630572033394,10.554045349451744,9.487584168241645,8.826628421980152,10.182596253136664,10.691982880919303,10.921553299187147,11.075074618452836,10.120856702618973,15.346884175011736,7.1338112792386745,10.637405894287117,4.423510701715755,14.969655485296347,12.375411713234891,15.773226385854304,14.842858416824251,3.456620810046152,15.925383773847932,15.104181791069681,14.715351313378326,14.111043243122703,14.905970386792381,15.913908143695334
690474296,6.719128332079816,2.2040722943689306,14.18098464960975,2.478928692815601,3.779092497667923,4.70283494244027,5.462587000644292,9.510692122764661,7.415317450512349,6.114934609843974,3.792457165760836,3.476026190691257,2.0598802532962366,1.7082291060407373,3.0475100522072007,1.823339040598889,2.9413066618755788,4.334818918647608,5.878108498805454,7.403834765445073,8.127125159044718,12.621503929314855,10.395358982742152,7.225661125503176,7.8833922696639664,9.163441270682231,16.446917340393036,0.0,6.628671179427274,5.886069169576033,8.43301298114485,14.198869503058352,2.614679413650274,6.255819359079277,11.888830160185105,8.65554272749354,11.352291379577146,2.8099659886422286,9.159210990244413,4.754212559955044,5.042771854830375,8.225269835099539,0.8966516586587612,3.448746869664749,6.9180196529145395,6.288289325329754,3.8332290308094383,9.838001935284975,2.068696289961981,13.465336379161647,9.565860091758479,7.476514411586679,6.868176991902015,12.431148815777986,15.458598631295603,11.741768620231746,6.16236886366931,9.71869707804528,5.247264637280312,9.357771898032578,10.649418549995508,13.481468798576731,9.087772587366047,16.53570925212875,7.017159327590385,2.232955446759118,1.6575488591156071,8.611374043782549,2.7498069452474967,5.604155350746811,3.1992068317749065,14.833397871272446,9.24071914163772,7.232356288615,7.874531015895575,5.179164054744897,9.698789476622327,12.984943160933845,8.834490891605004,5.561518052959042,4.862478562063518,10.3872596157002,11.100297161055341,7.661645997041461,5.854135581029048,9.244368478751257,6.8453216116860105,10.122426377207306,4.59365021952848,14.057954306346886,4.485698578053757,5.471819419716257,7.41469061049745,5.441317506704767,4.46663231531568,9.903921235100748,11.712860723841695,8.276904256215605,10.069078328243478,2.936168994002643,11.286341620504404,6.739207971573243,8.523486797764896,10.30440553596816,9.47850693118871,11.933246445404563,9.424816468746581,6.594451314329122,7.472628866410345,7.668157863111667,8.729062070806382,10.398427955277985,10.64625488985245,10.872871019432916,6.327654103487147,1.7553800712179326,9.503489464939038,6.915273389633626,13.233478101984646,2.1467588090597296,4.6871384026637175,0.7713532274043787,2.083186895647023,13.084455750832856,2.304391749973192,2.2951974715874073,2.4576364001011144,4.727174774107613,2.3909966329093013,4.536009388942273
690474768,5.462252643805284,4.435009635753188,7.626949575255274,4.292679092923055,3.8233908883120766,4.7058095061405965,1.6764298595691232,3.705756944406098,2.686561421451273,3.6487249110293094,2.9350016724940127,3.18256200559699,6.595316900397761,5.450544840432874,3.995838582946532,7.201232788223875,5.11240127998885,6.689737442035323,8.659365411015195,8.893475273724496,1.5540576788194733,7.1485198872141105,6.311610827967857,3.652567246815047,4.686241125808747,4.78498317146903,9.947191866929277,6.628671179427274,0.0,6.353032068699552,8.92744420833311,8.015238311566735,4.1714788095420685,2.689639856364878,5.550260567718298,7.245884468195685,6.044863618630187,6.706149862073457,5.779245975681283,5.665455396264263,3.223205258356489,4.016696380627499,5.9908377081315045,6.282050595230705,1.937085465929524,7.795354304324257,5.164317688401407,7.117046845749039,5.876579177873456,7.12657356140242,2.9411436715406363,6.688218178459436,9.294708253847654,5.8028656339059435,8.83330370590448,7.504947095014288,4.535124385722539,4.319828460334826,1.925296726867314,9.65267333015231,4.429566250898458,6.853133628698497,2.7259896614081476,9.995022497124138,7.680403840493161,7.000522392215004,5.143401757307977,3.022801057704486,5.742453620170434,8.488448828237493,3.6356588700660537,8.237011585585142,6.414144725047033,3.28887003138141,6.4459560175698,1.9268932571918205,3.724876870423028,7.468124390068231,5.321501321024736,7.7085605685279965,1.8421041403759286,4.894033462636621,5.38776234898009,5.648440405467933,5.280466238651017,2.7841322728146594,6.5886932800260585,4.99680188283573,2.155742106201638,8.93641169123451,2.788172463303611,2.405624838076435,4.9328679307510415,4.431478646695799,2.168462921102852,3.4955472145676936,6.6691929219483,5.678864828580046,8.186277765343624,4.024268495734832,7.8443989471833335,4.331392072934472,4.627955409554001,5.804357151390391,2.8945895427976507,6.2287262304261235,8.249581607948572,3.3893283351973156,1.2213928799364515,1.9673160831341594,5.721474226581229,7.754053517568722,8.123901885482278,8.41811922523414,1.1441758504655797,5.403147483499326,3.648907522635446,4.009068878518892,7.4052042361420245,5.022552941886044,3.804187485580849,6.032793168958347,5.395177122397967,6.520472960208653,5.996336919681335,5.81661546013185,5.423002475143479,4.6183263929969325,5.625509827232913,7.6365375051650055
690476671,1.5900776277425126,5.003821685882639,11.76906267634476,5.8182479483870475,3.2953061084201165,1.843612621164777,4.7383225059883065,6.654969010138357,4.725484004116942,2.882199590485683,4.643547597339222,5.477115343915146,7.594661064640136,6.4463403775882995,6.310250544249059,4.64720482097027,3.100452556324518,1.8333401250444494,2.7214308154102986,2.5424749419220793,7.0160499139921635,8.59356268562938,5.6509374220450805,3.681953276209657,3.492019393532488,5.065015146887363,13.626505567172408,5.886069169576033,6.353032068699552,0.0,2.876819677627893,10.871974505313634,5.849415891030102,3.84835980646402,9.196647945943552,2.868414227949052,7.402487672405072,3.3483311186448583,4.28570658266928,1.1848724892742644,3.170710781584194,4.469362926674706,6.143294132784308,2.524100741049061,8.005496334451296,1.4875876650844366,2.202676598806821,4.385236420170437,7.167448122031254,10.526688063221137,8.536979187577598,1.6716430703835583,3.061188294365335,10.88303248248635,13.441400160224598,6.82813029412367,2.041961497327014,6.33840413621109,4.531812648423505,3.7683161027023644,8.007420913626348,11.817380372626973,7.1648613342334295,13.859190646774172,1.427280834255515,4.092750738562002,5.935654977906311,5.918109448787499,3.1374147886790453,2.6760000266573405,5.966379831732969,12.57743578426942,3.9810965276857146,4.011638665649747,2.243787489051977,4.5667776400043625,6.982965072853204,8.9452984703951,4.185750224177419,1.745140238712959,5.9131064374785565,6.882735645999532,7.647469764723347,2.479604695197447,1.135398615469064,8.872969317250305,0.9883103997046725,6.330333712214019,4.838806470569136,9.497650580679718,3.927864242018867,3.950310179638898,2.759147898776807,1.92298353926851,5.238986815200414,7.809858705075226,7.436932800417133,3.208051857496823,4.275570731593879,4.086699863167377,5.964314345375207,2.638971087114232,4.32887206648597,5.9046873360522465,7.982650041036208,8.2872587926297,3.547010620191202,3.401120204379483,7.572078171014562,5.66844886444913,3.755974995241304,4.8232299835887025,4.994846655438154,5.176878999538454,5.262903250563612,6.446230827942263,6.709682164383981,3.081702117156107,9.516326950018193,6.460501419750355,2.6929412816943636,5.187312681222956,3.9060300670022285,10.842870070380163,7.447660207049375,3.5914661253882034,3.4896966976130495,8.440291845189394,3.512194735490294,2.493943208714517
690476779,3.485168440524035,7.839317872490767,13.12103334313418,8.670286133688048,6.170345609276007,4.706137941779025,7.4159578069794065,8.298247068277144,6.816825098024318,5.282880609187814,7.50915745315151,8.353055545648155,10.2929467749109,9.21879281845536,9.179627323138655,6.902607653453331,5.877770550114364,4.098251953547212,3.209357834809822,1.3994590056764868,9.305366000024922,9.227162480126482,6.116471482050608,5.647006982051476,4.95706278012006,6.254520113977839,14.656047582196702,8.43301298114485,8.92744420833311,2.876819677627893,0.0,11.776130311501754,8.707921617978693,6.26337102677166,10.609014047130449,2.5195948970547173,8.250522667448239,5.66210240665775,4.988319097471106,4.019321760552985,5.90136627967275,6.0622221048260885,8.827907393944018,4.990007406573202,10.702577757686996,2.170510528179254,5.0266390835335315,4.221169255011285,9.928473748182327,11.688315317480487,10.702302612437208,2.3254480919266904,2.577341241464698,12.68134574344242,14.889221073519856,6.879288333953788,4.392355327834977,7.743137064532905,7.240014296631592,0.9272429571848596,9.573432167493381,13.509593983540444,9.154918942817554,14.955867474835411,1.4768000601003142,6.356622223150365,8.722021314113988,7.76533774997477,5.773223655787773,3.4083628180168173,8.841589538508773,13.957588625031233,4.289240966089238,6.042512765551008,2.836769654938435,7.2878799279395015,8.647089725013034,9.530686611825686,5.159406959769423,2.969762260664534,8.723468532588086,8.11847553726792,8.803044899184949,3.6579703755941435,3.7193244606795712,11.208016354403844,2.3449431563361127,7.469169446292286,7.646247612589425,9.584060286905899,6.740185027970267,6.593377666026905,4.33666272352563,4.602541210782033,8.06618450558033,9.65194771931107,8.020180584074764,4.119168266116114,3.243737898391627,6.9533843777894635,5.624079861137269,4.694671863945536,5.652561866160525,6.649128977617755,10.040363025818515,9.233601922364665,2.2151251973912824,5.636444293139692,10.118407158040872,7.848077225001003,4.539225754861136,4.275683911665071,4.220376670648775,4.239665403192067,7.791089304258237,9.223858415574494,8.375858269232092,5.103826505448832,10.280172363954703,9.275155837799293,5.5056866192854965,7.808000319460267,6.614337101276706,12.340822705592297,10.211524987528705,6.205361041988125,6.1955205661393675,11.316867721965963,6.172885241875726,4.12382089062233
690621930,9.28414112061347,12.043058519276052,2.302983880102816,12.14594878334307,10.569602874479916,10.37457732691457,8.759137610347752,4.695233456157513,6.854899021333781,8.559190512828652,10.444534041765095,11.018758742440097,14.549455976128701,13.329192857149275,11.959240999456384,14.168196959062922,11.79734096225185,12.323259599899142,13.567426814747849,12.667165161089109,6.4990421340446645,2.6265464462724126,5.6682357704710995,7.431798863681541,7.38017778568225,5.80838094136407,2.8933234555877867,14.198869503058352,8.015238311566735,10.871974505313634,11.776130311501754,0.0,12.040949214194262,8.058502043985175,2.4945828880327348,9.257096912273301,3.540537853916384,13.200406790236615,6.833693779717246,11.078729574337347,9.339232796719456,6.477001742662309,13.737432483254121,12.455364528563203,9.089169031047042,12.168694704788049,11.29591383728017,7.630190156976933,13.832831758079537,1.0964131991384665,5.737698828007349,9.815931621197517,13.662209302726607,4.104112687374747,3.8778177001188237,5.246003208728791,9.051774618950708,4.649981990873308,8.959812874774608,11.921227161923039,3.6036367769608955,3.9204765182959314,5.291286198628062,3.231885711145637,11.422086693147762,13.77346617954906,12.944299402641073,5.59790104089047,12.363729043639264,13.544795242781163,11.56264498027922,2.949672777377844,7.487730714749637,7.251507632781884,9.13346640836616,9.032116309928984,4.501179976245179,2.4100713394448947,6.774902927370513,12.614796379845654,9.810265517294061,4.029629042157106,3.2567194148306937,8.50756195210868,9.900079529971586,6.68450778086508,10.301115213029126,4.5423079789059235,9.674591809921587,3.49795939911453,9.723546257698342,8.755281833113349,8.113070025205767,9.611459359901717,9.919781078860728,4.529644160020578,3.7926620092712917,7.843000186505377,8.896623103817875,11.278478133678922,6.627172666650869,8.356498188192132,6.543139178055684,5.139462126071166,5.301123898782406,2.59257555921525,9.764794416028698,7.966745786660528,7.862290676500189,6.542418225077877,7.334114990328437,7.802123829874653,8.037660347273018,8.198330357230601,7.9299252236949425,13.286430039993519,4.697372697381559,7.9669999715504645,1.5357640821011713,12.94212448099466,9.86771362025551,13.484938763762976,12.447599143334752,2.616401183258731,13.976372994394879,12.65026722774532,12.27404945690612,12.504334076322449,12.455547360780486,13.226331306874208
690897570,6.047307074091258,0.9378121638669352,11.796768638951002,0.13582339631648563,2.681125028677816,4.122301753743031,3.3557204656627655,7.440776377906127,5.546890725378053,4.805976560675403,1.7736516547821883,1.0222238380741717,2.536441162529104,1.290524601976923,0.5554671066101677,3.799333934398505,2.9144801047615516,4.9615323819122805,6.953655590043701,8.027108059645105,5.7163180339388555,10.760211449948397,8.990818877580441,5.721005095613832,6.606338845280957,7.578449832225135,14.108143837804251,2.614679413650274,4.1714788095420685,5.849415891030102,8.707921617978693,12.040949214194262,0.0,4.5547810624657705,9.635718005372215,8.156696266860882,9.527033593084742,4.003525578115326,7.937252470359006,4.6885998703891945,3.6361036478468676,6.62228798870012,1.8528053828061246,4.13078064409701,4.30355968821341,6.804477654603363,3.6880577132384444,8.914444456610044,1.840109473109261,11.221463193774529,7.066065857603663,7.112463123987878,7.868077535507045,9.93239590414648,12.981604599220494,10.337600178863878,5.221382727878741,7.80320701865504,3.210738455879943,9.613552588159124,8.44086114380992,10.980615824962328,6.792221851058694,14.164138989792836,7.232716190220604,3.874089143171828,0.9931183691177107,6.576052008627622,3.2724032128654237,6.700960164524015,0.5853492706344932,12.406538108854795,8.233900190970699,5.598065076442563,7.290031813797671,3.1260415826330084,7.5719144303323676,11.112276167862104,7.536851178392166,6.291533848300181,2.338721636811555,8.462152859196346,9.110689712280777,6.814830586348987,5.318889062618795,6.671411904064971,6.629219693955215,8.322764682160264,2.4159122033049445,12.366260334954651,2.76161855264767,3.685452807892393,6.349216851531167,4.591196805959189,2.1218756854510206,7.597943135314487,9.999445954976721,7.27103325000597,9.48699001090046,1.7681254849476995,10.166493172604325,5.592724487821618,7.059350878110528,8.74156354832451,7.064649555094189,9.964336546404734,9.081775620940963,5.108794273034564,4.9017461976323835,5.532546412685304,7.610743824144769,9.539027898329282,9.848013258718911,10.112968976559438,4.122832675507933,1.2463804345165728,7.415191995529104,5.605891259866951,11.232466465945121,0.9217141283130635,3.6037004005530084,2.236053981006843,2.452349939502176,10.690932526426602,2.041277201199835,3.0106554351716923,2.7851505692495757,2.7305606506313196,2.914367950225158,5.606479647522942
692341420,2.7827980467362776,4.239032439038318,8.431718459195682,4.618423533700625,2.522425237312684,2.5399562014777928,1.4898666550829016,3.3884396662122174,1.20501105177195,0.990252341559994,2.7813414305398103,3.6340220633307214,7.043535165285157,5.736107418283482,4.715189561913702,6.112308639888004,3.743625554198374,4.643671963458693,6.397471076062722,6.344624292659654,3.1683403122020364,6.366684945943173,4.45141293436402,1.2198024312632674,2.235124686642747,3.0247596749037546,10.534066137005611,6.255819359079277,2.689639856364878,3.84835980646402,6.26337102677166,8.058502043985175,4.5547810624657705,0.0,5.934129481812736,4.58608886156191,5.099744139164729,5.208064768161851,3.517909748693004,3.4426386904820285,1.2814986298882378,2.0677297344487804,5.943793152243387,4.538439106162436,4.562622302463853,5.332852844855554,3.3399193537963376,4.7074514901498175,6.378272662653324,7.446218945520109,4.705618970810381,4.001212125223301,6.892328005704016,7.204847386679355,9.969999731329901,5.790320070380044,1.8869209009193801,3.4757264200435705,1.4776285462354848,6.968303907901396,4.672078899098382,8.193546452533429,3.4622558744700203,10.692293512152958,5.081741628669796,5.734602687204097,5.262847012547034,2.498342568516363,4.326385728669417,6.27313623324092,4.270078524390338,9.186694426912192,3.992549300607289,1.043367029138172,3.7663561363640268,1.5636499365926908,3.642563111067969,6.72962843391967,3.0808332679220984,5.403572783614706,3.106401402654815,4.14197570773788,4.874160438649868,2.991591844493754,2.7218174003276436,5.030242839440541,3.9418044811306823,3.8709343565005248,2.2637214805192576,7.862430725057819,1.8305232055321794,0.87036213471719,2.300086809957029,1.9777245254091547,2.7042517058062465,4.202301725016522,5.497945690189717,3.1347744023230497,5.62576311799653,3.32710575860938,5.739461046169368,1.6470425922087033,2.5266219377225267,4.188506830122293,4.205313218012341,5.692226915965042,5.593990398172353,0.7357888578521558,3.8586500491471103,1.8911446380332315,3.306679300420563,5.355787354616549,5.708246952915388,5.996831734836493,1.5455020507483117,5.704866983678935,3.404495789245779,1.3705083505061846,6.997022173929233,5.463236225725038,1.8433792557822073,5.508298405453529,4.397426671934013,7.406082118507996,6.593836885810378,4.5941266514858095,4.215727646248876,6.273724205127623,4.398484075694393,5.613928703803179
692374493,7.6588763748607995,9.704306826062009,2.572565952265052,9.745852657110374,8.378185454540231,8.397276864600208,6.426245454869347,2.5821274593996093,4.744914957090144,6.592971748991488,8.103076412746384,8.61622804451576,12.121514707773128,10.926241880900818,9.523397468235775,12.012308888510349,9.658904584718956,10.445150194470296,11.917100364529526,11.285492750438928,4.017670937945149,2.8996200898422706,4.871228988830234,5.553837070725506,5.790751363297253,4.355751661331217,4.604761592236295,11.888830160185105,5.550260567718298,9.196647945943552,10.609014047130449,2.4945828880327348,9.635718005372215,5.934129481812736,0.0,8.141957945547507,2.8158597565428134,11.14187235936427,5.662440335582947,9.198209306136388,7.203448669206691,4.735912251771374,11.375842415098326,10.4530254760767,6.600986277916075,10.602004315350696,9.26211781658402,6.7980499109693895,11.403045102279453,1.585797244173891,3.2904749733204794,8.428783930950983,12.159271373759644,2.5723689472417046,4.289731036654376,5.0829575310307895,7.229984790707398,2.895282867431487,6.645263421278501,10.932686159940006,1.2635723598450272,3.062618555584672,2.845333684230707,4.759246572328477,9.984024551488645,11.659144077178345,10.563120092425642,3.4400806386533582,10.25494138898199,11.85495820159167,9.13823390839644,3.388370474715699,6.437312180456911,5.289627423592027,7.803818146627609,6.7110372011090895,2.295337539519122,3.0085063150324323,5.450168963754916,10.929484987669705,7.366475928194379,2.5008198781092634,1.9182308711079754,7.053491530308441,8.131085334596648,4.274487403565435,8.794878635617126,3.163673791410269,7.313927467997974,4.661294638797296,7.462532205365442,6.533173549642064,6.512976115033225,7.689143508005515,7.523631769937687,2.05471602247611,3.4736183614267095,6.497231046759892,8.160006252656308,9.005388580889035,6.288473964328885,6.5703788364512725,5.0009034031457995,4.173622132342326,2.808180067757891,2.01520785244628,8.852522139323295,5.993363313540764,5.368820141943069,4.233877323117818,6.074536830567052,7.161271294613536,7.476574905271941,7.705170103126543,5.566926778953441,10.881842803259621,2.5478779303366275,6.140032506658843,2.4103292858283556,10.524425376999053,7.777094677542631,11.199425157409282,10.242400530387867,1.7400118035137127,11.535979765506474,10.499446857025239,10.110851827148096,10.01035588692883,10.301266995240251,11.389910457712665
692374507,2.1134763360803785,7.437151919936353,10.628458488424176,8.158437757894122,5.476221873337836,4.089937297103536,5.983898925367075,5.939866669829361,4.789091857470686,3.7367436808978116,6.612471969103662,7.536326605543782,10.212041219030787,8.980271197063509,8.527196262796112,7.511953956933499,5.7511393266490645,4.688866557856932,4.887575114390589,3.527261304856016,7.3008016882283675,6.718510041433968,3.6034551318389103,3.646841858528848,2.7350040166596585,3.8114332144642504,12.136461882923568,8.65554272749354,7.245884468195685,2.868414227949052,2.5195948970547173,9.257096912273301,8.156696266860882,4.58608886156191,8.141957945547507,0.0,5.731295292312076,6.214953777822677,2.4868123294229134,3.909107180301669,4.720235238836253,3.787163234901459,8.80275643758196,5.382688576268763,9.146235806997721,3.4436380390119927,4.836213836451842,1.7898709515926008,9.704886768349049,9.177618317616794,8.559873496396882,1.1989891246928472,4.65356259753372,10.310858159797272,12.406456520660464,4.4615596973001015,3.015744914653955,5.31625312593936,5.87717649271932,2.801179028954465,7.15994575855917,11.094386735365157,6.941349558629662,12.437208551967977,2.484524088105895,6.959150195271739,8.457257445151807,5.522153026187079,5.919776782318022,4.97671660039226,8.12211376874841,11.46647289392826,1.7696721805537368,4.042682013876389,0.8763486847111536,5.946272051870598,6.287716808578707,7.02865523350666,2.7084755962241664,4.169040877482772,7.5112062845425465,5.642198181207583,6.3055008380316515,1.5977645011080575,2.8720445934893504,9.187029623592828,1.8826593268288199,4.984207271768255,6.486379629896484,7.192684001963549,5.66523332791164,5.176595746846487,2.3165056492958223,3.571633753759737,6.945827913383919,7.346246584813174,5.510332687610308,1.7564481362863946,1.4168115882875068,6.425738502562388,3.3317277794781464,2.948514083499638,3.287588210865743,4.130489555252821,7.8430463523931095,6.7155559339484325,1.0083615461702604,3.862431731310059,8.352108921919948,5.81960351120697,2.0776099644375674,2.0483836859486457,2.157714718084082,2.3168999417291727,6.1122285771774,8.970832066176117,6.02459782881609,3.2369488339033228,7.764796412563835,8.90476431872977,4.572471016649413,7.922928205596835,6.60336089704303,9.8801984244469,9.974670907098076,6.372122521370919,6.205532022570847,10.480152406271861,6.26479680531477,5.2049563333985525
692374558,5.813296440756626,9.320811869880496,5.021643755783891,9.609494574269577,7.5898209971789825,7.122257468534158,6.178981642310567,2.3711836589894184,3.9887658746748516,5.360055332042145,7.790210200618779,8.533770053948407,12.058582006278941,10.76805972438189,9.57795806071358,11.048653210773955,8.699438698067928,8.95054677725468,10.069879478261898,9.126954022319659,4.869783952356266,1.2737499961331458,2.1906880482209257,4.203562416150591,3.9359601889123437,2.3674788611656954,6.406833828118056,11.352291379577146,6.044863618630187,7.402487672405072,8.250522667448239,3.540537853916384,9.527033593084742,5.099744139164729,2.8158597565428134,5.731295292312076,0.0,9.975669273791027,3.293165203332241,7.7263864783655665,6.321730835765413,3.1916916675397675,11.032497110585718,9.184470830816856,7.672451760022773,8.653924535374767,8.079988402252964,4.173766349384935,11.367014218194752,3.4882930107391124,5.052176709110642,6.279729843720778,10.130772735510167,5.360844133241204,6.822108858525505,2.2802374613355125,5.701064289025504,1.7508011671002983,6.316616333191548,8.440209500793351,2.4791895438133373,5.865983426805335,3.6803646168851145,6.706382655182703,7.887176193302958,10.605197342780722,10.318987801327696,3.0489079858815358,9.21343701418783,10.06108652528113,9.143799817265291,5.855273620383796,3.962596740935774,4.130740760947041,5.594408678577643,6.40102303871109,2.4653726487223406,1.639725283094096,3.2500840777326347,9.134917261741052,7.56929079048658,1.1541201965688233,0.9989712292816753,4.990122881506971,6.493022529550139,6.043885711567291,6.781822606733419,1.2299464268845488,7.115450245533886,2.8971051714367,6.9110587578185125,5.919645885123879,4.65326151996649,6.328041762896181,7.464812296249199,3.3651012208388478,0.7450280100995638,4.310711323509055,5.499635720950429,8.426843970847344,3.480705957576172,5.001592324293955,3.108352707016412,1.6023490633624138,4.2912441540671145,0.992544143315703,6.297831983420621,4.807990582815439,6.427716455963876,4.143155787180451,3.7955040245290363,4.445895581084853,4.734661059884336,4.943917796057219,5.51027311645328,10.732453835892304,2.4453124795200134,4.660873448697229,2.114833561653515,10.448666414951218,6.763062670457252,10.599425840352959,9.435877161428879,4.471853657250006,11.556989773347208,9.55066188553155,9.200551439910976,10.641590399564432,9.364998631288028,9.816359168098822
692414789,4.549890168468347,3.084244177710155,13.631449375436114,3.904518460090236,2.9139305636133286,2.8534458088083503,5.117065645683282,8.583708777441721,6.4005596805121545,4.6474632584205295,3.905251129563826,4.2584406480152195,4.794041231115672,3.954443650878638,4.55873114511472,1.300431170734226,1.595278529504921,1.5937212940943528,3.1205649746207547,4.594477868564028,7.93891597321463,11.238098030508146,8.592856546922928,5.794338466378727,6.134795352422597,7.629880345329385,15.739073264264498,2.8099659886422286,6.706149862073457,3.3483311186448583,5.66210240665775,13.200406790236615,4.003525578115326,5.208064768161851,11.14187235936427,6.214953777822677,9.975669273791027,0.0,7.2530328442074685,2.411609807382837,3.9502398323828003,6.792272358423612,3.3635894002090203,0.850988673962796,7.718732272158587,3.4991301785023072,1.9058257610222966,7.638451038919551,4.583614014102275,12.642651391594217,9.51375031207748,5.01627628400682,4.100260290500516,12.250191445267475,15.126286551283112,9.878524060554408,4.312786009193277,8.553855665443029,4.856901714828879,6.5810124595054305,9.880128919285447,13.274913124619873,8.57883467470684,15.900347406791592,4.291641559193742,0.7444244191790991,3.5547972968339505,7.703382342141443,0.9637043250913668,2.8495356034938277,4.418616683773449,14.373366476787433,7.139323925560152,5.949217203301481,5.53532850462651,4.829191914711449,8.848597709982032,11.60326492570887,7.023798562002571,2.753441701794359,5.385183700887307,9.19352384490889,9.95866117095468,5.540834198718718,3.690554159141046,9.490205263974696,4.336602688028509,8.77942258714343,4.584462967422053,12.421255074167629,3.9529530399651542,4.700778876917509,5.510910567197006,3.6499594187711217,4.740077300830548,9.360755856375457,10.182762968280608,6.23981539233263,7.623900901952613,2.8093303825951956,9.183991839930806,4.998373416603832,6.908766651557074,8.672430272265538,9.197688408723785,10.723375320331739,6.86550288300185,5.234852683902436,7.824859400105976,7.008607376077676,6.757490326908696,8.126822138108945,8.322140035927918,8.515162933633471,5.961829685216955,3.9771869399057067,8.60547684175172,5.315216306042584,12.020039877508248,4.180873215882118,3.3648018510425843,2.2969661908445063,1.5669989816782834,12.590324668128188,4.860928866646434,1.0111635376493362,1.3422956171140383,6.702499002708615,1.1566611869990109,1.7506982327861125
692430920,2.7551616722819086,7.445417585793849,8.141727575126634,7.980196121618476,5.466636644375149,4.513914268130992,4.994259490959252,3.591917856611694,3.0939125334819138,3.1431148399060214,6.1888135115026985,7.09123560289965,10.318485077494394,9.01278814623111,8.167609373178587,8.45795304694713,6.263432226749018,5.995754587142877,6.859329263281742,5.834748522354433,5.393969531285446,4.3821041191520544,1.3671524237971455,2.29928102976984,1.3309307791112,1.400584329265194,9.693115017291552,9.159210990244413,5.779245975681283,4.28570658266928,4.988319097471106,6.833693779717246,7.937252470359006,3.517909748693004,5.662440335582947,2.4868123294229134,3.293165203332241,7.2530328442074685,0.0,4.8610430942075915,4.3128210155304405,1.7839925461648354,9.059402331305458,6.411853683961884,7.710174557900128,5.417453569506337,5.469887641108869,1.3962851973956536,9.701107805963746,6.700431818546426,6.423213109382891,3.0012371641922044,6.855868752977992,7.8991128362425895,9.920127867413402,2.6273801339012666,3.013033200482308,2.888358598227443,4.995423854380284,5.2702799215259635,4.726507280831248,8.643277581224876,4.763033156082245,9.980837393616723,4.6083008401889485,7.953007858505063,8.505735055614645,3.3703343367114655,6.6537667333177515,6.876427951125227,7.725884893423595,8.979684804133493,0.8074922332880136,2.565856148922047,2.307717666499376,5.081138288438341,3.929917213737828,4.719168550388897,0.4581446766469146,5.966257743336549,6.611800013324862,3.1616527077760885,3.819061962811386,1.8061113095430894,3.5723158526392966,7.181869400973264,3.5494170582772684,2.500176294119283,5.769878169546766,5.22174860652378,5.182547216573332,4.351338799820532,1.7614679694286366,3.7326372012858533,6.218081334520948,5.03481426580144,3.1907536845074342,1.0791590765636423,2.6871763821327272,6.432333697166224,2.2340074164021266,2.425146948119811,1.1642665589704588,1.6996855683111702,5.657009507882853,4.261404304342497,3.214851736754709,2.8545982859708254,6.69998343480265,3.9880565492276805,0.53155695562517,1.9987618068208879,2.373660320145735,2.6666202861242025,4.766768202298434,8.989512453928418,3.684318147831323,2.333051111763725,5.379003572929445,8.809579308182443,4.505919402070805,8.38822793903278,7.096600546137328,7.402139342390567,9.940342142434007,7.058951593371459,6.773363226335616,9.790648716126476,6.899012551475241,6.7710617752916935
692574832,2.138624322844428,3.827562477323048,11.750756421393854,4.651816063303131,2.2298744435299453,0.9608832102094216,3.995378855344069,6.616916603933255,4.513855049539691,2.6156878553687664,3.6009879911322438,4.382350230823158,6.416331550087443,5.261495575628867,5.1641381999166525,3.67057607337128,1.9177344920007644,1.2495095311339042,3.0034013540433504,3.4570409343718778,6.5465482482421375,8.968535531551542,6.2134161365718965,3.6647300272284586,3.8116190189640773,5.359540044107143,13.735862875107106,4.754212559955044,5.665455396264263,1.1848724892742644,4.019321760552985,11.078729574337347,4.6885998703891945,3.4426386904820285,9.198209306136388,3.909107180301669,7.7263864783655665,2.411609807382837,4.8610430942075915,0.0,2.4511355979465246,4.602438645039315,4.97003510540202,1.5615931653639115,7.167712271637274,2.2501544485728737,1.0187316913439641,5.237052234393271,5.982811073719244,10.622147087383986,8.115964604552136,2.7231410039857726,3.64787710434659,10.643014648615848,13.35281092068895,7.480571401127163,2.0311516061377364,6.445089782929736,3.7596990814692153,4.927107530289968,7.961453157768491,11.622026083139392,6.89734198828556,13.935023434232985,2.5446202351150546,3.136855898269919,4.750894813761009,5.794847267261825,2.011034247178731,2.85252235284485,4.837757494787949,12.53351183112719,4.7277979191807535,3.908599336034245,3.1649350322763423,3.776513107967516,6.919173640546255,9.33029105005638,4.658834118930126,2.043259133863766,4.965118662939791,7.049221934862296,7.822318017496272,3.129623046507699,1.2887369455555318,8.326620720773425,2.0975454133914218,6.569805045943892,3.915021737973301,10.059469209306922,3.02246366362788,3.2909025167218258,3.144316355193159,1.5131276685576347,4.273669642252868,7.612989388635009,7.869998913156197,3.83294923141532,5.3255499309155185,2.9378095325321585,6.774204921093453,2.730923149475773,4.621532477165467,6.342510895703704,7.646362214303528,8.53730497640528,4.6760715276677765,3.210303205362674,6.882474693999035,5.333296254512538,4.356947654890123,5.744214296922965,5.958856639865327,6.167412881164388,4.656410804184269,5.261361226039979,6.656194128903646,3.1119822601614744,9.81265709704751,5.278992807907906,1.8627491201764648,4.035965179759917,2.7363145196732943,10.765980919401178,6.262893630856318,2.464224421827638,2.3244883114472423,7.318023561786983,2.364853889522222,2.195648205478338
692575006,2.6430219272483484,3.147588735164741,9.681464620860286,3.6726589065732593,1.2682909871935653,1.490506652694092,1.5724844237684168,4.668497191394223,2.4864930569179955,1.1715299094232796,1.9355848742535724,2.8646922352662565,6.013776646993543,4.704911362958329,3.912176111861171,4.83081186007955,2.462684774607204,3.550115520089202,5.453749368608738,5.710040182175179,4.137113964924038,7.594278221218902,5.434273425107464,2.193982211670946,2.98384949587979,4.128159850076858,11.806581966461854,5.042771854830375,3.223205258356489,3.170710781584194,5.90136627967275,9.339232796719456,3.6361036478468676,1.2814986298882378,7.203448669206691,4.720235238836253,6.321730835765413,3.9502398323828003,4.3128210155304405,2.4511355979465246,0.0,3.18382132875264,4.80969440551176,3.323559607535683,4.836809123574221,4.582179794732534,2.1260225411486116,5.289234936099416,5.3886741891632735,8.724201621108348,5.718970389795488,3.851371693006328,6.071512251832814,8.354282916990295,11.1857698476005,6.788609517077322,1.7047229745318742,4.741005029364096,1.3611312495341996,6.708802202507833,5.940087122832843,9.364210890655288,4.6436967415691655,11.95826721472095,4.553337230582533,4.457261940544556,4.2035676605658585,3.7749500212706217,3.051509687191831,5.29534489900033,3.481969240178805,10.424046025121296,4.601536745894118,2.192575871597692,3.8452955497710333,1.3981769868124896,4.916798433587415,7.959267135119601,3.9277287267162864,4.490960825762282,2.84932119245201,5.403627534221354,6.144814201803306,3.2475115862987343,2.182057177460052,5.880738967619133,3.5723590103646665,5.092496349330004,1.7866222301216526,9.018741736920346,0.9487617555305475,0.842785598244789,2.7230530989419695,1.2988763891706638,2.237473583687663,5.4154938378201765,6.670183936104099,3.6450433002766363,5.961163448931237,2.1612040185619565,6.535570080193889,1.9626441255674993,3.519162082994516,5.2795078883160755,5.313173587852838,6.95410796380878,5.704450214972729,1.5601528002413227,4.443720327104983,3.066226776172642,3.9747292040132813,5.920980397709312,6.240884784163387,6.5131451896663535,2.209594826326393,4.680257979083406,4.6826803721187185,1.9805726449042438,8.259975735328188,4.4976055391534056,0.6237049598898174,4.283026826567787,3.1276039675776652,8.641151536802758,5.627636929940037,3.3126355284505786,2.93484447137745,5.765634269758882,3.1170124925877984,4.518852101741486
692575030,2.923197922331808,6.283358938457477,7.307738271216109,6.686102147277837,4.446562828496213,3.9402212527134433,3.428239047580219,2.2562676033381326,1.3351294132758191,2.1692294999935937,4.849011903365066,5.691146416806295,9.107487745046885,7.7984783231718735,6.770304907589667,7.8572098148351195,5.512472602008288,5.846257858063913,7.190626909319804,6.590493398754458,3.6364459391373174,4.4623675896120885,2.4183521634618583,1.0142229443369366,1.1061640487650424,0.9579676578565123,9.172401156568236,8.225269835099539,4.016696380627499,4.469362926674706,6.0622221048260885,6.477001742662309,6.62228798870012,2.0677297344487804,4.735912251771374,3.787163234901459,3.1916916675397675,6.792272358423612,1.7839925461648354,4.602438645039315,3.18382132875264,0.0,7.974961887120703,6.01352783531947,5.939209073271812,5.866322547570541,4.892025329030934,3.165538586117125,8.445386784181613,6.064575612193708,4.783612806494923,3.778642848819773,7.427042553397653,6.625801514133057,9.005628720170455,3.7368880655261525,2.5749110049319683,1.8709564435304746,3.485646959093799,6.543318097841474,3.5827531837827835,7.485381135765403,3.154456590434946,9.395103534276014,5.278485388234621,7.4144979474804815,7.3190500145944135,1.7350350120039137,6.021755489847585,7.139157327491105,6.325356020996408,8.122988038493745,2.4992581158414526,1.0254193808938767,3.229195646337278,3.5739225527800564,2.6018008151201326,4.82862290930633,1.3346299047469516,6.209969907521913,5.013134034978011,2.448693441679791,3.2217403882115163,2.4076535189414026,3.4381946743193748,5.469056963028291,4.076412500786046,1.9872530988611796,4.295809534298115,5.835170858497341,3.8888436355130533,2.9369318905782853,1.791435154324825,3.154835353623727,4.714115445652157,3.591442813874284,3.4888684032447412,2.0312578051265846,4.3742877518880645,5.333454111755364,3.8474565136043726,1.881957698080139,0.6197589238895288,2.121770023551328,4.056645234084987,3.942553856076077,4.698939125509005,1.6340318935461462,4.9159909053836595,2.2067096534788972,1.8484294086678354,3.7815507640753627,4.156021381425738,4.449516387590018,3.057412547428736,7.768148391390168,2.3271793244172376,1.4932776790428923,5.231377714932728,7.530828716236273,3.583117077320784,7.462929334753408,6.264678731376007,6.4121489686103255,8.661566534986187,6.361830883650736,6.016237214408466,8.206952110286675,6.177614972478034,6.754371048264694
692779027,6.781296752326064,1.7137399848926667,13.599223276574333,1.721427198174711,3.5944912107842675,4.74259614058229,4.979574382674264,9.077708157826823,7.053253245728811,5.943532438167799,3.295536291499801,2.808278626551801,1.465131640710546,0.8119144765352355,2.219808472641677,2.5949233515335233,3.0620694749018544,4.765584563787136,6.4830726771040394,7.894347815247525,7.520805693902388,12.290932841584217,10.23697328710831,7.001352655180584,7.7507847611688225,8.92787585594518,15.89327664156885,0.8966516586587612,5.9908377081315045,6.143294132784308,8.827907393944018,13.737432483254121,1.8528053828061246,5.943793152243387,11.375842415098326,8.80275643758196,11.032497110585718,3.3635894002090203,9.059402331305458,4.97003510540202,4.80969440551176,7.974961887120703,0.0,3.860365981810968,6.1216720276278815,6.730447528150662,3.980449908285038,9.85042712890777,1.2487632775789193,12.95975542650056,8.90599999872966,7.65427762396501,7.463824589428255,11.773916820710845,14.818174941021447,11.590800178686129,6.121178154084606,9.353675539800971,4.788471718215979,9.755040205966692,10.155836039376753,12.823144404077636,8.546178986519642,15.963128571166255,7.376305513036898,2.9104228082288217,0.8596898757890714,8.188995474207236,3.055060251277421,6.211195995179891,2.4327059325068974,14.22600997922134,9.218807996468946,6.95946987589343,7.983846614597757,4.712536589054213,9.240779924672532,12.650582824287481,8.704173302580461,6.05690640406473,4.176742414528013,10.021324704939204,10.709226191486357,7.678467985513593,5.94457819446808,8.524203873705153,7.062225682612165,9.807633760501147,4.06552638093606,13.802299368283993,4.121566669632112,5.113003313312897,7.351726312442729,5.413673037836204,3.867282139876907,9.359266217737995,11.440513795602254,8.245754247655935,10.200966516833141,2.648541484402834,11.23842898069647,6.637174632235608,8.328574585962825,10.084927027006021,8.873436667254929,11.554021387680562,9.63122340076137,6.367950915950489,6.754461349176445,7.195784481180091,8.662704832566517,10.43748652724111,10.708302763235608,10.94968496031638,5.813849404478845,0.8596931389533284,9.062230117780064,6.757948195382366,12.843492447572698,1.2611821065189364,4.55395940262315,1.066649704129751,2.2375942512156004,12.496189987945568,1.5139427202617108,2.625530670094679,2.655654388839827,3.8314159430827046,2.6572850715787517,5.1141401935158886
699193591,3.700211369862215,3.193622374166132,12.968233793989688,4.053237278673548,2.462980889082693,2.080884735370268,4.637692353238623,7.880092007726241,5.709332754991496,3.8973847835166198,3.653742302052329,4.1780881423995435,5.322975308777482,4.336253660549527,4.672189970378413,2.131968611974137,1.3040799021707676,0.9052802810004171,2.8238998191272007,4.041262266237884,7.414146598956054,10.441237721693861,7.756657666434028,5.02843959031689,5.314696921303639,6.828669027967673,15.036865197003818,3.448746869664749,6.282050595230705,2.524100741049061,4.990007406573202,12.455364528563203,4.13078064409701,4.538439106162436,10.4530254760767,5.382688576268763,9.184470830816856,0.850988673962796,6.411853683961884,1.5615931653639115,3.323559607535683,6.01352783531947,3.860365981810968,0.0,7.471802070073358,2.8704153676689415,1.2004817507118453,6.788143557603277,5.017000407608428,11.930983741180508,8.997849472234257,4.183779879016059,3.7433933522646234,11.675711228479214,14.50165001222977,9.035517909945675,3.4974084908585015,7.8053874438843875,4.378393334048346,5.916406319281792,9.196203485532424,12.687654519141894,7.965700100466361,15.211266903021567,3.56876604247987,1.5856778859213543,3.8779917889570257,7.014077421905647,0.8672210035038532,2.5749266067098544,4.455738098788591,13.725089139736241,6.28881982422986,5.209622495611677,4.6894615900069185,4.363874891050464,8.157794741834124,10.80550044949988,6.191777811844914,2.219021907906486,5.144401376019875,8.435260505154307,9.204424856252299,4.69121074090882,2.8442001463577116,9.051698218128372,3.511012794758621,7.999455599346243,4.235635854200331,11.592547774772523,3.494026104400042,4.123112282727217,4.676881040064722,2.859136942931927,4.465218879005844,8.73014198691783,9.370477977263384,5.392604246866629,6.795344219087083,2.645106661867226,8.33301519830454,4.190373077761134,6.101001941605137,7.85328195998435,8.629866386630935,9.953968339505888,6.061638371749817,4.493573948168572,7.4465865170217755,6.386558433161254,5.912968593501925,7.279839530025795,7.479244496875611,7.675823557549647,5.4418487794101775,4.349918165783871,7.907468963562748,4.526085021709593,11.244880102281074,4.481356130881267,2.710229020369019,2.82232748970134,1.733560898144804,11.944125166509147,5.300019829264561,1.2417375908116217,1.3519123338949728,6.861260433487414,1.2586575727699967,1.502364254854985
1005218541,7.285626762072219,4.920513037161547,8.2314188697819,4.439367417454374,5.066146012462028,6.238148023323548,3.2877805448284785,5.30240912917269,4.616301547629325,5.476540964890908,3.8269525029218703,3.5694397246421246,6.288649136337911,5.410465131108568,3.905210696212439,7.919675635468547,6.1949642421021585,8.036708904423888,10.082008257534895,10.539350130385078,2.810063484721407,8.665218460574723,8.181777294457326,5.58352850966896,6.621334859418868,6.66815134313932,10.59100810792238,6.9180196529145395,1.937085465929524,8.005496334451296,10.702577757686996,9.089169031047042,4.30355968821341,4.562622302463853,6.600986277916075,9.146235806997721,7.672451760022773,7.718732272158587,7.710174557900128,7.167712271637274,4.836809123574221,5.939209073271812,6.1216720276278815,7.471802070073358,0.0,9.385291056542938,6.4864599631536235,9.053457091016279,5.610926186687552,8.088360408765,3.40865570389194,8.521904127612759,10.81085053155695,6.076430387140541,9.11050511491109,9.323249078749194,6.335332860204911,6.021672394821295,3.477053298992918,11.467327779330935,5.687639168220892,7.083060082380904,4.0552006155126294,10.55872254290642,9.38752401366705,7.847153615130087,5.275384095015654,4.775891517285343,6.78492756941417,9.882149583050444,3.720117304215612,8.69562578034344,8.351153264866387,5.224451362335369,8.328166654299222,3.4390248188720367,5.230340757204568,8.953882413554076,7.253002884404768,9.18584785416236,2.3358213036116253,6.523402062390699,6.893374775597271,7.549254218819819,6.997994962839585,2.66163589414329,8.358064255841889,6.734025067071261,3.277348137987498,10.51416376301307,4.146606583161513,4.109300410442646,6.8426683261035315,6.120636546048562,3.006584038344306,4.653840958961631,8.347917900036451,7.609339545472789,10.118129584516675,4.909410481261634,9.744387896444112,6.208725358356302,6.554264927283373,7.633477887605662,3.7956764729337764,7.68878812179283,10.153144607773894,5.284040720724386,1.2647973620945028,3.8096517520265976,7.658559658375658,9.689495733515017,10.059849416773199,10.354119456161783,3.038818852562304,5.358013269883898,5.227142520813718,5.913168961351866,8.745212418423568,4.933009756702401,5.336824096926073,6.489045989555469,6.228996521859223,7.1475996045465395,5.640258127425913,6.737712235452267,6.3775480775044695,3.521912411444614,6.569199440830008,8.927705855504962
1005347619,2.9431478063867207,5.895273192673442,13.173143017092237,6.749749129836079,4.475578251502687,3.1480967332858696,6.1542368137198595,8.087553545538153,6.2051855350679315,4.369730448226417,5.846855188609257,6.601065328538548,8.193389376667188,7.17836989003993,7.3114537447890875,4.732112012307895,3.8996665178358874,1.965859708983511,1.4597389749868743,1.225215799771515,8.501155128921273,9.795009003650561,6.74736426518047,5.137426064819476,4.831404966906453,6.373255010346538,14.966744231721385,6.288289325329754,7.795354304324257,1.4875876650844366,2.170510528179254,12.168694704788049,6.804477654603363,5.332852844855554,10.602004315350696,3.4436380390119927,8.653924535374767,3.4991301785023072,5.417453569506337,2.2501544485728737,4.582179794732534,5.866322547570541,6.730447528150662,2.8704153676689415,9.385291056542938,0.0,3.1485349012224675,5.191238658295095,7.872661108181249,11.885282198166612,10.0245423008068,2.4487592398197373,1.5799261339068773,12.352798431558075,14.867488871876215,7.803743214858642,3.5234691179810826,7.720518668350063,5.934288520395236,3.083419795217427,9.435073374318467,13.276603833230409,8.644502655429324,15.215848280838799,0.9877674853731467,4.186826197319701,6.6998742619137905,7.377430563024669,3.695601359863345,1.533079125734559,7.017867011599415,13.989304836077274,4.9521176234792765,5.480260727940859,3.147589282989671,5.961193843570524,8.421321998095255,10.135505364754103,5.403969048794365,0.8217836614832764,7.212027437644696,8.231544716079654,8.984562597070711,3.6640228381435485,2.622714716074013,10.351889217027681,1.873124051169696,7.647537282855593,6.15499068970065,10.52606511590819,5.253464260905443,5.39002439586068,4.098457915738054,3.385978895331423,6.522138844829025,9.277125225483923,8.608153726467055,4.354423621930266,4.691833764169781,5.107993393016132,6.764183796856785,4.0902083851588324,5.655828586389544,7.099700174516975,9.467749316012902,9.576153865078874,3.7527337194149335,4.884907275000133,9.016613032715675,7.155353740220722,4.890355009022907,5.490800244840068,5.5708666496454615,5.687437480796517,6.723880473447986,7.188218727879311,8.146576880806899,4.536621155512248,10.765084589096018,7.280935905742559,4.048963044273108,5.690650984124014,4.558699440806674,12.270649264965092,8.156185323261113,4.10718705526629,4.147627910023525,9.493259658908501,4.09818000870328,1.9796817745469395
1005379219,2.895937700820285,2.8132490157634438,11.771228833975579,3.6457502223154337,1.4221640383935472,0.9699380656165363,3.498156550753867,6.694032254615742,4.517212335902789,2.7417200669222814,2.757272887241271,3.4585232127989065,5.415567664751814,4.245494011587943,4.177536126682911,3.0032788409365487,0.9185359894538097,1.5511260721401257,3.6015468651712474,4.373229134194769,6.236951008010403,9.34584975633461,6.779506646342502,3.8903593380231896,4.285277477752826,5.745291914967382,13.851794041715564,3.8332290308094383,5.164317688401407,2.202676598806821,5.0266390835335315,11.29591383728017,3.6880577132384444,3.3399193537963376,9.26211781658402,4.836213836451842,8.079988402252964,1.9058257610222966,5.469887641108869,1.0187316913439641,2.1260225411486116,4.892025329030934,3.980449908285038,1.2004817507118453,6.4864599631536235,3.1485349012224675,0.0,6.025897840531801,4.968006480897277,10.749815925640577,7.821371198452451,3.6754814264513307,4.389566133834249,10.480207927551545,13.301177196822787,8.093790911425591,2.4697609148464847,6.648417897284088,3.242581366378854,5.939224228601712,8.003412065301466,11.489818339823001,6.76597135167567,14.021225035057434,3.5499159571401995,2.5299684187495646,3.7333509003944148,5.82212426102178,1.1839310581492932,3.3961413569473486,3.8712725540543036,12.525964342799629,5.4570695726419265,4.0444082692329815,4.042195554382691,3.2374329019998176,6.96685199264416,9.711556028917744,5.202195843919771,2.7556292624626564,4.202312787714728,7.287719457809932,8.052899747659477,3.8594429539043373,2.0244682809490273,7.912495671780276,3.0856403579803477,6.878319103945464,3.2105163841796105,10.575832776252232,2.39061749429873,2.936453827735001,3.709066090407439,1.773212923403626,3.5072777651693428,7.529662137840512,8.308295161700729,4.51236886041184,6.244635458302814,1.9611722066561053,7.512609525556498,3.132919460445313,5.0339176250565165,6.8118677896284,7.437271563217258,8.818574604012772,5.650774390295603,3.3295134833250444,6.3530646439848475,5.186556380709249,5.000086171765533,6.572745395006152,6.814625500513088,7.039736636727343,4.273172607994726,4.244592158948385,6.719081755903339,3.424636894426136,10.116348761993939,4.260661794125949,1.5101064713440764,3.089520039539002,1.7672309479077137,10.744639602249395,5.2473816233184385,1.6014122969245972,1.3756249361060262,6.349654051080423,1.4604338651228175,2.4745134334560612
1005523484,3.131563143694739,8.324589057298377,9.177686320145277,8.94174861832383,6.31581825202639,5.136812038113921,6.197110996041299,4.928359990926693,4.445850159949305,4.13729615138164,7.219117973900424,8.143167969242189,11.185096815013294,9.899695236214239,9.200572004617152,8.907625254511633,6.897282569287966,6.209750278813362,6.6469425555139185,5.312907368179968,6.788710033405639,5.038044141877548,1.983257994126336,3.5254831721970574,2.4783683338431355,2.7494783082192473,10.522922093181023,9.838001935284975,7.117046845749039,4.385236420170437,4.221169255011285,7.630190156976933,8.914444456610044,4.7074514901498175,6.7980499109693895,1.7898709515926008,4.173766349384935,7.638451038919551,1.3962851973956536,5.237052234393271,5.289234936099416,3.165538586117125,9.85042712890777,6.788143557603277,9.053457091016279,5.191238658295095,6.025897840531801,0.0,10.609002221852375,7.6618074904621265,7.806223067395743,2.787120354183846,6.4433122638504,9.149439506413387,10.975023287867499,2.6762538509768334,3.737644117624718,4.175059499173791,6.1637846028210515,4.2914722099920946,5.975747717860086,9.834948748533282,6.144872898759366,10.845940605048552,4.256138208149818,8.371438257931306,9.380916390971874,4.762304485129003,7.187385292163429,6.719253798918136,8.767636071235495,10.01491976271899,0.7152828522543502,3.847420451859244,2.14298202471614,6.245795054492607,5.256417114415766,5.327558855232885,1.8317688680914035,5.8734913870406595,7.810840955357896,4.332987275910835,4.892562483176394,2.177473509023828,4.007092950196676,8.576559051759373,3.4638625722999903,3.6707442595715416,6.89765164198348,5.4047146774916675,6.21419077497679,5.484979612480563,2.56661629447933,4.437089366501347,7.356833450788663,6.3750244207283515,3.841157873439944,1.6443300408510275,1.3665049661972515,7.295953805981911,1.5865363118564668,3.3266082128804895,2.5491436249980812,2.6321535703942875,7.0335163244927665,5.165651257295624,2.1347461199073487,3.9926317980516783,8.074519940918245,5.372155702863719,1.408265345395101,0.6483704281132979,1.0088620266601467,1.30231406033811,6.066292855730463,9.881950937397425,5.023637224298599,3.391225051361172,6.110431564397327,9.746779997965307,5.348964839650785,9.077104921307132,7.7548470691709595,8.52978213562614,10.862591348054154,7.623026277959954,7.39058750798892,10.950794422851223,7.486275444262301,6.841356007008389
1005953152,7.628188733430138,2.286703147486128,13.485319909384968,1.7630676784112624,4.294759850501392,5.615037565984693,5.19313398068703,9.264987779864962,7.386630419994794,6.558132905186722,3.600504403578918,2.8436706445064437,0.7189429107677857,0.7257348526852241,1.8814529439094279,3.839001658948857,4.069324933921844,5.918890652176411,7.703270007100561,9.057762756142646,7.4305453360764595,12.598770333850197,10.795018807842048,7.524563089485428,8.372519288270192,9.402905125680437,15.818143718679922,2.068696289961981,5.876579177873456,7.167448122031254,9.928473748182327,13.832831758079537,1.840109473109261,6.378272662653324,11.403045102279453,9.704886768349049,11.367014218194752,4.583614014102275,9.701107805963746,5.982811073719244,5.3886741891632735,8.445386784181613,1.2487632775789193,5.017000407608428,5.610926186687552,7.872661108181249,4.968006480897277,10.609002221852375,0.0,12.986530729059728,8.68238431093316,8.595305328229115,8.678098387926092,11.524782565413181,14.58356957648253,12.145828491769777,6.877004571544721,9.641570093757629,5.050846767876397,10.853055379355363,10.22924938187757,12.563889088951491,8.558375357643289,15.853184484913033,8.46138348894338,4.157482006833401,1.2477865608799648,8.407497833171094,4.177063312580087,7.432869995586345,2.2707040076505782,14.05966320700307,9.946629236064828,7.420038468692885,8.859021051003436,4.9661012408995955,9.38535045204132,12.950112434232203,9.314367818942145,7.232069720699425,4.040046207968362,10.299311555468762,10.941469406536891,8.46641043519279,6.833172559766133,8.170937012113734,8.043077692101374,10.162701197186061,4.25383838080922,14.205077887224105,4.563568915820368,5.511954513518143,8.059804104941756,6.201328189792318,3.937553551989424,9.353643047343278,11.83790371655085,8.975173117211316,11.077412622870236,3.315512087759065,11.918896668183493,7.315285764558351,8.864827579984059,10.566733597154514,8.761649328836281,11.795984531667667,10.58005905186792,6.903379965319712,6.438910804233436,7.353974684600878,9.34772638403226,11.21919107572092,11.511787604601542,11.766549651935566,5.941234988566742,0.7341806354322478,9.236516233549633,7.369240511423678,13.05841676164407,0.9190600925277388,5.26006007418478,2.2980747057917434,3.3181923534285525,12.377830556577855,0.28356667290953147,3.7755959637206997,3.7349581833932466,2.7957443920543668,3.774481123211056,6.329859446535624
1005965029,8.956627152032384,11.284826547449777,1.5990533713520367,11.331649701396431,9.920579118963493,9.85981279190692,8.003510955396418,4.059649942568498,6.245024556477144,8.043442021138265,9.683223955760827,10.202025090155042,13.705159281850992,12.511987789273096,11.106275712827912,13.548133364165848,11.185899540812988,11.871653712471641,13.244573212221853,12.479229147892296,5.585358954014213,2.934188099363574,5.678943685923951,6.957769565037847,7.054863008338505,5.525367216584436,3.1137359319900364,13.465336379161647,7.12657356140242,10.526688063221137,11.688315317480487,1.0964131991384665,11.221463193774529,7.446218945520109,1.585797244173891,9.177618317616794,3.4882930107391124,12.642651391594217,6.700431818546426,10.622147087383986,8.724201621108348,6.064575612193708,12.95975542650056,11.930983741180508,8.088360408765,11.885282198166612,10.749815925640577,7.6618074904621265,12.986530729059728,0.0,4.7051343005659225,9.611085908520208,13.416539636608647,3.032174025235889,3.3771859462382343,5.516877200763967,8.619160189284917,4.194226011948614,8.218977699476335,11.917536361522622,2.817674730051178,2.965515348379673,4.430359856054197,3.332729870236578,11.20090096969772,13.180684727633492,12.148434273783714,4.949274383214351,11.772568378758615,13.200725513462842,10.7228610638592,2.4027178800167546,7.419328984715015,6.729949634143349,8.951599544032801,8.286231180675186,3.810430025348839,2.8444971896455327,6.569391065546819,12.270521975766599,8.948513919126599,3.6538089028785934,2.910183732258297,8.260094175403584,9.50042618660181,5.6283444691670175,10.040130379134657,4.2572584970929945,8.896457156539576,4.24831292080132,9.024126758381598,8.08150956932604,7.789613008455908,9.125687398880867,9.109278360759152,3.633770176917099,3.9353790829220063,7.641406780321506,8.98495704110186,10.5719978703048,6.856173382156771,7.938744629075144,6.2302697482846545,5.060604550326899,4.3287240954230874,2.497987701057582,9.782364560714495,7.443599654592213,6.881781211972177,5.801273925077002,7.167125615649689,7.92001605978299,8.19304337463001,8.384803488637932,7.148562362859454,12.46755309628451,4.041777782695687,7.524623475261543,1.9623352717853308,12.109471399231058,9.282768572621729,12.770582072155724,11.79166327306626,1.5717823280218923,13.11737606882824,12.031857434999063,11.646808905906168,11.540793268813175,11.83455539144138,12.800643498718388
1006009814,7.280270578801889,7.375691761012144,4.8531585498384215,7.192398920426616,6.59982032743144,7.175536736327483,4.3985889479027405,2.9794557140428695,3.892331776818323,5.654824340654011,5.863164188804447,6.103799360297036,9.393981841337894,8.322976869659609,6.826520044032984,10.105159246038959,7.923368898179328,9.26639575811402,11.097254243338774,10.982268847459936,1.5844214702057666,5.7635622555587895,6.320096746107081,5.056434384850129,5.829776877916586,5.064258976769698,7.211269190584119,9.565860091758479,2.9411436715406363,8.536979187577598,10.702302612437208,5.737698828007349,7.066065857603663,4.705618970810381,3.2904749733204794,8.559873496396882,5.052176709110642,9.51375031207748,6.423213109382891,8.115964604552136,5.718970389795488,4.783612806494923,8.90599999872966,8.997849472234257,3.40865570389194,10.0245423008068,7.821371198452451,7.806223067395743,8.68238431093316,4.7051343005659225,0.0,8.37689205052025,11.592259383693193,2.8681548839251607,5.916183138929637,7.132075175248161,6.515962361474538,3.810588801609739,4.658092824326617,11.270544719687345,2.6558662411476437,3.917967084665622,1.6613839216491841,7.206064238762285,9.685263112194466,9.870559416316091,8.051361670427385,3.0650764967362343,8.556057977131761,10.964174530990414,6.5071425671180165,5.381805192579986,7.211356713080056,4.664153296146392,7.929026568581231,4.689942410891663,2.719829773450324,5.989802003410818,6.028858355143586,10.106403444343895,4.729697444978252,4.0370551688714436,4.102260435584134,7.082447163881979,7.40239491166408,1.0179804039944118,8.492998671752037,4.509601647310376,5.068074360511393,7.64043854659259,5.562780105715754,4.887767732989502,6.374966069261397,6.68249268360408,5.10960613059599,1.6871350524298945,5.7937202371570224,6.8096190940882115,9.104372445051691,6.931134290377401,7.95564776030309,6.04797963583638,5.3406078692823415,5.627772678041946,0.7961073854034338,4.754177253353213,9.48255157142914,5.159679185305184,2.278125409839226,2.8821740574613766,6.610071985394152,8.355518867437869,8.72435000980511,9.004708997130388,3.558080754355579,8.273616584988408,2.880831430538634,5.617024832488138,5.602005546595847,7.874891135329351,6.342189665544859,8.973709566099968,8.29059362886112,3.7561268526580522,8.767872109183136,8.678516738939775,8.280348029124545,6.912337159074422,8.482809781681793,10.23675368215171
1006551279,1.2374626539657192,6.349509459283423,10.977209720759936,7.103865046865739,4.438901828834201,2.997432131770785,5.264487450641776,6.031911434627433,4.4922315293566415,3.0474228383150828,5.659742300562181,6.566387970117661,9.078945676508027,7.869575847158286,7.514417657407378,6.312996540489589,4.593779213102936,3.498839877384105,3.907100459719661,2.8683363988682697,6.987486467106171,7.382093197889992,4.307652991674529,3.3217111649660778,2.6746968273111644,4.093275614160303,12.653351146664761,7.476514411586679,6.688218178459436,1.6716430703835583,2.3254480919266904,9.815931621197517,7.112463123987878,4.001212125223301,8.428783930950983,1.1989891246928472,6.279729843720778,5.01627628400682,3.0012371641922044,2.7231410039857726,3.851371693006328,3.778642848819773,7.65427762396501,4.183779879016059,8.521904127612759,2.4487592398197373,3.6754814264513307,2.787120354183846,8.595305328229115,9.611085908520208,8.37689205052025,0.0,3.8548276901821374,10.403576297034183,12.718453215382244,5.359127339893525,2.1959787180679675,5.53638229064678,5.119014705336767,2.9683671389837216,7.337734382895028,11.259673101146209,6.836282798763678,12.924258606649376,1.6079967356487683,5.760387508415103,7.348409029128361,5.45686464955408,4.733634145929825,3.9565018830094227,7.126232680013518,11.807242045254096,2.503457800967339,3.7178249120127695,0.7010858118143143,5.177960729481897,6.378910155757396,7.716044247418171,3.0481956203846097,3.090495928784205,6.697504167890018,5.97599640972983,6.70136336895076,1.3794330427660424,1.7946786411777844,8.890959237521065,0.6933813081689605,5.354084909767175,5.637833257359456,8.07809184640128,4.767862847444541,4.4373578756648735,2.0189563287728025,2.6005450399850316,6.085482408131705,7.354330337862255,6.185529744934062,1.975294036921955,2.6127893746630226,5.357183703944512,4.373283003067175,2.389226725273403,3.4287082937917344,4.698591263146356,7.718356046353348,7.229184032844151,1.9847559852651737,3.339894768671746,7.857138034562311,5.525098706894432,2.485457338393507,3.1735767590877106,3.3282576891461315,3.5056346513056194,5.544585044953197,7.862955581804708,6.104933417648054,2.7852340512791076,8.37745426608187,7.8214872572833345,3.5954373762450524,6.75171549921885,5.438635538828339,10.142709340533596,8.869083262529688,5.187238238971345,5.034938827690306,9.538808055606976,5.08590085755766,4.0630734001323585
1006632120,4.506693894723241,6.932894472967546,14.72793702573844,7.794045175390409,5.79469708409401,4.5970180039121535,7.633925295991409,9.658241361019419,7.784170153226919,5.938992442391394,7.146510991143759,7.817298113180029,8.888296470725248,8.02957502617712,8.403673988601811,5.1172861278632755,4.975851221476465,2.9183730900809626,0.9910217864312121,1.1942710644747834,10.05929205206732,11.235143750670936,8.145982812779133,6.716004447751836,6.374458209681248,7.893059899358832,16.483456979671523,6.868176991902015,9.294708253847654,3.061188294365335,2.577341241464698,13.662209302726607,7.868077535507045,6.892328005704016,12.159271373759644,4.65356259753372,10.130772735510167,4.100260290500516,6.855868752977992,3.64787710434659,6.071512251832814,7.427042553397653,7.463824589428255,3.7433933522646234,10.81085053155695,1.5799261339068773,4.389566133834249,6.4433122638504,8.678098387926092,13.416539636608647,11.592259383693193,3.8548276901821374,0.0,13.932525949247026,16.432331829905934,9.109700930564943,5.101449655300664,9.270781758484857,7.4030024377144805,3.2548245237333986,11.002996896567181,14.854327000043714,10.223637966263453,16.742429481035327,2.247834233450234,4.640153756641961,7.596485940032725,8.955974417644464,4.609792859970538,1.2648848498086496,8.161529437193662,15.547603415225057,6.311781461519864,7.060147171586571,4.549764775617229,7.4223153362656005,9.993796004005885,11.566637517153787,6.887386782111027,1.6351509125296426,8.573841212239381,9.764377530545596,10.509224898282952,5.162071350391475,4.196015286081936,11.89613929749549,3.3764425669798257,9.165862714435496,7.544824977047171,11.842179598852061,6.664312025385917,6.897381846794942,5.646990416019864,4.92809469921611,7.878198085695438,10.856688563571263,10.035741217042217,5.82035381854469,5.700115842384489,6.282823219468255,7.966393135136598,5.668784768771556,7.1885153046502355,8.553343280394529,11.043827070821576,11.071635998928016,4.6824233973449045,6.462001767727531,10.515122376879777,8.728609662987537,6.3395198108661726,6.638920871429503,6.650194233103418,6.712932403686337,8.248040828324205,8.048282194601716,9.718716838262596,6.115414821463794,12.231791235978797,8.210154007799265,5.504837559985295,6.397221852403561,5.469159960728405,13.83717269386603,8.957116613723372,4.944025209731853,5.095305630608792,10.596363108042496,4.993028379051534,2.349739926098801
1006658146,9.459947080591872,10.237173487416023,2.3413299627912805,10.05927625224842,9.348202905361012,9.742506087109783,7.175301216962738,4.383986216572001,6.166788328944939,8.061115591507072,8.706514637113463,8.971852096579509,12.231897052096254,11.184229184979607,9.681448006982246,12.915185565713205,10.675795426140082,11.847687947315922,13.549480677397733,13.183729766624534,4.3511199393044295,5.430588568444813,7.30481947297004,7.219433197934966,7.731634901786653,6.512993538498759,4.623626372330328,12.431148815777986,5.8028656339059435,10.88303248248635,12.68134574344242,4.104112687374747,9.93239590414648,7.204847386679355,2.5723689472417046,10.310858159797272,5.360844133241204,12.250191445267475,7.8991128362425895,10.643014648615848,8.354282916990295,6.625801514133057,11.773916820710845,11.675711228479214,6.076430387140541,12.352798431558075,10.480207927551545,9.149439506413387,11.524782565413181,3.032174025235889,2.8681548839251607,10.403576297034183,13.932525949247026,0.0,3.0588106029093107,7.63923372683038,8.843761279684328,5.01127078171298,7.429827501083612,13.109180219040272,3.176577813460837,1.0503236185628442,3.745915485788046,4.530540292243259,11.868204208905576,12.652414780552622,10.91881250107873,4.983199293551857,11.30443069666705,13.446014095136078,9.370703287462495,2.641306087439135,8.70181839848644,6.872918630286591,9.844599296136684,7.471448752220385,4.034924577237349,5.488715387203087,7.609059481124278,12.549655647926308,7.597331514082695,4.828746317899564,4.4069533878297245,9.032960376635552,9.759352244473295,3.4148025277183898,10.65832280266335,5.4827922371823234,7.904862113910422,7.084872276701498,8.328607429924787,7.558139275154784,8.398283920316189,9.149285876429918,7.969560045978093,3.0764228192380023,6.040002985919101,8.583985130197004,10.51484932292027,9.754496722884726,8.800067900225294,8.265686951029172,7.039351842652035,6.585097846586071,3.052543297280073,4.586435526238931,11.112581835928577,7.49750196598314,5.087427481071075,5.315159496050411,8.238836304031055,9.574259017011615,9.908697349839729,10.153565591769897,6.303931748552574,11.134494911807412,4.305507166194171,7.818814370874662,4.74733626887949,10.73220751726457,8.973645326608867,11.830040338853772,11.099420601304937,1.4987138613307482,11.598837718999357,11.460106221773703,11.06110452096308,9.589940187579302,11.262238653179612,12.818539634640347
1006658200,11.926357701937958,13.258462567392826,1.8005112425564291,13.107398644428558,12.255882614501557,12.498805179285311,10.126209988688124,6.786471254556649,8.840447646465519,10.737823818731355,11.706298686976268,12.012079971694595,15.290655633707225,14.238590177624573,12.738390591233033,15.86404782910862,13.57693624060102,14.586836975822642,16.154414179376047,15.57352668845269,7.340248349719955,6.2969688327875355,9.0012386363318,9.767806893809187,10.074484481473826,8.641524494585223,2.2796342777229808,15.458598631295603,8.83330370590448,13.441400160224598,14.889221073519856,3.8778177001188237,12.981604599220494,9.969999731329901,4.289731036654376,12.406456520660464,6.822108858525505,15.126286551283112,9.920127867413402,13.35281092068895,11.1857698476005,9.005628720170455,14.818174941021447,14.50165001222977,9.11050511491109,14.867488871876215,13.301177196822787,10.975023287867499,14.58356957648253,3.3771859462382343,5.916183138929637,12.718453215382244,16.432331829905934,3.0588106029093107,0.0,8.893886699416191,11.440454235857134,7.183434771803772,10.374364144792587,15.18317282714985,5.434331722229194,2.028113570661536,6.5476073230508876,1.9585096094852925,14.269834362061207,15.571771313786524,13.965273260742162,7.56190442312349,14.197686782680318,16.078686546621785,12.423276430887086,0.9744700278524928,10.675748713261997,9.468659038062125,12.092079661463607,10.423013246137643,6.461341753007518,6.1701729349453265,9.730397241353625,15.160073208110486,10.643967949657899,6.770770680063058,6.107162369997889,11.342665211827189,12.352463043866742,6.454352954646389,13.076502016799553,7.423296072980181,10.900790786218975,7.374296288687717,11.259788252972504,10.428309199880959,10.791620528154272,11.840422112462196,10.992100207811081,5.771553762672752,7.308851607133304,10.78382517471643,12.316644822113675,12.72891953317904,10.231072124551934,10.803641934291154,9.290252225422034,8.3477605615915,5.999515291673029,5.8457946027127985,13.073462099622539,10.147654978859165,8.146049106027416,8.11994560794362,10.350455706067162,11.267875389987763,11.551400383159878,11.750295929922096,9.245026831185779,14.18908416704754,6.733181142025653,10.364392149000263,5.267035727204709,13.78847151364468,11.792224229856252,14.84042339672854,14.053264642498446,2.5985442119985387,14.657199503997651,14.384559929346901,13.986749669305489,12.607892436002835,14.18554346735298,15.547628483649614
1006773581,5.3562334481929,9.934930542525453,7.108586518558138,10.39515067608025,8.001491867273662,7.13370676811109,7.159122987080967,4.2038675775574,4.978516065824035,5.6482054110176785,8.564967760716273,9.423164889667154,12.791575298371596,11.480601974044976,10.503623307980641,11.085000945392979,8.8722546501549,8.589180208611738,9.263451312436114,7.987988791682052,6.631302466105241,2.629244554638803,1.3543506016085438,4.621302016468777,3.8584240090580337,2.8045147632073406,8.112808614584797,11.741768620231746,7.504947095014288,6.82813029412367,6.879288333953788,5.246003208728791,10.337600178863878,5.790320070380044,5.0829575310307895,4.4615596973001015,2.2802374613355125,9.878524060554408,2.6273801339012666,7.480571401127163,6.788609517077322,3.7368880655261525,11.590800178686129,9.035517909945675,9.323249078749194,7.803743214858642,8.093790911425591,2.6762538509768334,12.145828491769777,5.516877200763967,7.132075175248161,5.359127339893525,9.109700930564943,7.63923372683038,8.893886699416191,0.0,5.629500992436149,3.386149015429711,7.222470918910956,6.857376126494162,4.698488024485594,8.109215130485495,5.595589834572355,8.472531454274298,6.899149839667593,10.580270766514081,10.987079209395015,4.551435892123778,9.277237111882334,9.315219146407427,10.058498758369538,7.919438794234011,2.863436357158356,4.749455658400499,4.668489359337514,7.310751565515883,4.420169617042469,2.8430202334701997,2.909308737686597,8.436292463690036,8.722224246572074,3.1004534450106185,3.2617356569506186,4.376806319050678,6.192550689679786,8.077575792457766,5.994583864212265,2.6575596767971734,8.03254754973567,2.732506729960477,7.582952832286043,6.660273460409368,4.385047856178905,6.344641588523016,8.449945971477263,5.469370538416438,1.6215685705666383,3.6546645093285073,3.757176932650139,8.94481245875906,1.3858840145095634,5.008114653683482,3.2810297388574043,1.701305617627207,6.342239339670759,3.1225620304056827,4.717571271630324,5.245459445598714,8.146354565985556,5.540625858706954,3.12367026406221,2.6535299956515126,2.83328212197949,2.9664904453582635,6.702948583962271,11.453203869175425,4.298278422503024,4.836018709466439,3.714578598223851,11.237183259349184,7.0601289119552675,10.970534033623897,9.6951516396591,6.686480676725258,12.370513264941895,9.677777486148889,9.38354331335834,11.907481034767105,9.514556184246707,9.321771146181902
1006796131,0.9607060166541633,4.590718196673604,9.796532580885723,5.238108602207072,2.5823012268772456,1.5047174274080166,3.068838507535943,4.661695079120546,2.6835236178284014,0.8970978059729613,3.608583310034792,4.536898908649332,7.44751638052279,6.164622219554136,5.553558427837228,5.471380292996641,3.2512309428554915,3.2716931266545823,4.720538286664287,4.474918522891612,5.021689420635022,6.950216188817054,4.309996334825738,1.6768304480742036,1.8226661725946696,3.3372259091994,11.731787150667994,6.16236886366931,4.535124385722539,2.041961497327014,4.392355327834977,9.051774618950708,5.221382727878741,1.8869209009193801,7.229984790707398,3.015744914653955,5.701064289025504,4.312786009193277,3.013033200482308,2.0311516061377364,1.7047229745318742,2.5749110049319683,6.121178154084606,3.4974084908585015,6.335332860204911,3.5234691179810826,2.4697609148464847,3.737644117624718,6.877004571544721,8.619160189284917,6.515962361474538,2.1959787180679675,5.101449655300664,8.843761279684328,11.440454235857134,5.629500992436149,0.0,4.429997192947418,2.9245866160523524,5.132651116794186,6.015084371315555,9.785092768530335,5.122939429835391,11.942176826687637,3.1983466438593564,4.984314260857955,5.644790824465778,3.891510271753715,3.65072302040592,4.638310641351827,5.136616616404269,10.593896207870161,3.09771093780635,1.9793173306012144,2.1405762330317684,2.985211129561125,4.980047149187747,7.3134856226307035,2.732522382052675,3.722770036652543,4.522525973032093,5.023487353731918,5.79659231459452,1.594639742654345,0.9168193798860731,6.90387822261059,2.0581038638920197,4.538712450186258,3.479526791338142,8.113536681598163,2.649741587629359,2.241472307548301,1.2549214873678853,0.7217361577410826,3.936136397728802,5.7731400231783185,5.873218760357167,2.1252596320375674,4.280465417630837,3.5616934583173836,5.1284312645764505,0.7002668122527419,2.6049248235371647,4.359644427808038,5.944969809361454,6.506192348031615,4.000754278345449,1.3619675164916136,5.728602851581765,3.6379498990815833,2.5671491431842686,4.342325181859357,4.637166057465202,4.896678374801294,3.3996041298805326,6.147837763026945,4.709956068812025,1.0946236488996295,7.782324407252512,6.026400835662609,1.6223288499552981,5.3932474465049385,4.089789835166441,8.843410553829605,7.133896889289527,4.048311483199223,3.760608059472478,7.466191816966095,3.8864422252492137,4.18330109672702
1006912484,4.7801723543346295,7.639951540583858,5.457973551369484,7.8895574375997874,5.9969603869252674,5.724631318804875,4.448540826728358,0.8328080223860523,2.3049043921742847,3.909555671451174,6.084542849779404,6.802133278312854,10.338516182128318,9.05633268880008,7.838063930724418,9.549013698606826,7.179578900159302,7.693388587551155,9.058981243696797,8.390393060061932,3.265409823549635,2.9572325853448103,2.5154499650202666,2.7854388757530697,2.897582785605433,1.5057694311999528,7.304027881140765,9.71869707804528,4.319828460334826,6.33840413621109,7.743137064532905,4.649981990873308,7.80320701865504,3.4757264200435705,2.895282867431487,5.31625312593936,1.7508011671002983,8.553855665443029,2.888358598227443,6.445089782929736,4.741005029364096,1.8709564435304746,9.353675539800971,7.8053874438843875,6.021672394821295,7.720518668350063,6.648417897284088,4.175059499173791,9.641570093757629,4.194226011948614,3.810588801609739,5.53638229064678,9.270781758484857,5.01127078171298,7.183434771803772,3.386149015429711,4.429997192947418,0.0,4.5984958660848205,8.117415753426865,1.8443962326401568,5.778669606797813,2.2170909998859853,7.524177872164259,7.088884903547607,9.138829963947108,8.618558107481284,1.3035001743053756,7.731133428552163,9.0097663780569,7.406429773988516,6.281341014376658,3.6927409631622474,2.6054549984826667,4.921572094854962,4.681162350973987,1.1114622541188692,3.309427906557045,2.6078508340233872,8.080277933447826,5.818564203160358,0.6687726606907809,1.4080813026671875,4.159429868815134,5.306398938127445,4.716368318313101,5.901840036041108,0.7296828530670073,5.387755311450211,4.645263216103396,5.2433037685337345,4.2512128569652505,3.6241643530557126,4.965029285010201,5.725345673673568,2.234644175551453,2.3495478149441076,3.6239778777828326,5.531313999321859,6.782920084485168,4.146779703989036,3.745546146535621,2.1076916295267902,1.8171886344505648,3.0145136815265636,2.2167577124916833,6.101319758433654,3.319003342015802,4.805968590108685,2.3953172955731032,3.2388275831474447,4.656497586072541,5.012354796920697,5.2795656406376175,3.760670268760007,9.01931611556934,0.930848374150024,3.3368527641972716,3.521299469808869,8.724728871076591,5.24018713967386,8.978056506941734,7.868058687783253,4.60744794348139,9.82590908684836,8.034482123453362,7.666963609869562,8.89913688367834,7.8425074313237575,8.613291091869327
1008139723,3.8852923118683247,3.084684420618228,8.991499485614057,3.2931495423954025,1.9439459825905647,2.805989298118022,0.2605147319428496,4.289274590860284,2.3384473285170486,2.141660639175378,1.494938447638546,2.2300732430713905,5.742483660828727,4.457906543280197,3.2988287727013943,5.491514109553511,3.2653016542031295,4.764440863416372,6.742364555076823,7.070395753615829,3.090048476002008,7.553705378969796,5.897620508064974,2.697288764784397,3.703861726613375,4.427300265071413,11.221199972353737,5.247264637280312,1.925296726867314,4.531812648423505,7.240014296631592,8.959812874774608,3.210738455879943,1.4776285462354848,6.645263421278501,5.87717649271932,6.316616333191548,4.856901714828879,4.995423854380284,3.7596990814692153,1.3611312495341996,3.485646959093799,4.788471718215979,4.378393334048346,3.477053298992918,5.934288520395236,3.242581366378854,6.1637846028210515,5.050846767876397,8.218977699476335,4.658092824326617,5.119014705336767,7.4030024377144805,7.429827501083612,10.374364144792587,7.222470918910956,2.9245866160523524,4.5984958660848205,0.0,8.027522889781949,5.402353337692075,8.467165883408677,3.87634555700226,11.327861594781773,5.910648019872165,5.223887027720997,4.026560577440604,3.4019373739237326,3.898073372355869,6.56718569669091,2.8560093302145755,9.682231786797828,5.450865008384745,2.485501263697894,5.018832623705554,0.08828637993557348,4.458903865577606,7.907699797838281,4.558100827733049,5.801619579043591,1.6553511557609568,5.261054723777621,5.929315798059969,4.318794606195198,3.5256273723419493,4.67457042024524,4.899928155534262,5.11274291038844,0.8141071766008672,9.159268432011809,0.9046942007927398,0.701710021320045,3.680514674182967,2.6454118702134237,1.2321319558164807,4.6896145221913255,6.794043108862636,4.5611984298030865,7.014195792710522,2.3725772672766396,7.216258852267368,2.9528183444601854,3.9873756718242923,5.581435236705407,4.385954533110446,6.778657258926919,6.880780377115527,2.171368960426722,3.1303384341270566,2.421292432974418,4.771574614656306,6.811188044693023,7.157706048675656,7.443390975684452,1.1295881068235285,4.420820623414989,4.27468405027175,2.7816708041679803,8.061030428446228,4.132221075102573,1.8982570671424535,4.554662075493159,3.678968408479075,7.910168507234848,5.2451940771202645,4.031148214420661,3.6321597244525075,4.7980000276046315,3.833761426007766,5.712495078821597
1013177174,4.190917138098407,8.752450222164118,13.39722339669182,9.57867698016877,7.049758687077223,5.57720991593503,8.190652041076937,8.732631499738012,7.416762435585823,6.005857629794555,8.374415249726036,9.232415828331927,11.220053039227217,10.142227570339509,10.07846364603445,7.8123576454167605,6.798236710390607,5.023018637265071,4.008461389406284,2.1663401416487735,9.928590689149804,9.32655563701762,6.260656503352248,6.244956957030302,5.45509134937583,6.612402825154657,14.813492054050242,9.357771898032578,9.65267333015231,3.7683161027023644,0.9272429571848596,11.921227161923039,9.613552588159124,6.968303907901396,10.932686159940006,2.801179028954465,8.440209500793351,6.5810124595054305,5.2702799215259635,4.927107530289968,6.708802202507833,6.543318097841474,9.755040205966692,5.916406319281792,11.467327779330935,3.083419795217427,5.939224228601712,4.2914722099920946,10.853055379355363,11.917536361522622,11.270544719687345,2.9683671389837216,3.2548245237333986,13.109180219040272,15.18317282714985,6.857376126494162,5.132651116794186,8.117415753426865,8.027522889781949,0.0,9.961108452326815,13.895331407792103,9.682900051360198,15.133052243322712,2.394291044041693,7.269383389450338,9.643873048573338,8.272575507502047,6.700256746996087,4.228960047092738,9.733138106823375,14.235946418816978,4.507905840386487,6.64541581818084,3.3415678532538826,8.08000099666643,9.081187212788167,9.608562901204808,5.509594027883267,3.868297246538561,9.548926579145727,8.43186939342534,9.076149623163866,4.188466704057421,4.534543059114837,11.831021225184092,3.1370907578738447,7.770113645187213,8.473959239301161,9.500127146398397,7.574346800420509,7.363632835346673,4.9032337678776825,5.413286339671893,8.903027883707866,10.126004168853507,8.132462951959301,4.53190476594944,3.1062643660658877,7.854004215157534,5.528599849352665,5.354286998334991,6.075468067144208,6.857134785492978,10.579321541085994,9.432131059849203,2.1587454807779767,6.3063306829224866,10.825327763310094,8.45486285625883,4.878661363244221,4.2045137365686305,4.069552099429471,4.0242414738244,8.509931065029791,10.146824349870327,8.815728449719856,5.737232382925922,10.401635572297124,10.193351002425251,6.34746765019937,8.735053226917318,7.540164868026946,12.672262428687807,11.135984857993153,7.132603798120694,7.12113076045757,12.203538951850703,7.099739472727838,5.012988807951342
1013188052,6.496319856993668,8.473351620971101,3.789307012261867,8.547332880393444,7.116116648168912,7.1465137079985395,5.189346817540069,1.3538521274578597,3.4868737795541676,5.349779059406359,6.871758321621903,7.418960871665992,10.946004327465234,9.730164837256014,8.355796462918006,10.749499228388562,8.395358544383166,9.205714917221584,10.722305943308891,10.170695357802764,2.954352570111535,3.1089273281994143,4.170891233468174,4.339143361978788,4.6696460072224095,3.3501640245201556,5.868182803013895,10.649418549995508,4.429566250898458,8.007420913626348,9.573432167493381,3.6036367769608955,8.44086114380992,4.672078899098382,1.2635723598450272,7.15994575855917,2.4791895438133373,9.880128919285447,4.726507280831248,7.961453157768491,5.940087122832843,3.5827531837827835,10.155836039376753,9.196203485532424,5.687639168220892,9.435073374318467,8.003412065301466,5.975747717860086,10.22924938187757,2.817674730051178,2.6558662411476437,7.337734382895028,11.002996896567181,3.176577813460837,5.434331722229194,4.698488024485594,6.015084371315555,1.8443962326401568,5.402353337692075,9.961108452326815,0.0,3.9378961588600783,1.7065358465837073,6.020218507544936,8.860242716549196,10.395581386969958,9.352956842921355,2.1822586642164077,8.991540002124703,10.650802265747902,7.959199875806334,4.579082250974134,5.527213763451954,4.055860932173027,6.742993387496733,5.4703596982519045,1.0426963069501687,3.346069024665697,4.4518618223619315,9.729552834614763,6.2087824372281855,1.6842229438894598,1.4879355174445874,5.958389408569928,6.923651584727636,3.6717412998514094,7.6591651670343905,2.319285507385306,6.090344161860824,4.98722770635617,6.207812425071597,5.27222596062599,5.373864881873157,6.449585857445516,6.321173598392382,1.0412544730545474,3.222261684198276,5.456523317473385,7.340168046404588,7.754534014916969,5.72876067309525,5.3706116026026764,3.9222385219998928,3.4460426792978236,1.9687673637512142,2.0994813788830964,7.941284950435803,4.75190904631436,4.425994310895985,2.9836247131646347,5.082845134249,6.415547535341882,6.7574469815360905,7.010438136329383,4.34200841771252,9.68692739485995,1.3066173953790086,4.933132933610086,3.0576200901908197,9.339658595221051,6.515355031987273,9.952969182572634,8.982308962494681,2.836131348615291,10.373137914146424,9.236207788501224,8.847943722912104,8.984461118488776,9.0380926042913,10.155956153695442
1013188060,10.361855381039632,11.287278570437191,1.7618581348530264,11.10778926801338,10.378574781095804,10.733491918500757,8.213837857143268,5.229177473965404,7.123250724265444,9.025137656415067,9.754450799470538,10.021766197078799,13.269280491268189,12.230101365684016,10.72528030408909,13.955785739680266,11.705496319762847,12.836509402770494,14.501954673622546,14.070631962591916,5.395191989095441,5.714241632065577,7.928631749170563,8.139490115206723,8.5854891486217,7.28296122950004,3.804471226380942,13.481468798576731,6.853133628698497,11.817380372626973,13.509593983540444,3.9204765182959314,10.980615824962328,8.193546452533429,3.062618555584672,11.094386735365157,5.865983426805335,13.274913124619873,8.643277581224876,11.622026083139392,9.364210890655288,7.485381135765403,12.823144404077636,12.687654519141894,7.083060082380904,13.276603833230409,11.489818339823001,9.834948748533282,12.563889088951491,2.965515348379673,3.917967084665622,11.259673101146209,14.854327000043714,1.0503236185628442,2.028113570661536,8.109215130485495,9.785092768530335,5.778669606797813,8.467165883408677,13.895331407792103,3.9378961588600783,0.0,4.731925180573756,3.647582686502512,12.75605687591631,13.68703562467087,11.967660585635828,5.899965984289692,12.332662364587271,14.406419181947602,10.417724913227584,1.7687257149048137,9.435429680962455,7.807005083756883,10.676587102022618,8.510341160530514,4.883985456302683,5.705605938603776,8.385957653021666,13.502437705810861,8.646431051209687,5.50526598618912,4.97883966817479,9.882138075682143,10.701904404215195,4.426239586348589,11.54837619496459,6.170763647866915,8.952082840981735,7.201247402949321,9.363639216379335,8.577360243613514,9.272385025549998,10.120246732479965,9.019615065520192,4.015891753093615,6.488451013590622,9.394112455980212,11.20044584713905,10.798835571639668,9.345429539535298,9.186548531131383,7.857102526042964,7.2238827473612215,4.082944261544472,4.991550672754135,11.854592615900716,8.45154153503,6.125001663313229,6.310231236160861,9.016776800309577,10.217171970516794,10.536326894135625,10.766993310261855,7.339458222466834,12.180224168785774,5.1591531989696815,8.740470742353251,4.876212952020808,11.776648690480178,9.980902190882102,12.879488616191047,12.14045659776056,1.4569569815933074,12.634197826834319,12.495354744307788,12.096438973328489,10.584325643125574,12.297159773448081,13.80556124565958
1014291833,5.801322643549065,6.8912843217060145,5.115343604601389,6.903477000397522,5.715318199524,6.001977945126416,3.6414391707253566,1.391723949774237,2.439516583617746,4.319752188571252,5.295318503883384,5.774020754053232,9.276686921409004,8.08267463924632,6.679501495636548,9.339207271633281,7.03220523445362,8.105874649919004,9.811073326319695,9.530605894652492,1.2637100560450942,4.6121817733954416,4.695625597246811,3.549007195682277,4.227979806099833,3.403753149557805,7.3591628780484495,9.087772587366047,2.7259896614081476,7.1648613342334295,9.154918942817554,5.291286198628062,6.792221851058694,3.4622558744700203,2.845333684230707,6.941349558629662,3.6803646168851145,8.57883467470684,4.763033156082245,6.89734198828556,4.6436967415691655,3.154456590434946,8.546178986519642,7.965700100466361,4.0552006155126294,8.644502655429324,6.76597135167567,6.144872898759366,8.558375357643289,4.430359856054197,1.6613839216491841,6.836282798763678,10.223637966263453,3.745915485788046,6.5476073230508876,5.595589834572355,5.122939429835391,2.2170909998859853,3.87634555700226,9.682900051360198,1.7065358465837073,4.731925180573756,0.0,7.4543565657181095,8.219790584267171,9.030566948760034,7.726104260527547,1.420768697130122,7.651013356984433,9.703292151164378,6.292915283122217,5.816919378088542,5.553677041416462,3.1777049202787984,6.348076088804769,3.9342637384699786,1.2166155249058008,4.898693355633992,4.373128844597124,8.811637779151752,4.52431409414208,2.5666883097048756,2.844456161039684,5.506569478375044,6.034283613023569,2.5049813888374035,7.013534127042021,2.940152734231403,4.496519923844704,6.470422983827455,4.738256654966791,3.8812276033433504,4.818711157201961,5.404113610481431,4.684984151856208,0.8161871266765469,4.393549921889762,5.185711971231804,7.446206096349482,6.248852668937998,6.333981022648325,4.580994889083299,3.6927180669402704,4.021644162357743,0.9029224556693508,3.6338324541369373,7.846673228198262,3.766261867094835,2.7919728068737757,1.5799689693787655,4.961881888587133,6.69555408916006,7.065044990241213,7.346419716207612,2.763852794778843,8.037987795611285,1.2976924070815274,4.137084902959187,4.728553771901239,7.679159513981184,5.255896013727095,8.418364455264598,7.538376534422502,4.038703071295958,8.693750977609865,7.847245934198414,7.450824390073335,7.28381369600407,7.648027378119147,9.075783757156545
1014295499,12.289167206950673,14.334445248203428,2.368472257659803,14.283233220431143,13.116615408303431,13.151198650507041,11.0954330821731,7.333328301686246,9.504085119200223,11.341118318178832,12.744700015971066,13.162689701211404,16.56945647233814,15.445537989313541,13.9795340755945,16.752754241901986,14.408404987440267,15.184096973053597,16.577299504359022,15.790157591487684,8.448013820985373,5.858325521810629,8.872683600940666,10.274488034633318,10.386566270401213,8.849369899168577,0.44704271716664806,16.53570925212875,9.995022497124138,13.859190646774172,14.955867474835411,3.231885711145637,14.164138989792836,10.692293512152958,4.759246572328477,12.437208551967977,6.706382655182703,15.900347406791592,9.980837393616723,13.935023434232985,11.95826721472095,9.395103534276014,15.963128571166255,15.211266903021567,10.55872254290642,15.215848280838799,14.021225035057434,10.845940605048552,15.853184484913033,3.332729870236578,7.206064238762285,12.924258606649376,16.742429481035327,4.530540292243259,1.9585096094852925,8.472531454274298,11.942176826687637,7.524177872164259,11.327861594781773,15.133052243322712,6.020218507544936,3.647582686502512,7.4543565657181095,0.0,14.520139133617397,16.41046603382372,15.126408757066418,8.199312989281308,15.008949238112747,16.532805974277142,13.6301237921851,1.8937676180034537,10.668946836591353,10.0314525495323,12.256514634462578,11.387450917155832,7.054379123026027,5.630360925247683,9.8769968356149,15.60276165371522,11.83615736967168,6.9846964182640185,6.23336387397199,11.58222843510993,12.828418524180218,7.908605006299376,13.366678298894584,7.577077214628908,11.942079049682288,6.460194254167953,12.174656605677544,11.269132705718109,11.121609636829266,12.4317389419964,12.097119371667524,6.639132956920681,7.01775937204427,10.950382905936186,12.124666294074684,13.69999430636631,9.855911001008412,11.265740465625697,9.56007082583335,8.306797945038936,7.100433905675698,5.7225727956543375,12.980238619093928,10.740786459726964,9.483960117540427,8.950989891491234,10.462931283455708,11.03234191981556,11.269544012843072,11.42923801520114,10.218048744356283,15.398169939394691,7.3039434491312445,10.8476595396695,4.767598230946676,15.015254626123731,12.535568395412895,15.872427960329892,14.9690455949356,3.475846240721407,15.95301469770034,15.244314419293923,14.853100016358665,14.080608503356128,15.045614259100269,16.119716352518395
1014370164,2.418493351220604,6.362517992512188,12.543756749119675,7.194150939079579,4.718432292066943,3.270731576426736,6.104849209665795,7.531440521383932,5.803813394276582,4.09197792789293,6.070426412466301,6.89767818754463,8.84015625290381,7.749108726871664,7.707794578795417,5.566672179642627,4.403948940504747,2.701467205631026,2.405109629088873,1.3155423928876437,8.214903378810707,8.987349261996899,5.9017131550036765,4.671270162353655,4.195669780629586,5.676178789875594,14.25386827082701,7.017159327590385,7.680403840493161,1.427280834255515,1.4768000601003142,11.422086693147762,7.232716190220604,5.081741628669796,9.984024551488645,2.484524088105895,7.887176193302958,4.291641559193742,4.6083008401889485,2.5446202351150546,4.553337230582533,5.278485388234621,7.376305513036898,3.56876604247987,9.38752401366705,0.9877674853731467,3.5499159571401995,4.256138208149818,8.46138348894338,11.20090096969772,9.685263112194466,1.6079967356487683,2.247834233450234,11.868204208905576,14.269834362061207,6.899149839667593,3.1983466438593564,7.088884903547607,5.910648019872165,2.394291044041693,8.860242716549196,12.75605687591631,8.219790584267171,14.520139133617397,0.0,5.011380342374907,7.249781599842662,6.888319393013495,4.322391502052626,2.508441510543952,7.374981101882455,13.36971330188437,4.07457920639708,5.044834199940052,2.3019483246995938,5.951115464776842,7.87394844875005,9.319306107393379,4.649986868741849,1.7839535868852168,7.331720572141221,7.555751667661193,8.290855103707516,2.941822706430308,2.400923158558713,10.101586009170948,1.2100008907127622,6.944418225485883,6.255586602711995,9.62956188475012,5.344971976708153,5.297408500735448,3.4871219980495347,3.2684438136326843,6.661539335745135,8.797386909756039,7.788436540293135,3.5792616935083417,3.704940797681563,5.481236224815806,5.815421166165782,3.6439848900225633,4.98855069691029,6.306382576729023,9.076464253962524,8.833747324332807,2.7676617802687313,4.531484816498946,8.891061689625584,6.80349103510009,4.093442583519597,4.524225685080054,4.591987700634171,4.702922215567955,6.564272656964189,7.7533040275463385,7.598412912170009,4.0843514052802625,9.98541109321856,7.799657759163792,4.107636332291972,6.3697898227853145,5.152616187965049,11.683274279740367,8.744081258489162,4.76180933555731,4.732989207419046,9.85300581056461,4.719021921215676,2.9181265888610675
1014424140,5.270812796125301,3.014915154982231,14.118021169856961,3.7594024106034527,3.3160048371533826,3.497733819248053,5.48030427535848,9.122791767404875,6.93759384283583,5.252029831296473,4.10753250099716,4.303267100429071,4.277432827644814,3.592041128042188,4.423828047453584,0.5585110480615612,2.002892671841159,2.3251359266132208,3.649260855033369,5.23704469354895,8.312647787421499,11.872914846086266,9.283356630133651,6.407118790955323,6.806052727710552,8.275119503025348,16.263166996221504,2.232955446759118,7.000522392215004,4.092750738562002,6.356622223150365,13.77346617954906,3.874089143171828,5.734602687204097,11.659144077178345,6.959150195271739,10.605197342780722,0.7444244191790991,7.953007858505063,3.136855898269919,4.457261940544556,7.4144979474804815,2.9104228082288217,1.5856778859213543,7.847153615130087,4.186826197319701,2.5299684187495646,8.371438257931306,4.157482006833401,13.180684727633492,9.870559416316091,5.760387508415103,4.640153756641961,12.652414780552622,15.571771313786524,10.580270766514081,4.984314260857955,9.138829963947108,5.223887027720997,7.269383389450338,10.395581386969958,13.68703562467087,9.030566948760034,16.41046603382372,5.011380342374907,0.0,3.262104638195304,8.231788256267123,1.410028197452038,3.375312687089561,4.355638911897824,14.843672834062954,7.862220317355895,6.535148468031144,6.274988735356195,5.185569351894819,9.374060324150166,12.238826358447708,7.709512575048553,3.4124897535887664,5.539797149745572,9.787395048925923,10.546628128066558,6.260787837283376,4.4047458171476555,9.77641050978139,5.081026220301338,9.398003556530043,4.848217612099251,13.097717092939106,4.3238223862058875,5.1540753690404,6.201906081295542,4.3008586482213005,4.937682515922356,9.825825982526341,10.83800634027157,6.95263686222172,8.368318351515644,2.9940243183502617,9.910794165526667,5.658822773028684,7.5632805142655775,9.338310789375598,9.604102313569138,11.326778769303035,7.607097410865749,5.826790085379728,8.068219508502622,7.4773881011976115,7.46412203128814,8.865517031405432,9.063752228027154,9.258170207842621,6.348493916847424,3.6226100556087215,9.138907628534442,5.954068061762749,12.62831388458072,3.8873273123310312,3.9062587780825035,1.8717424189429277,1.6269427337425306,13.061715277147558,4.424309416223134,1.1928358519930469,1.5917564330017853,6.487096205845797,1.3902172519807205,2.327615866814585
1014424183,6.383126375229097,1.0609966804745368,12.760730906796034,0.8619975120969812,3.0657053545305835,4.367351327336277,4.201875154095041,8.306162429458073,6.330566001274823,5.3651145246474,2.5343334473698516,1.9638765776687113,1.8129102088291593,0.5233428714295301,1.3899893067659974,3.0733790352752264,2.846757015258156,4.767177354459026,6.639987055472548,7.900765875749308,6.679886472911364,11.568072743135277,9.633338695642433,6.371216334349853,7.18184300524758,8.276469014789763,15.06252340418465,1.6575488591156071,5.143401757307977,5.935654977906311,8.722021314113988,12.944299402641073,0.9931183691177107,5.262847012547034,10.563120092425642,8.457257445151807,10.318987801327696,3.5547972968339505,8.505735055614645,4.750894813761009,4.2035676605658585,7.3190500145944135,0.8596898757890714,3.8779917889570257,5.275384095015654,6.6998742619137905,3.7333509003944148,9.380916390971874,1.2477865608799648,12.148434273783714,8.051361670427385,7.348409029128361,7.596485940032725,10.91881250107873,13.965273260742162,10.987079209395015,5.644790824465778,8.618558107481284,4.026560577440604,9.643873048573338,9.352956842921355,11.967660585635828,7.726104260527547,15.126408757066418,7.249781599842662,3.262104638195304,0.0,7.425907101815546,3.017940219947011,6.3749055931944625,1.5740487428970367,13.380346218373472,8.72542633244461,6.2955858481758735,7.6123690598628,3.946858417436668,8.456221860736221,11.92480514315254,8.129692738260191,6.095653934099998,3.32167983477418,9.283602477487214,9.955748860380742,7.230260814931176,5.5854544563087805,7.664527201652346,6.800666934090504,9.100940498758932,3.272490099378272,13.121985092401447,3.432622797117028,4.410472599796346,6.841233691478632,4.962024804035086,3.041158282422399,8.536713044331588,10.755187563687096,7.752402185628326,9.831294409100394,2.0859137643340846,10.713267138929261,6.10371043212023,7.709163302543024,9.439082112924686,8.031330781860262,10.805173131792854,9.333119828488126,5.742679437236129,5.894792399204865,6.41043627019248,8.137810730094762,9.986557429219376,10.27516937740429,10.527785713076037,5.014387453533851,0.514554376633302,8.286482569283656,6.17992753099966,12.086578828544443,0.6283510865530956,4.034461608209217,1.43963881314985,2.1478918235649496,11.656345875378875,1.5208113861026227,2.652988047958978,2.552911314954751,3.237656273361811,2.6198390238387197,5.266229024748232
1014424248,4.476991648685097,6.48068256597859,5.964097858711829,6.668751570024676,4.9805370624307095,4.966140949320844,3.226497195225258,0.9027667041314366,1.3049470567115242,3.1792759837036995,4.896861572667719,5.563828538731917,9.111827057876624,7.8452589849497105,6.580591053357146,8.600696567348177,6.236738834172288,7.034716342376455,8.612034841866638,8.20350462179549,2.1174152614423756,4.220134740179862,3.4774672056810467,2.240015456390606,2.8190487606742853,2.0579472457294345,8.036252510758851,8.611374043782549,3.022801057704486,5.918109448787499,7.76533774997477,5.59790104089047,6.576052008627622,2.498342568516363,3.4400806386533582,5.522153026187079,3.0489079858815358,7.703382342141443,3.3703343367114655,5.794847267261825,3.7749500212706217,1.7350350120039137,8.188995474207236,7.014077421905647,4.775891517285343,7.377430563024669,5.82212426102178,4.762304485129003,8.407497833171094,4.949274383214351,3.0650764967362343,5.45686464955408,8.955974417644464,4.983199293551857,7.56190442312349,4.551435892123778,3.891510271753715,1.3035001743053756,3.4019373739237326,8.272575507502047,2.1822586642164077,5.899965984289692,1.420768697130122,8.199312989281308,6.888319393013495,8.231788256267123,7.425907101815546,0.0,6.824340756706896,8.52608210210474,6.155048232980516,6.739580014081973,4.1502819633026995,1.912532365285289,4.94497174103241,3.4799650558277335,1.1452816095350435,4.5615299598326615,2.966070429335843,7.613938086532544,4.529368195156231,1.9188336393697023,2.5346423767029687,4.1089090713220635,4.807731052353885,3.8169354068290917,5.6783522459941125,1.975973096319167,4.164029148433063,5.9457636586738225,4.1286998088400475,3.157422550840357,3.4388798560501863,4.281722480832422,4.474105263493522,1.909126720432478,3.6489516622748166,3.76601290084092,6.043191832660668,5.683632636334703,5.0979084985546494,3.287252619270225,2.2757958107714806,2.8749865577664933,2.3236413312131083,3.3885662147349196,6.4261924054922135,2.5862247602658863,3.5976153744593855,1.0945347656618067,3.5453942150910907,5.333892997216635,5.706885206653071,5.993311973285279,2.4841051566480874,7.806167253815032,0.9086538483968488,2.840836121249581,4.661014371072874,7.494984753389934,4.339204787921096,7.890364075653025,6.856812182136448,4.971458427482996,8.582063601723096,7.083622642788003,6.700130659483171,7.595772058857195,6.886665837869443,7.990492499449748
1014424370,4.056268656008156,2.3345914351009918,12.724246140356367,3.1915075592309012,1.9583651410990714,2.1466581100546906,4.1578919006188935,7.713988271979173,5.528527154447369,3.8544278799923206,2.961107849637457,3.385488532784739,4.519887034718038,3.4855638361251504,3.8177756753760845,1.8372095327146023,0.6330167684228325,1.749438509633095,3.682416183421548,4.8862103241301424,6.983899493799804,10.483594109968575,7.960619747371022,5.010966603538747,5.460670534616269,6.8971790577215275,14.857986823966673,2.7498069452474967,5.742453620170434,3.1374147886790453,5.773223655787773,12.363729043639264,3.2724032128654237,4.326385728669417,10.25494138898199,5.919776782318022,9.21343701418783,0.9637043250913668,6.6537667333177515,2.011034247178731,3.051509687191831,6.021755489847585,3.055060251277421,0.8672210035038532,6.78492756941417,3.695601359863345,1.1839310581492932,7.187385292163429,4.177063312580087,11.772568378758615,8.556057977131761,4.733634145929825,4.609792859970538,11.30443069666705,14.197686782680318,9.277237111882334,3.65072302040592,7.731133428552163,3.898073372355869,6.700256746996087,8.991540002124703,12.332662364587271,7.651013356984433,15.008949238112747,4.322391502052626,1.410028197452038,3.017940219947011,6.824340756706896,0.0,3.4286054746734975,3.619415003418156,13.45695686515066,6.631801361282477,5.1289547898723065,5.161185576039897,3.8686764447466215,7.967486229579446,10.849773062594492,6.383037924749765,3.078532629588968,4.449133765091516,8.381417357679322,9.139130382692292,5.030624652527293,3.180367281920805,8.526501706931956,4.096128383016554,8.001223075091692,3.6239748303242205,11.747116472819386,2.9935008582265255,3.7698054457856816,4.8928006250302785,2.946094721303573,3.793007738063751,8.440047560524487,9.465613105014754,5.69251177471092,7.335904309449019,1.8857801597565165,8.687789177602086,4.30487572658593,6.195446524533338,7.979227775840057,8.252153399346227,9.922967917779705,6.675259712952928,4.423060450263911,6.8639604861895025,6.088482080296605,6.18335416445849,7.720625605532496,7.949887603955412,8.16584962539215,5.008381257804776,3.4970885020498717,7.730880608790715,4.576482580063983,11.225723557850978,3.616869438230392,2.4962654787636596,2.056431785789036,0.8701573625116353,11.674114327022414,4.4605928743683405,0.4546878083881444,0.48746636555360523,6.002546438820018,0.40260084004999896,2.336524344022781
1014447116,4.260734951746251,5.7631533382155,14.425687615249428,6.619547928057692,4.817993507396005,3.807311887998479,6.812225350258893,9.296960445980696,7.2835518392663205,5.384908655670094,6.127824876808842,6.730267462915823,7.6287250827857935,6.79522599359174,7.245115244946514,3.854714611188095,3.8562031871508564,1.8497392504320695,0.2739818880903517,2.0649753004154388,9.39791664033785,11.23289160030562,8.224217955693177,6.311935018448623,6.166477735729275,7.736510691261041,16.302129502238785,5.604155350746811,8.488448828237493,2.6760000266573405,3.4083628180168173,13.544795242781163,6.700960164524015,6.27313623324092,11.85495820159167,4.97671660039226,10.06108652528113,2.8495356034938277,6.876427951125227,2.85252235284485,5.29534489900033,7.139157327491105,6.211195995179891,2.5749266067098544,9.882149583050444,1.533079125734559,3.3961413569473486,6.719253798918136,7.432869995586345,13.200725513462842,10.964174530990414,3.9565018830094227,1.2648848498086496,13.446014095136078,16.078686546621785,9.315219146407427,4.638310641351827,9.0097663780569,6.56718569669091,4.228960047092738,10.650802265747902,14.406419181947602,9.703292151164378,16.532805974277142,2.508441510543952,3.375312687089561,6.3749055931944625,8.52608210210474,3.4286054746734975,0.0,7.029597141301535,15.228055732182552,6.455470196482482,6.6139896448481155,4.64793444662669,6.574694284724147,9.617805338115705,11.579602298922383,6.823516039110385,0.9308629035208691,7.593383190765078,9.558610835946373,10.323451453132265,5.0882162601302525,3.7271519270520743,11.175655821411093,3.33466311063202,9.004426528645693,6.6052600446549,12.02976902480374,5.7628762650154775,6.1376133084513045,5.432198997031271,4.302318448651238,6.899796536405482,10.390528477726553,10.059407950820049,5.801144414249653,6.209021383608354,5.190275507499607,8.295193580477687,5.284688577237311,7.002702768678301,8.536492179634584,10.476892861089175,10.957468611075681,5.247172376194873,5.954967685233591,9.69746387215031,8.156365480772974,6.345478709016871,7.023740299141328,7.099953045632822,7.210393228876209,7.504420155997369,6.815785442120815,9.34701102188509,5.718237018647428,12.175919836161954,6.9941968691021374,4.690642063805106,5.144734817702798,4.270536855268023,13.481347745005523,7.710439287647887,3.7309906769144603,3.9159889780598323,9.431141023537652,3.7969799748525603,1.1086818021205196
1014454481,6.009113642483954,1.3448400281370902,11.261812150915205,0.7207215563634946,2.6999707810357774,4.175765055658895,2.9678549143280555,7.003070232417711,5.18857433227778,4.632317100682636,1.5485340539797232,0.6366280079752824,2.986812548361668,1.8181683541118783,0.4451446653622274,4.321648567716782,3.1858893004100777,5.243311058786986,7.274301485996571,8.243046726974587,5.187264382079143,10.361795872256586,8.721490665727337,5.467281534437628,6.399394981999651,7.274748091981177,13.582075755194776,3.1992068317749065,3.6356588700660537,5.966379831732969,8.841589538508773,11.56264498027922,0.5853492706344932,4.270078524390338,9.13823390839644,8.12211376874841,9.143799817265291,4.418616683773449,7.725884893423595,4.837757494787949,3.481969240178805,6.325356020996408,2.4327059325068974,4.455738098788591,3.720117304215612,7.017867011599415,3.8712725540543036,8.767636071235495,2.2707040076505782,10.7228610638592,6.5071425671180165,7.126232680013518,8.161529437193662,9.370703287462495,12.423276430887086,10.058498758369538,5.136616616404269,7.406429773988516,2.8560093302145755,9.733138106823375,7.959199875806334,10.417724913227584,6.292915283122217,13.6301237921851,7.374981101882455,4.355638911897824,1.5740487428970367,6.155048232980516,3.619415003418156,7.029597141301535,0.0,11.86054413717654,8.073955090929017,5.309081379392489,7.24808933057459,2.768471787425279,7.1172044428101335,10.709564109357316,7.310653519312636,6.557968365952294,1.7939664885265556,8.058264499674126,8.685757920440837,6.716449851664884,5.334780558716331,6.093484510659312,6.686888450493452,7.953991478532121,2.042590593676695,12.004876104469446,2.5554464705256335,3.4025625800883827,6.2034157480530725,4.552950636465672,1.681835348610277,7.092236707184923,9.64296857596803,7.124469672373983,9.41708171838814,1.9101714207504614,9.95987674929256,5.4422291051292895,6.794813488103675,8.432938095268536,6.529933507514186,9.541090522801811,9.072342742098204,4.87468707323936,4.325765151807269,5.091474514987711,7.430349608885339,9.401810770892453,9.72285402434218,9.994765295742036,3.6786243660363236,1.7697768505382412,6.972414009330382,5.410078114316758,10.79632603201802,1.3887533636846268,3.55022288623028,2.7951151619900796,2.8518208571381107,10.15492086568831,2.4290387392543127,3.410369622487917,3.13953502468027,2.4806018636529696,3.2908152994517885,5.9517142819290685
1014454619,11.046184921372824,12.62937193257227,0.8387470871302141,12.528940139984039,11.530309398491147,11.699408552109876,9.440194724148364,5.932201974549847,8.033070505059483,9.918486824549314,11.056124018529648,11.41828583066207,14.772932319289145,13.67868822384801,12.195488988417505,15.15609411379025,12.842741529422671,13.774296355552432,15.295889418380352,14.668505933114702,6.708978880765995,5.324663005607386,8.038177202027079,8.91752313748096,9.178319553854838,7.720437757583014,2.0363433550726247,14.833397871272446,8.237011585585142,12.57743578426942,13.957588625031233,2.949672777377844,12.406538108854795,9.186694426912192,3.388370474715699,11.46647289392826,5.855273620383796,14.373366476787433,8.979684804133493,12.53351183112719,10.424046025121296,8.122988038493745,14.22600997922134,13.725089139736241,8.69562578034344,13.989304836077274,12.525964342799629,10.01491976271899,14.05966320700307,2.4027178800167546,5.381805192579986,11.807242045254096,15.547603415225057,2.641306087439135,0.9744700278524928,7.919438794234011,10.593896207870161,6.281341014376658,9.682231786797828,14.235946418816978,4.579082250974134,1.7687257149048137,5.816919378088542,1.8937676180034537,13.36971330188437,14.843672834062954,13.380346218373472,6.739580014081973,13.45695686515066,15.228055732182552,11.86054413717654,0.0,9.728076601432246,8.632997105851437,11.172309589293986,9.735811494485924,5.617876665180986,5.203531246502509,8.802364810914417,14.305210197528089,10.069523084792507,5.8423063681678595,5.161614873305786,10.43512532153969,11.501192684122634,6.037885506611514,12.182647730417898,6.48842701754877,10.249986940891217,6.445813333672535,10.553732830142264,9.689984912788296,9.901323307625015,11.020495128843347,10.372627053371355,5.017871631180347,6.335113976028956,9.861733630370427,11.352794997060855,12.050374937063538,9.257147268644898,9.944848164734884,8.38297547936272,7.391274011152549,5.356079060958758,4.875815649266361,12.119317875500665,9.32336747821223,7.652256173086638,7.36847931052743,9.418575305282204,10.300102550565054,10.581294546290543,10.77857696612976,8.557629806319342,13.630292862660573,5.885306187217084,9.50982020797806,4.301689454474986,13.238981835277718,11.021703878904045,14.193029048132859,13.353597512618682,1.7830810301540783,14.148927128929635,13.662802022038038,13.266907027018577,12.215542650936547,13.463569460470659,14.729044905227664
1014459610,2.591547818229746,7.666373841642235,8.889365703981271,8.264689994975367,5.660275179927944,4.540236450180929,5.482313369152016,4.398904583522813,3.7525225127934525,3.4416404103127376,6.5256855354170895,7.4470318929656685,10.534049904301412,9.241862023405522,8.508939623286182,8.38818791379403,6.306666265945116,5.77266282364436,6.410509751907414,5.236721480765654,6.134910523597185,4.961362742033018,1.846924094525272,2.8110673556099055,1.7632490696674405,2.208009658129003,10.366894475402777,9.24071914163772,6.414144725047033,3.9810965276857146,4.289240966089238,7.487730714749637,8.233900190970699,3.992549300607289,6.437312180456911,1.7696721805537368,3.962596740935774,7.139323925560152,0.8074922332880136,4.7277979191807535,4.601536745894118,2.4992581158414526,9.218807996468946,6.28881982422986,8.351153264866387,4.9521176234792765,5.4570695726419265,0.7152828522543502,9.946629236064828,7.419328984715015,7.211356713080056,2.503457800967339,6.311781461519864,8.70181839848644,10.675748713261997,2.863436357158356,3.09771093780635,3.6927409631622474,5.450865008384745,4.507905840386487,5.527213763451954,9.435429680962455,5.553677041416462,10.668946836591353,4.07457920639708,7.862220317355895,8.72542633244461,4.1502819633026995,6.631801361282477,6.455470196482482,8.073955090929017,9.728076601432246,0.0,3.137335468931879,1.8075925803786455,5.533207515353857,4.737324615783245,5.279079694852072,1.1849942783380805,5.5729832281467,7.096647031003353,3.939999641845471,4.568586356650883,1.6036552968175157,3.4624637600557575,7.949478421978912,3.131152524134377,3.274623604809107,6.189152014976353,5.5751129581720225,5.518804492365538,4.774401942888355,1.8875898255305557,3.810184622298286,6.64745416201972,5.840886914962134,3.753432239372318,0.9738808367565268,1.8931086633371212,6.639547006650278,2.055987816337839,2.6411759579503205,1.893666383080047,2.3635504547953277,6.450850932462768,4.948674584287024,2.4193020368254703,3.2794992556630125,7.389061363943363,4.6995741560761894,0.6952891730067661,1.3635916864872542,1.7216423940596033,2.0137404283669724,5.355719072007899,9.222676692232081,4.491022294129296,2.6830804150684897,5.999181327193336,9.076304504079653,4.691058947897189,8.47511781304729,7.159309201416109,8.177149684289786,10.196891443986965,7.0584544045235615,6.807246767902956,10.240649825770335,6.913300896420901,6.47050613748007
1014459629,2.6277200673615693,5.263034664855466,7.844542558472956,5.661104708846597,3.4608160791623925,3.132201334181649,2.451796632059154,2.7084977988384553,0.7744134592518848,1.31403091843905,3.824529985364095,4.673716718416714,8.082321034187686,6.773572607296332,5.754215676932339,6.952779393871922,4.588026214323712,5.1557488191139065,6.6996641985695815,6.353853543513655,3.2841928707005654,5.404013328753523,3.415247391868717,0.40095654016647725,1.3974700864816745,1.9832748599875105,9.84139410887416,7.232356288615,3.28887003138141,4.011638665649747,6.042512765551008,7.251507632781884,5.598065076442563,1.043367029138172,5.289627423592027,4.042682013876389,4.130740760947041,5.949217203301481,2.565856148922047,3.908599336034245,2.192575871597692,1.0254193808938767,6.95946987589343,5.209622495611677,5.224451362335369,5.480260727940859,4.0444082692329815,3.847420451859244,7.420038468692885,6.729949634143349,4.664153296146392,3.7178249120127695,7.060147171586571,6.872918630286591,9.468659038062125,4.749455658400499,1.9793173306012144,2.6054549984826667,2.485501263697894,6.64541581818084,4.055860932173027,7.807005083756883,3.1777049202787984,10.0314525495323,5.044834199940052,6.535148468031144,6.2955858481758735,1.912532365285289,5.1289547898723065,6.6139896448481155,5.309081379392489,8.632997105851437,3.137335468931879,0.0,3.318015634611977,2.5734214165908176,3.015159811152328,5.769446782455338,2.1133237071869813,5.701427849344996,4.060855842717122,3.252474492976182,4.01226493078302,2.476622435145801,2.8959051526853044,5.185728154705839,3.8417348764066177,2.9027158229543124,3.288985302704971,6.84349033675878,2.8641887331686235,1.913517628250547,1.7492744295129319,2.4006366567119093,3.7175653427280873,3.798398477137654,4.48576301655173,2.39825178287059,4.900235526175762,4.324141102358176,4.754037212571429,1.4032941632266034,1.503292957431219,3.1471452174840366,4.032518411164953,4.795565640134574,5.027744652234363,0.7160937226009103,4.329306610584647,1.8101068760082157,2.4422116750699083,4.491256087467032,4.856282380342319,5.149531945459482,2.2188779430202445,6.743068286133963,2.7494522827607732,0.9604843631226649,6.099893184955321,6.505707873106561,2.6461382562939746,6.474770054604361,5.306788983583872,6.873975454956213,7.636761048451975,5.442548251631301,5.08263268127108,7.251121967922777,5.253007435866406,6.101325655090879
1014459637,1.2427859267380312,6.584242402274605,10.339364239306633,7.2941949704664895,4.611488429856887,3.250138437292253,5.133938109946951,5.461532048092466,4.0844480008362165,2.883784359627365,5.73636211947121,6.6606545361500755,9.37944429960193,8.135697995398838,7.654886643254239,6.819793863926134,4.948538395556664,4.072947317652038,4.604484119591316,3.535714291512451,6.60119550159654,6.6854026651284295,3.6066836708487244,2.9171263074691445,2.127322446339406,3.4519117063782208,11.97981230823851,7.874531015895575,6.4459560175698,2.243787489051977,2.836769654938435,9.13346640836616,7.290031813797671,3.7663561363640268,7.803818146627609,0.8763486847111536,5.594408678577643,5.53532850462651,2.307717666499376,3.1649350322763423,3.8452955497710333,3.229195646337278,7.983846614597757,4.6894615900069185,8.328166654299222,3.147589282989671,4.042195554382691,2.14298202471614,8.859021051003436,8.951599544032801,7.929026568581231,0.7010858118143143,4.549764775617229,9.844599296136684,12.092079661463607,4.668489359337514,2.1405762330317684,4.921572094854962,5.018832623705554,3.3415678532538826,6.742993387496733,10.676587102022618,6.348076088804769,12.256514634462578,2.3019483246995938,6.274988735356195,7.6123690598628,4.94497174103241,5.161185576039897,4.64793444662669,7.24808933057459,11.172309589293986,1.8075925803786455,3.318015634611977,0.0,5.086161158891731,5.810345195630863,7.017851504991098,2.382213051135591,3.769599090614252,6.64563113101377,5.331959267186991,6.04495338178279,0.8471913174226537,2.0393038465615465,8.500538254955579,1.3325918996687303,4.698991617778079,5.61508397248559,7.382517432608423,4.789514330163472,4.320121668082038,1.5690018122995832,2.700699813371648,6.0736639922909905,6.820606866073559,5.487081025517365,1.311982274804526,2.220257954501943,5.567703611102578,3.726137905187404,2.1195021817276594,2.8208053152256487,4.007059024285116,7.241806845388036,6.550922376938703,1.8646752121220662,3.056943410488956,7.577648619243091,5.122734889087068,1.7993740334245016,2.5922191827147247,2.7941423662363807,3.0047039849808166,5.305402774845208,8.124859491439311,5.539099964946378,2.4485338065618945,7.686545497878772,8.04850802174968,3.6995312129619453,7.130961968969074,5.806194248676302,9.527587210941673,9.126638584951287,5.608756416068106,5.417508645216595,9.60390681750894,5.489807093889204,4.7025843838200725
1014459645,3.945760233644066,3.0111555872200637,9.048594669040945,3.2093358384258948,1.9194214328972543,2.826243297970434,0.2968786972089666,4.365393954088897,2.4246077312399894,2.2126109343384384,1.4175475086479068,2.143180127072188,5.658695450619181,4.375708941060662,3.211126108138027,5.446030086241977,3.2356658197287937,4.765644680251529,6.752636791996236,7.103079312230668,3.1270994416901297,7.636891375481371,5.985777521914509,2.7834327876308365,3.7878007870905432,4.515550277417842,11.283248214128088,5.179164054744897,1.9268932571918205,4.5667776400043625,7.2878799279395015,9.032116309928984,3.1260415826330084,1.5636499365926908,6.7110372011090895,5.946272051870598,6.40102303871109,4.829191914711449,5.081138288438341,3.776513107967516,1.3981769868124896,3.5739225527800564,4.712536589054213,4.363874891050464,3.4390248188720367,5.961193843570524,3.2374329019998176,6.245795054492607,4.9661012408995955,8.286231180675186,4.689942410891663,5.177960729481897,7.4223153362656005,7.471448752220385,10.423013246137643,7.310751565515883,2.985211129561125,4.681162350973987,0.08828637993557348,8.08000099666643,5.4703596982519045,8.510341160530514,3.9342637384699786,11.387450917155832,5.951115464776842,5.185569351894819,3.946858417436668,3.4799650558277335,3.8686764447466215,6.574694284724147,2.768471787425279,9.735811494485924,5.533207515353857,2.5734214165908176,5.086161158891731,0.0,4.531738496453214,7.990518959227989,4.644384213006962,5.816709507237642,1.57820838822974,5.343125005336513,6.008927884848056,4.391619019243911,3.5710695128523344,4.687852816162541,4.9498246760203815,5.1982162402285175,0.7262535286690333,9.245329290199866,0.877106734418343,0.7751083550516972,3.757460957104992,2.6893224566690375,1.144374761336734,4.748499464078013,6.880373194792688,4.6408009368126875,7.089847435603826,2.315536037470466,7.302741243545883,3.026762418841557,4.075106676599995,5.669569161240431,4.430936192024698,6.858861192468906,6.948988713700124,2.2538879801919087,3.123994129879387,2.491494466814209,4.854812947618918,6.893011499073198,7.238829816800778,7.524171403556191,1.1788721752230362,4.338352974575457,4.349772976133331,2.8617228161111035,8.13994657121292,4.047645935061171,1.918282405173144,4.490706799370278,3.6318620771308976,7.965371517039726,5.159514927556001,3.9927463751973558,3.5939332721749824,4.713511577407507,3.7959512575326655,5.709919440891089
1014459653,5.490115777964386,7.542893888314732,4.831681234430485,7.67213079269443,6.110876783226945,6.104850545102266,4.261205731279019,0.3491009249055711,2.4497287781186765,4.307093979466593,5.94598138916851,6.551080979785531,10.097451774941577,8.85466233331908,7.528844984320558,9.737805635452156,7.376979622885404,8.163117916386545,9.693344132526676,9.187860444491019,2.4203372608437594,3.4479562131151793,3.6247810778092524,3.30646514640522,3.704247132669708,2.5293329515264134,6.8915104617635725,9.698789476622327,3.724876870423028,6.982965072853204,8.647089725013034,4.501179976245179,7.5719144303323676,3.642563111067969,2.295337539519122,6.287716808578707,2.4653726487223406,8.848597709982032,3.929917213737828,6.919173640546255,4.916798433587415,2.6018008151201326,9.240779924672532,8.157794741834124,5.230340757204568,8.421321998095255,6.96685199264416,5.256417114415766,9.38535045204132,3.810430025348839,2.719829773450324,6.378910155757396,9.993796004005885,4.034924577237349,6.461341753007518,4.420169617042469,4.980047149187747,1.1114622541188692,4.458903865577606,9.081187212788167,1.0426963069501687,4.883985456302683,1.2166155249058008,7.054379123026027,7.87394844875005,9.374060324150166,8.456221860736221,1.1452816095350435,7.967486229579446,9.617805338115705,7.1172044428101335,5.617876665180986,4.737324615783245,3.015159811152328,5.810345195630863,4.531738496453214,0.0,3.754363410052481,3.602271187846286,8.698732385774221,5.4134560798573235,1.3537321435350265,1.6745588248642964,5.003795294699848,5.891196475378186,3.6582001189750564,6.667695955343328,1.7906309533124327,5.1837533814160235,5.284287020149304,5.230553178882943,4.275498284934299,4.388691471628951,5.4070853048471035,5.45162463997865,1.1253056916332767,3.1770420880804724,4.5515434215182555,6.602120282877255,6.78399299025311,5.251797008376585,4.344103279705967,3.0066188004022987,2.9191877923602068,1.9256357163131745,2.505169739588307,7.120692944917756,3.709363202668267,3.9755649123507326,2.045988665136918,4.226785704446896,5.755944912052044,6.115014273108645,6.384941091328544,3.4492024134943993,8.813349373921783,0.27561123694200945,3.9034966133087616,3.696910372047108,8.4827102972972,5.484252167597333,8.98899464488058,7.983811994809377,3.8635539175035034,9.544353001701108,8.221842192973552,7.836410817662299,8.340874353920661,8.024399559844374,9.113941087857029
1014459661,7.364465813194779,10.937346190558246,4.433999787457641,11.198964685813731,9.227017469767988,8.750787862933883,7.7570063677474845,3.767989233344226,5.597939982947742,6.997740204519805,9.391699436918767,10.109209334613077,13.64783947441163,12.36531756354583,11.138387132346967,12.685695408171702,10.338602960967796,10.543397461765325,11.57220312208518,10.513766755797498,6.152654254384126,0.36628122378375066,3.432174565356292,5.8416322380094226,5.522624469665828,3.9770514989551766,5.270107980808679,12.984943160933845,7.468124390068231,8.9452984703951,9.530686611825686,2.4100713394448947,11.112276167862104,6.72962843391967,3.0085063150324323,7.02865523350666,1.639725283094096,11.60326492570887,4.719168550388897,9.33029105005638,7.959267135119601,4.82862290930633,12.650582824287481,10.80550044949988,8.953882413554076,10.135505364754103,9.711556028917744,5.327558855232885,12.950112434232203,2.8444971896455327,5.989802003410818,7.716044247418171,11.566637517153787,5.488715387203087,6.1701729349453265,2.8430202334701997,7.3134856226307035,3.309427906557045,7.907699797838281,9.608562901204808,3.346069024665697,5.705605938603776,4.898693355633992,5.630360925247683,9.319306107393379,12.238826358447708,11.92480514315254,4.5615299598326615,10.849773062594492,11.579602298922383,10.709564109357316,5.203531246502509,5.279079694852072,5.769446782455338,7.017851504991098,7.990518959227989,3.754363410052481,0.0,4.760455385994972,10.660563921421362,9.085231529743021,2.6515043019438576,2.081464601650764,6.491387802233239,8.080434012309542,7.007774528193125,8.264789529566158,2.8669181684273153,8.696550416475937,1.6677888409205022,8.531536952164998,7.5387940526964385,6.222601119604896,7.953569866876399,9.027740109405947,4.376223411001523,1.5308970055476276,5.783357323815973,6.543666543990599,10.055849313418213,4.22796402809256,6.61640697493852,4.709854920848531,3.0433854687443476,5.313406830579098,1.2660061484207938,7.450460235337659,6.4476480286720586,7.69023780679781,5.647016807635013,5.245151568955587,5.4408352291956685,5.656991387886495,5.805487265373383,7.0455113732672325,12.328472581281273,3.8202641661398404,6.288529853305159,0.9040836701909934,12.033683933798757,8.402729350430391,12.234132240596715,11.075309971141746,4.24935186804683,13.132371267288393,11.18941493473702,10.840078960705474,12.086376561050756,11.00411119518231,11.389894319027064
1014476426,2.611985927328525,7.071268555930281,7.967273475953331,7.583529773119155,5.109904056107071,4.236506547553173,4.550134073751693,3.257883176282046,2.636713243868159,2.7658987118407783,5.779879399625114,6.674889578057125,9.941026948282426,8.632601788626657,7.753625749567649,8.202533242843236,5.965009381902919,5.831362217758962,6.8246610523646405,5.913194433640469,4.959720310442524,4.410751388172927,1.577620015958559,1.8610703551250976,0.9538521738398529,1.1031692305811072,9.605231945826537,8.834490891605004,5.321501321024736,4.185750224177419,5.159406959769423,6.774902927370513,7.536851178392166,3.0808332679220984,5.450168963754916,2.7084755962241664,3.2500840777326347,7.023798562002571,0.4581446766469146,4.658834118930126,3.9277287267162864,1.3346299047469516,8.704173302580461,6.191777811844914,7.253002884404768,5.403969048794365,5.202195843919771,1.8317688680914035,9.314367818942145,6.569391065546819,6.028858355143586,3.0481956203846097,6.887386782111027,7.609059481124278,9.730397241353625,2.909308737686597,2.732522382052675,2.6078508340233872,4.558100827733049,5.509594027883267,4.4518618223619315,8.385957653021666,4.373128844597124,9.8769968356149,4.649986868741849,7.709512575048553,8.129692738260191,2.966070429335843,6.383037924749765,6.823516039110385,7.310653519312636,8.802364810914417,1.1849942783380805,2.1133237071869813,2.382213051135591,4.644384213006962,3.602271187846286,4.760455385994972,0.0,5.901755883151726,6.166217364087338,2.9604224538175656,3.6633646747395066,1.7408451953210002,3.3772585813024727,6.765255046319916,3.53174194865877,2.3188087223545515,5.339394167903748,5.401732188688776,4.776987013815875,3.9238381536149087,1.515538600313478,3.441462670445731,5.7843776778833425,4.688779857114036,3.2525492271523495,1.0733936008207452,3.077255916221027,6.066232466476623,2.659009558794632,2.0988428706176654,0.7174003648071395,1.718989110475199,5.272242955850973,4.18446624314899,3.5188532944152238,2.436035051767882,6.2488540860376185,3.5412412165513714,0.6309883996197788,2.4479219831549575,2.822032920247042,3.1157861068077946,4.309581070107708,8.607970157680763,3.3467648145369977,1.9502499520035168,5.361524423170511,8.417206999572118,4.158945037055943,8.06315433851289,6.785876396063487,7.1842586017928864,9.549690462638141,6.776405625758262,6.4766026588571775,9.349308291713726,6.610460829727576,6.6452696845484
1014497458,3.3306645576029927,5.363296204686483,13.50092404811758,6.224918458018356,4.159738221951562,3.0029435696205606,6.038457751734971,8.375771112095986,6.383278437060543,4.492322791458457,5.511917729059603,6.194441147982406,7.51143971611412,6.555044359023977,6.817863355993217,3.948807234365539,3.3806741049797564,1.3345294609486462,0.99984928492949,1.8433037073808045,8.550497344970356,10.312337884054342,7.320243046213114,5.392268862528403,5.235916322132967,6.806711901165634,15.37141634296999,5.561518052959042,7.7085605685279965,1.745140238712959,2.969762260664534,12.614796379845654,6.291533848300181,5.403572783614706,10.929484987669705,4.169040877482772,9.134917261741052,2.753441701794359,5.966257743336549,2.043259133863766,4.490960825762282,6.209969907521913,6.05690640406473,2.219021907906486,9.18584785416236,0.8217836614832764,2.7556292624626564,5.8734913870406595,7.232069720699425,12.270521975766599,10.106403444343895,3.090495928784205,1.6351509125296426,12.549655647926308,15.160073208110486,8.436292463690036,3.722770036652543,8.080277933447826,5.801619579043591,3.868297246538561,9.729552834614763,13.502437705810861,8.811637779151752,15.60276165371522,1.7839535868852168,3.4124897535887664,6.095653934099998,7.613938086532544,3.078532629588968,0.9308629035208691,6.557968365952294,14.305210197528089,5.5729832281467,5.701427849344996,3.769599090614252,5.816709507237642,8.698732385774221,10.660563921421362,5.901755883151726,0.0,6.939782307330004,8.627802486155971,9.39258916524501,4.170756363064413,2.8080761234541853,10.355264772278707,2.4421203265117257,8.074017333125433,5.915166894082574,11.140728891982816,5.041197175134593,5.327397963169618,4.501888454086704,3.4260777218310974,6.2440319159939595,9.487327531553643,9.143282888189967,4.888576611442306,5.464641698823869,4.665718796021247,7.457254409759693,4.360421314507171,6.072309055416067,7.617185064390762,9.59882893287222,10.028150454223521,4.549152405164049,5.0527920448222075,8.92572995088297,7.276472774802292,5.4347705590633595,6.215086858299387,6.317753045612353,6.44884737904684,6.689553265336404,6.56891329737961,8.427146597059021,4.79643976144666,11.249678105248096,6.694893120029078,3.90584407845626,5.001625008557087,3.948561906310578,12.562051239079386,7.514631479977736,3.457406723843626,3.553248639765456,9.010775891923267,3.475867675905154,1.1596163326516478
1014755996,5.4777226287917715,2.7170354847989087,9.467849817795582,2.4635595034858286,2.782679666237996,4.083601433753802,1.6185573932853279,5.33240207313658,3.7463843110139528,3.785826936684197,1.4926878040899343,1.386465936888799,4.75898406271905,3.6105976812476723,2.1586720886079056,5.650393329401504,3.860998589074621,5.74371500908416,7.803405646801326,8.402061260139329,3.3950103453911624,8.747722580869294,7.428721267397754,4.315191487372115,5.341518514621294,5.918941568182692,11.789229136344241,4.862478562063518,1.8421041403759286,5.9131064374785565,8.723468532588086,9.810265517294061,2.338721636811555,3.106401402654815,7.366475928194379,7.5112062845425465,7.56929079048658,5.385183700887307,6.611800013324862,4.965118662939791,2.84932119245201,5.013134034978011,4.176742414528013,5.144401376019875,2.3358213036116253,7.212027437644696,4.202312787714728,7.810840955357896,4.040046207968362,8.948513919126599,4.729697444978252,6.697504167890018,8.573841212239381,7.597331514082695,10.643967949657899,8.722224246572074,4.522525973032093,5.818564203160358,1.6553511557609568,9.548926579145727,6.2087824372281855,8.646431051209687,4.52431409414208,11.83615736967168,7.331720572141221,5.539797149745572,3.32167983477418,4.529368195156231,4.449133765091516,7.593383190765078,1.7939664885265556,10.069523084792507,7.096647031003353,4.060855842717122,6.64563113101377,1.57820838822974,5.4134560798573235,9.085231529743021,6.166217364087338,6.939782307330004,0.0,6.44819799735187,7.028218558076098,5.966665764067651,5.014484568006787,4.386407729545634,6.412277711045363,6.423800636597148,1.0773988001331485,10.460073339072695,1.9868597969843147,2.3529896829072148,5.335549703325473,4.13671028160959,0.695834075150134,5.314886302303439,8.124085040652297,6.215409201984759,8.667868076682286,2.5767994048335234,8.814808789392831,4.603741741781335,5.558085416959062,7.0432428225415755,4.736019068917277,7.882286961570372,8.510228596952143,3.819485125434731,2.6178627767461693,3.4386357486372794,6.412761568993751,8.458874111404445,8.808001384604896,9.094725258879349,2.064125607687155,3.562769469038803,5.292047400214342,4.435576623340212,9.109350305044003,3.1804543886414463,3.224420200344577,4.325659637215534,3.9144687675519796,8.360986512640254,4.1696326012401945,4.410845780069883,4.045394964126746,3.1941487766923564,4.238825833934579,6.613051598921178
1015805130,5.306275217620003,8.307649323448711,5.00800298937805,8.549907304966787,6.661971719784208,6.354832174536214,5.106498307513886,1.22119142535677,2.9736681652467545,4.546101011035568,6.749320434540627,7.457869953287813,10.998190554251572,9.71882458812469,8.487703124766412,10.20343367975179,7.835669710047495,8.29437121080025,9.596482478315552,8.843110191125984,3.7264853450101834,2.3045150481239425,2.4874765361279194,3.407125131010774,3.4020073422232997,1.8827675771160552,6.744106277084941,10.3872596157002,4.894033462636621,6.882735645999532,8.11847553726792,4.029629042157106,8.462152859196346,4.14197570773788,2.5008198781092634,5.642198181207583,1.1541201965688233,9.19352384490889,3.1616527077760885,7.049221934862296,5.403627534221354,2.448693441679791,10.021324704939204,8.435260505154307,6.523402062390699,8.231544716079654,7.287719457809932,4.332987275910835,10.299311555468762,3.6538089028785934,4.0370551688714436,5.97599640972983,9.764377530545596,4.828746317899564,6.770770680063058,3.1004534450106185,5.023487353731918,0.6687726606907809,5.261054723777621,8.43186939342534,1.6842229438894598,5.50526598618912,2.5666883097048756,6.9846964182640185,7.555751667661193,9.787395048925923,9.283602477487214,1.9188336393697023,8.381417357679322,9.558610835946373,8.058264499674126,5.8423063681678595,3.939999641845471,3.252474492976182,5.331959267186991,5.343125005336513,1.3537321435350265,2.6515043019438576,2.9604224538175656,8.627802486155971,6.44819799735187,0.0,0.7731536579943706,4.61398356176583,5.881079166597679,4.999399017719202,6.38802001043499,0.6661775959492707,6.046248594289703,4.042759240351165,5.911994149167862,4.919967187662096,4.137308832096425,5.584876449044785,6.3764800306895255,2.368922935676352,1.833095036017753,4.020474621455666,5.6994202351592715,7.451570910141264,4.052138449559184,4.330099513438001,2.5766178669027053,1.7631432077109883,3.2524514666197595,1.5507026259092918,6.357983698163195,3.9616757745673326,5.283434982821473,3.0116494693610685,3.579784963241749,4.745564534909412,5.0819701110793005,5.331114544127685,4.39899061580381,9.681438636386387,1.2995819731088383,3.937386767553645,2.856400345317028,9.383338680126878,5.894648631317871,9.646082501276167,8.531192324315791,4.240498737321957,10.480892022097738,8.690617615045918,8.325480361352346,9.497336672007272,8.499486394887317,9.202292054065474
1015827222,6.067256727174631,8.99728312773051,4.32327562945171,9.203245122725598,7.396585546738479,7.123655815127677,5.759894447801414,1.6966535943365098,3.687943938532773,5.312118771783409,7.423416587657267,8.097889492217396,11.646374805232258,10.379024112155886,9.108354361133712,10.956872670777658,8.587137606079951,9.067524651572556,10.357952863788123,9.569653755469593,4.085199581290329,1.7742314216960273,2.953408575247713,4.177384727305313,4.160798499268453,2.6163226282345917,5.983500545930893,11.100297161055341,5.38776234898009,7.647469764723347,8.803044899184949,3.2567194148306937,9.110689712280777,4.874160438649868,1.9182308711079754,6.3055008380316515,0.9989712292816753,9.95866117095468,3.819061962811386,7.822318017496272,6.144814201803306,3.2217403882115163,10.709226191486357,9.204424856252299,6.893374775597271,8.984562597070711,8.052899747659477,4.892562483176394,10.941469406536891,2.910183732258297,4.102260435584134,6.70136336895076,10.509224898282952,4.4069533878297245,6.107162369997889,3.2617356569506186,5.79659231459452,1.4080813026671875,5.929315798059969,9.076149623163866,1.4879355174445874,4.97883966817479,2.844456161039684,6.23336387397199,8.290855103707516,10.546628128066558,9.955748860380742,2.5346423767029687,9.139130382692292,10.323451453132265,8.685757920440837,5.161614873305786,4.568586356650883,4.01226493078302,6.04495338178279,6.008927884848056,1.6745588248642964,2.081464601650764,3.6633646747395066,9.39258916524501,7.028218558076098,0.7731536579943706,0.0,5.350515492497911,6.652476507729189,5.1068303860216675,7.1333214490923735,1.3472785277351862,6.698220513648246,3.6261815647512674,6.616694468747083,5.628477866507992,4.89649995242841,6.356190967516235,7.006232948098116,2.4231229126132225,1.737178536131287,4.73366387916395,6.250361978449716,8.164440935568248,4.394385576169851,5.102894894409179,3.329558661930892,2.2617543689716597,3.362937789459263,0.8555756243286188,6.970554742464673,4.724432157178966,5.633173887563894,3.5987238871003293,4.268708787614497,5.243605426869166,5.558407396434254,5.788201127350476,5.00863872870113,10.340175160701857,1.7432223669959033,4.7104286502613,2.135007264012345,10.029480288996478,6.6481644537512405,10.365415530733856,9.270368482287008,3.638690372124711,11.114003964677373,9.441984864078055,9.073505652553377,10.006073799493912,9.249736373328112,9.974858616972897
1015827230,0.9909993811145371,6.179710014549092,9.606869234505275,6.832541362311909,4.173404179234355,2.9595580176554956,4.4105774143280945,4.656128331492528,3.239943877023862,2.181056376129288,5.177837327530797,6.107896864396208,9.027182433786589,7.751429655445936,7.138233054824629,6.785096508901332,4.721803226738271,4.212387530694382,5.0847827904433425,4.23349485402453,5.757400337288491,6.145236094445407,3.171702306754349,2.0763047133441126,1.3014971778601994,2.7347942703493335,11.321386403462387,7.661645997041461,5.648440405467933,2.479604695197447,3.6579703755941435,8.50756195210868,6.814830586348987,2.991591844493754,7.053491530308441,1.5977645011080575,4.990122881506971,5.540834198718718,1.8061113095430894,3.129623046507699,3.2475115862987343,2.4076535189414026,7.678467985513593,4.69121074090882,7.549254218819819,3.6640228381435485,3.8594429539043373,2.177473509023828,8.46641043519279,8.260094175403584,7.082447163881979,1.3794330427660424,5.162071350391475,9.032960376635552,11.342665211827189,4.376806319050678,1.594639742654345,4.159429868815134,4.318794606195198,4.188466704057421,5.958389408569928,9.882138075682143,5.506569478375044,11.58222843510993,2.941822706430308,6.260787837283376,7.230260814931176,4.1089090713220635,5.030624652527293,5.0882162601302525,6.716449851664884,10.43512532153969,1.6036552968175157,2.476622435145801,0.8471913174226537,4.391619019243911,5.003795294699848,6.491387802233239,1.7408451953210002,4.170756363064413,5.966665764067651,4.61398356176583,5.350515492497911,0.0,1.8588777586985958,7.655441096720969,1.7936037116464696,4.005172373622373,4.969156992830693,7.021965983024358,4.194916888929323,3.6172020449446114,0.7288741030759249,2.2706505724523933,5.431820647003127,5.994448806692097,4.972529259722383,0.7294522758713654,2.7167426898535227,5.151118782551081,3.6585871571535256,1.36792727147906,2.052631528050768,3.4484174750441743,6.398408741615207,5.915162148996117,2.603892788974753,2.265213650188326,6.761348492906521,4.27783478103292,1.2766777691647888,2.7602841497815946,3.045377887838439,3.302479515707081,4.5144977354953415,7.735748968590135,4.730491775849757,1.6393729106456976,7.102316035063263,7.620229457573478,3.216828127019454,6.899948501116865,5.578472948446903,8.764454289978003,8.725083907861338,5.460083361985254,5.217701213524142,9.004346877441282,5.318265503121671,4.967004578944706
1015838097,0.876061819006041,4.570343123348374,10.70040899098903,5.312116252592952,2.6442684048426006,1.2181812027297605,3.711019107325199,5.569812925245502,3.596003111986612,1.748284180996778,3.887248401877925,4.783112853820798,7.342951759684831,6.108375982689505,5.720315085790635,4.9265800254425285,2.9175639114714147,2.4635850210458017,3.8048077670166003,3.6297375563641867,5.886458384736372,7.721086030806163,4.925967177919376,2.58491144288989,2.5590671308177932,4.12763587230642,12.610069681199201,5.854135581029048,5.280466238651017,1.135398615469064,3.7193244606795712,9.900079529971586,5.318889062618795,2.7218174003276436,8.131085334596648,2.8720445934893504,6.493022529550139,3.690554159141046,3.5723158526392966,1.2887369455555318,2.182057177460052,3.4381946743193748,5.94457819446808,2.8442001463577116,6.997994962839585,2.622714716074013,2.0244682809490273,4.007092950196676,6.833172559766133,9.50042618660181,7.40239491166408,1.7946786411777844,4.196015286081936,9.759352244473295,12.352463043866742,6.192550689679786,0.9168193798860731,5.306398938127445,3.5256273723419493,4.534543059114837,6.923651584727636,10.701904404215195,6.034283613023569,12.828418524180218,2.400923158558713,4.4047458171476555,5.5854544563087805,4.807731052353885,3.180367281920805,3.7271519270520743,5.334780558716331,11.501192684122634,3.4624637600557575,2.8959051526853044,2.0393038465615465,3.5710695128523344,5.891196475378186,8.080434012309542,3.3772585813024727,2.8080761234541853,5.014484568006787,5.881079166597679,6.652476507729189,1.8588777586985958,0.0,7.7513602980913765,1.399210452777259,5.365708398857075,3.9394662575548116,8.774758918633824,3.0423171508728974,2.898188427469771,1.867402863911188,0.8832188724409836,4.370978848019095,6.689650195934967,6.6048065599548575,2.5493338650688995,4.257952689658017,3.568166026885159,5.516484324281817,1.5631984158105952,3.3854403936778987,5.072760287484643,6.848014743865917,7.334669066993203,3.7655861209052284,2.2684557699494996,6.493222249683393,4.533068000053985,3.0692263373738196,4.548323420118592,4.7921515702328135,5.021192173772714,4.16997972955106,6.099212460113538,5.620054947980973,1.9916471760929453,8.593787629602325,6.040696452994279,1.828578229352263,5.103206282844397,3.777097360380834,9.754714297518978,7.103567438252107,3.6167058654321376,3.39754924571554,7.760508401478089,3.4837901832379954,3.3290991445927265
1015839611,7.737481888866017,7.0985414557113184,5.601707991430918,6.803330630767116,6.600585742444984,7.3686265517847165,4.41648916410081,3.8850106569359473,4.4161597449711145,6.014650839607727,5.684480246268994,5.771049168376924,8.868752118779371,7.8822289574982705,6.365485160281704,9.958250344277735,7.896144779967616,9.413852865677349,11.329542059741993,11.37393304977835,1.9035573232818006,6.7803145177630855,7.199625041929759,5.586399894532663,6.455300769074086,5.867041316559992,7.956044132779067,9.244368478751257,2.7841322728146594,8.872969317250305,11.208016354403844,6.68450778086508,6.671411904064971,5.030242839440541,4.274487403565435,9.187029623592828,6.043885711567291,9.490205263974696,7.181869400973264,8.326620720773425,5.880738967619133,5.469056963028291,8.524203873705153,9.051698218128372,2.66163589414329,10.351889217027681,7.912495671780276,8.576559051759373,8.170937012113734,5.6283444691670175,1.0179804039944118,8.890959237521065,11.89613929749549,3.4148025277183898,6.454352954646389,8.077575792457766,6.90387822261059,4.716368318313101,4.67457042024524,11.831021225184092,3.6717412998514094,4.426239586348589,2.5049813888374035,7.908605006299376,10.101586009170948,9.77641050978139,7.664527201652346,3.8169354068290917,8.526501706931956,11.175655821411093,6.093484510659312,6.037885506611514,7.949478421978912,5.185728154705839,8.500538254955579,4.687852816162541,3.6582001189750564,7.007774528193125,6.765255046319916,10.355264772278707,4.386407729545634,4.999399017719202,5.1068303860216675,7.655441096720969,7.7513602980913765,0.0,8.935711444956237,5.432461896256315,4.928312733349012,8.657717379415994,5.560491499114757,5.0381538950539335,6.931964561927768,6.969304895578292,4.877081954908268,2.684302324894512,6.781928826004688,7.460144210642851,9.837511832642367,6.789307914416713,8.837911275875603,6.514616274037415,6.0579230027351745,6.526069543644788,1.753199110924549,5.77084675188429,10.140802376014888,5.583297454279779,1.771995936037218,3.377804838373566,7.316670780404232,9.150707418431702,9.523463160274526,9.809248513133925,3.6712657314144597,7.831103051839487,3.7881639246452967,6.105874900331714,6.611927324344287,7.417362360013001,6.491437717781609,8.708372500342426,8.162832610588696,4.538072185871211,8.228141094800108,8.596374117652195,8.204196896228968,6.1780748537578125,8.406475465836708,10.372954280198401
1015839620,1.2142118542496632,5.82808348125922,11.359709109934538,6.610918876267277,3.986922077292132,2.5131715439632734,5.072238765483304,6.326188688603678,4.6050921307986465,2.9541333093213877,5.271400211511431,6.153963327417642,8.501198397188679,7.31821452594918,7.057743697039563,5.635500346474364,4.001748958579285,2.8074946428821903,3.31003965577392,2.5254336724308586,7.041088775784782,7.923088566174054,4.8904797271147356,3.46452693775294,3.0043585080544464,4.517559956356227,13.110413448367863,6.8453216116860105,6.5886932800260585,0.9883103997046725,2.3449431563361127,10.301115213029126,6.629219693955215,3.9418044811306823,8.794878635617126,1.8826593268288199,6.781822606733419,4.336602688028509,3.5494170582772684,2.0975454133914218,3.5723590103646665,4.076412500786046,7.062225682612165,3.511012794758621,8.358064255841889,1.873124051169696,3.0856403579803477,3.4638625722999903,8.043077692101374,10.040130379134657,8.492998671752037,0.6933813081689605,3.3764425669798257,10.65832280266335,13.076502016799553,5.994583864212265,2.0581038638920197,5.901840036041108,4.899928155534262,3.1370907578738447,7.6591651670343905,11.54837619496459,7.013534127042021,13.366678298894584,1.2100008907127622,5.081026220301338,6.800666934090504,5.6783522459941125,4.096128383016554,3.33466311063202,6.686888450493452,12.182647730417898,3.131152524134377,3.8417348764066177,1.3325918996687303,4.9498246760203815,6.667695955343328,8.264789529566158,3.53174194865877,2.4421203265117257,6.412277711045363,6.38802001043499,7.1333214490923735,1.7936037116464696,1.399210452777259,8.935711444956237,0.0,5.791114693261006,5.338051514225936,8.699571900462201,4.441471169180297,4.248766049508264,2.285788827129666,2.276197246531088,5.770172391053859,7.587402514787158,6.7389083234172285,2.482050127365306,3.287339423986008,4.862341709407589,5.050149465915211,2.445410276463042,3.8126264261802794,5.227109902442539,7.874251967572071,7.708658189147371,2.579806253712832,3.3534742316904396,7.786065338125745,5.6137707854703285,3.0204823836359034,3.865569734894887,4.021280616065308,4.195879663404953,5.456451596373417,7.314512428722535,6.392098778398895,2.8817413688888354,8.892263104600117,7.297772396056886,3.222696377297926,6.132896149398916,4.832403593815019,10.486415950534733,8.320197790265262,4.550794250359547,4.421872468685583,9.133293178445188,4.459854575790357,3.3780635087727706
1015839638,4.743885095537526,8.097119430954994,5.651969493578846,8.402267693878311,6.360420679529422,5.927453076809544,4.986137531752755,1.5492431692247468,2.776404028235497,4.146950723490145,6.576511161292989,7.337734253173432,10.849878436355034,9.554998590615291,8.391434587256626,9.8342025581824,7.4792871611985765,7.806119849146042,9.031715299520163,8.222379425556122,3.9916387038396626,2.5017847665856126,1.8673942518284652,2.9909453093958853,2.8383143434416396,1.2743188683734223,7.319865990987458,10.122426377207306,4.99680188283573,6.330333712214019,7.469169446292286,4.5423079789059235,8.322764682160264,3.8709343565005248,3.163673791410269,4.984207271768255,1.2299464268845488,8.77942258714343,2.500176294119283,6.569805045943892,5.092496349330004,1.9872530988611796,9.807633760501147,7.999455599346243,6.734025067071261,7.647537282855593,6.878319103945464,3.6707442595715416,10.162701197186061,4.2572584970929945,4.509601647310376,5.354084909767175,9.165862714435496,5.4827922371823234,7.423296072980181,2.6575596767971734,4.538712450186258,0.7296828530670073,5.11274291038844,7.770113645187213,2.319285507385306,6.170763647866915,2.940152734231403,7.577077214628908,6.944418225485883,9.398003556530043,9.100940498758932,1.975973096319167,8.001223075091692,9.004426528645693,7.953991478532121,6.48842701754877,3.274623604809107,2.9027158229543124,4.698991617778079,5.1982162402285175,1.7906309533124327,2.8669181684273153,2.3188087223545515,8.074017333125433,6.423800636597148,0.6661775959492707,1.3472785277351862,4.005172373622373,5.365708398857075,5.432461896256315,5.791114693261006,0.0,5.917678062639545,4.051450878052716,5.686138858907631,4.696064668109603,3.572249613788706,5.140330511677098,6.28061594626751,2.8895613432647447,1.7002947824426573,3.387290710102418,5.037229122996908,7.197856539855339,3.473061515880156,3.8389367485919506,2.0017237599766498,1.1457486622997939,3.714366910919293,1.969464813233222,5.69211403314105,3.5861379078263065,5.526908965749036,3.0444453617610177,2.930405575709856,4.0964422282530855,4.438482484970651,4.6933163567657985,4.3597021784831655,9.520187472110393,1.6450695753633542,3.4745145471807417,3.24642050601105,9.243747419905292,5.540317946259764,9.369493114683875,8.209205025739761,4.903683683008681,10.357694900161865,8.33186522214214,7.978478020292526,9.542796251619825,8.144919681307561,8.694683609763791
1015881812,4.427220581766062,2.3947645063727356,9.588580126063718,2.505417251717953,1.7939196242171638,3.0158442807023165,0.9398397510380532,5.03693440698582,3.1474199410209596,2.7959337314550328,0.8063198963153254,1.4201451113683714,4.952149160756176,3.6814079754228257,2.484937188484862,5.04656532469419,3.003166809969156,4.761501598036601,6.804723245688369,7.3371348445882925,3.5613882808188495,8.344936851034493,6.703894319843844,3.4799328018768727,4.4616825282564525,5.239975265272583,11.85511172576392,4.59365021952848,2.155742106201638,4.838806470569136,7.646247612589425,9.674591809921587,2.4159122033049445,2.2637214805192576,7.313927467997974,6.486379629896484,7.115450245533886,4.584462967422053,5.769878169546766,3.915021737973301,1.7866222301216526,4.295809534298115,4.06552638093606,4.235635854200331,3.277348137987498,6.15499068970065,3.2105163841796105,6.89765164198348,4.25383838080922,8.896457156539576,5.068074360511393,5.637833257359456,7.544824977047171,7.904862113910422,10.900790786218975,8.03254754973567,3.479526791338142,5.387755311450211,0.8141071766008672,8.473959239301161,6.090344161860824,8.952082840981735,4.496519923844704,11.942079049682288,6.255586602711995,4.848217612099251,3.272490099378272,4.164029148433063,3.6239748303242205,6.6052600446549,2.042590593676695,10.249986940891217,6.189152014976353,3.288985302704971,5.61508397248559,0.7262535286690333,5.1837533814160235,8.696550416475937,5.339394167903748,5.915166894082574,1.0773988001331485,6.046248594289703,6.698220513648246,4.969156992830693,3.9394662575548116,4.928312733349012,5.338051514225936,5.917678062639545,0.0,9.966815403404802,0.910961724755553,1.420031032493982,4.372022360999622,3.064016192532977,0.4630041350328849,5.312322871704566,7.603030643497111,5.274294139604885,7.683312780078688,1.869006746706432,7.998216150973566,3.6223386205659804,4.787029183910069,6.3951246021656845,4.903649152042112,7.550942972953143,7.478575971170627,2.922161242465781,3.240403946974227,3.1379499918176634,5.520117639256834,7.5423422990685385,7.881272153804127,8.16312295405186,1.7484906813256893,3.6421529797093783,5.015434499326069,3.5065050084262253,8.823925219083277,3.3371491434847664,2.14795386379971,3.943463000790301,3.2394636773543306,8.494112299400618,4.441617509329004,3.6692092314760627,3.2791061040843363,4.055114893544075,3.480835579197602,5.664413627516755
1015930147,7.975853422322536,12.101221407698443,5.756575361862241,12.442752002334474,10.278935446999236,9.60595107379257,9.037099239802293,5.241197639644534,6.820828046935769,7.95934641318949,10.61039669407849,11.38694262840905,14.88679369879184,13.586170138106656,12.442736307214807,13.578706611591853,11.286865190577407,11.21535873874452,11.98510213230455,10.717611636194249,7.704148181233727,1.879097026925359,3.8554509883264356,6.832598947722789,6.291790235326048,4.895065065050948,6.0454490480757945,14.057954306346886,8.93641169123451,9.497650580679718,9.584060286905899,3.49795939911453,12.366260334954651,7.862430725057819,4.661294638797296,7.192684001963549,2.8971051714367,12.421255074167629,5.22174860652378,10.059469209306922,9.018741736920346,5.835170858497341,13.802299368283993,11.592547774772523,10.51416376301307,10.52606511590819,10.575832776252232,5.4047146774916675,14.205077887224105,4.24831292080132,7.64043854659259,8.07809184640128,11.842179598852061,7.084872276701498,7.374296288687717,2.732506729960477,8.113536681598163,4.645263216103396,9.159268432011809,9.500127146398397,4.98722770635617,7.201247402949321,6.470422983827455,6.460194254167953,9.62956188475012,13.097717092939106,13.121985092401447,5.9457636586738225,11.747116472819386,12.02976902480374,12.004876104469446,6.445813333672535,5.5751129581720225,6.84349033675878,7.382517432608423,9.245329290199866,5.284287020149304,1.6677888409205022,5.401732188688776,11.140728891982816,10.460073339072695,4.042759240351165,3.6261815647512674,7.021965983024358,8.774758918633824,8.657717379415994,8.699571900462201,4.051450878052716,9.966815403404802,0.0,9.692235507241955,8.711791233379587,6.917270619957169,8.803147209579562,10.332053441471663,6.0037478863025395,2.3677362635556225,6.292526884018565,6.397524448129197,11.166547859652182,3.974763016291129,7.443277280874453,5.5604535701541975,3.7710279821244463,6.945715853764655,2.8879531066325477,7.39462171712039,7.463526177880964,9.25658847656539,7.039711890249747,5.746438490983755,5.31677457714322,5.430905982392453,5.499024421818304,8.39785516576588,13.552762037712348,5.30705712141177,7.185258350360812,2.3416240068726695,13.286049629869463,9.39074551836243,13.293470779567818,12.071800041025272,5.762644093073171,14.404061336596081,12.120947842946697,11.79717232352878,13.53825346547568,11.94569022341179,11.988686895552695
1015930155,3.5766952510692405,2.4116762847638515,9.850396005968978,2.8136788107343653,1.0424103288767876,2.10884132054164,1.1643918304620027,5.029936460655127,2.9386392748428594,2.0773707592819783,1.0085860402398221,1.9289892087851956,5.219151240769952,3.9096860359375265,2.9924664712998337,4.604989227485507,2.360663170517499,3.934158127780053,5.95205613662924,6.4299347264167865,3.993660146740914,8.171028477249342,6.233418680977517,2.962422470498353,3.852718155044045,4.846757288127997,12.05563059246461,4.485698578053757,2.788172463303611,3.927864242018867,6.740185027970267,9.723546257698342,2.76161855264767,1.8305232055321794,7.462532205365442,5.66523332791164,6.9110587578185125,3.9529530399651542,5.182547216573332,3.02246366362788,0.9487617555305475,3.8888436355130533,4.121566669632112,3.494026104400042,4.146606583161513,5.253464260905443,2.39061749429873,6.21419077497679,4.563568915820368,9.024126758381598,5.562780105715754,4.767862847444541,6.664312025385917,8.328607429924787,11.259788252972504,7.582952832286043,2.649741587629359,5.2433037685337345,0.9046942007927398,7.574346800420509,6.207812425071597,9.363639216379335,4.738256654966791,12.174656605677544,5.344971976708153,4.3238223862058875,3.432622797117028,4.1286998088400475,2.9935008582265255,5.7628762650154775,2.5554464705256335,10.553732830142264,5.518804492365538,2.8641887331686235,4.789514330163472,0.877106734418343,5.230553178882943,8.531536952164998,4.776987013815875,5.041197175134593,1.9868597969843147,5.911994149167862,6.616694468747083,4.194916888929323,3.0423171508728974,5.560491499114757,4.441471169180297,5.686138858907631,0.910961724755553,9.692235507241955,0.0,0.9929392746078841,3.6530442989573455,2.1754554712325445,1.328797177765376,5.545850022598732,7.326754187912019,4.5723939166126675,6.909523184056531,1.5550631443270486,7.415077180697597,2.891931358142142,4.3023304719886015,6.010286512804348,5.280887918043296,7.453463576249364,6.645258315053611,2.3472098903475254,3.9643834828538895,3.2295935012808616,4.875793529731326,6.850435100832987,7.175526731552882,7.450265615779948,2.0246762291480684,3.8796322256315174,5.026194018346138,2.8577518631555865,8.751015067108803,3.654375003103948,1.2375685249775545,3.7618016473066342,2.800127357629373,8.776919284036916,4.787892820479858,3.131749482992882,2.7328082353394256,4.817427281178042,2.9336955916661798,4.864640556767317
1015930163,3.200817189578452,3.401259380106648,8.965434139709705,3.750687492981684,1.8474948601550767,2.3312753462842086,0.827760458098504,4.060171363269161,1.9463196623102994,1.4403100929533814,1.9126613119829659,2.7661013842739797,6.18158540393549,4.8765795686130575,3.8475135933380726,5.483621541049372,3.152782668607359,4.389235895089043,6.294239288039796,6.492349836277007,3.3039164204124445,7.178484649003106,5.319833412150558,2.068748705514194,3.041726368945422,3.893040333257843,11.135726401612335,5.471819419716257,2.405624838076435,3.950310179638898,6.593377666026905,8.755281833113349,3.685452807892393,0.87036213471719,6.533173549642064,5.176595746846487,5.919645885123879,4.700778876917509,4.351338799820532,3.2909025167218258,0.842785598244789,2.9369318905782853,5.113003313312897,4.123112282727217,4.109300410442646,5.39002439586068,2.936453827735001,5.484979612480563,5.511954513518143,8.08150956932604,4.887767732989502,4.4373578756648735,6.897381846794942,7.558139275154784,10.428309199880959,6.660273460409368,2.241472307548301,4.2512128569652505,0.701710021320045,7.363632835346673,5.27222596062599,8.577360243613514,3.8812276033433504,11.269132705718109,5.297408500735448,5.1540753690404,4.410472599796346,3.157422550840357,3.7698054457856816,6.1376133084513045,3.4025625800883827,9.689984912788296,4.774401942888355,1.913517628250547,4.320121668082038,0.7751083550516972,4.275498284934299,7.5387940526964385,3.9238381536149087,5.327397963169618,2.3529896829072148,4.919967187662096,5.628477866507992,3.6172020449446114,2.898188427469771,5.0381538950539335,4.248766049508264,4.696064668109603,1.420031032493982,8.711791233379587,0.9929392746078841,0.0,2.9835799979995015,2.033148798141001,1.8743225908194279,4.672151565516693,6.34476204280906,3.8716934367327838,6.314886690995143,2.5361589479289184,6.581633180927968,2.2517449247171033,3.3922512700616987,5.056351549284425,4.508590288659818,6.462910450918553,6.180909750973592,1.5022286757602534,3.6266779991485922,2.3237381395998886,4.101883416960781,6.13110569440563,6.473935622619072,6.757980183027473,1.3669057308268202,4.844275806448219,4.061323753992027,2.095294825483516,7.761916670678598,4.595789296668522,1.459688882769021,4.739916904816192,3.710443464666207,7.907762279272971,5.725352712504491,3.977688147078814,3.584687974066179,5.466252348956351,3.778641607156255,5.356160751960172
1015930384,1.1717231725603994,5.781349479064274,9.08095033296555,6.378407306146788,3.778021399799781,2.7526115731320426,3.751892947916891,4.045113302096526,2.5158095914339857,1.5823260936552854,4.655260208820917,5.581422556163748,8.651483740568073,7.356535079005155,6.635051614849477,6.701430212655268,4.505907035716807,4.3288682334966335,5.461699761380882,4.799744089680048,5.032211798540106,5.865445831592842,3.082293680600247,1.348537172852641,0.7357041539976528,2.305970664224392,10.879616638614467,7.41469061049745,4.9328679307510415,2.759147898776807,4.33666272352563,8.113070025205767,6.349216851531167,2.300086809957029,6.512976115033225,2.3165056492958223,4.65326151996649,5.510910567197006,1.7614679694286366,3.144316355193159,2.7230530989419695,1.791435154324825,7.351726312442729,4.676881040064722,6.8426683261035315,4.098457915738054,3.709066090407439,2.56661629447933,8.059804104941756,7.789613008455908,6.374966069261397,2.0189563287728025,5.646990416019864,8.398283920316189,10.791620528154272,4.385047856178905,1.2549214873678853,3.6241643530557126,3.680514674182967,4.9032337678776825,5.373864881873157,9.272385025549998,4.818711157201961,11.121609636829266,3.4871219980495347,6.201906081295542,6.841233691478632,3.4388798560501863,4.8928006250302785,5.432198997031271,6.2034157480530725,9.901323307625015,1.8875898255305557,1.7492744295129319,1.5690018122995832,3.757460957104992,4.388691471628951,6.222601119604896,1.515538600313478,4.501888454086704,5.335549703325473,4.137308832096425,4.89649995242841,0.7288741030759249,1.867402863911188,6.931964561927768,2.285788827129666,3.572249613788706,4.372022360999622,6.917270619957169,3.6530442989573455,2.9835799979995015,0.0,1.9764556735866745,4.8345115571913,5.340033140965263,4.738823618787857,0.9222997720527003,3.3364076358597563,4.7559000514784495,3.886882831102617,0.7612838124503893,1.5705427996837291,3.205745854206448,5.703940469670781,5.528308606924151,3.317181026845298,1.5657196309577623,6.036329390437391,3.554213743557105,1.3150752945019415,3.198395293958706,3.5229065372609685,3.7994820604915365,3.804471954389721,7.336833863314347,4.113344818930312,0.9314024782817806,6.764049231276516,7.18875017929211,2.8086722862493003,6.644846850345407,5.344313057252168,8.200713920157161,8.309479215530255,5.297592587603032,5.014862030233795,8.425108594202415,5.1383850429936535,5.168124644160861
1016081836,1.4583952478814646,3.9156041825395067,10.238765621638256,4.5984539463205785,1.9188448534259086,0.8034284040649173,2.836407232217286,5.107152934863489,3.00361016237831,1.102695115310799,3.06254150811315,3.976773811804356,6.756640525329993,5.483966900824332,4.95566123307828,4.775561078299405,2.530795761095064,2.7563716430316596,4.42109140399283,4.461997541799283,5.135080161417068,7.588558525829485,5.0186873800170435,2.1799137799970447,2.5145766430213676,3.9801551578683836,12.238587153722767,5.441317506704767,4.431478646695799,1.92298353926851,4.602541210782033,9.611459359901717,4.591196805959189,1.9777245254091547,7.689143508005515,3.571633753759737,6.328041762896181,3.6499594187711217,3.7326372012858533,1.5131276685576347,1.2988763891706638,3.154835353623727,5.413673037836204,2.859136942931927,6.120636546048562,3.385978895331423,1.773212923403626,4.437089366501347,6.201328189792318,9.125687398880867,6.68249268360408,2.6005450399850316,4.92809469921611,9.149285876429918,11.840422112462196,6.344641588523016,0.7217361577410826,4.965029285010201,2.6454118702134237,5.413286339671893,6.449585857445516,10.120246732479965,5.404113610481431,12.4317389419964,3.2684438136326843,4.3008586482213005,4.962024804035086,4.281722480832422,2.946094721303573,4.302318448651238,4.552950636465672,11.020495128843347,3.810184622298286,2.4006366567119093,2.700699813371648,2.6893224566690375,5.4070853048471035,7.953569866876399,3.441462670445731,3.4260777218310974,4.13671028160959,5.584876449044785,6.356190967516235,2.2706505724523933,0.8832188724409836,6.969304895578292,2.276197246531088,5.140330511677098,3.064016192532977,8.803147209579562,2.1754554712325445,2.033148798141001,1.9764556735866745,0.0,3.5014188448429855,6.107395659685032,6.537951992561673,2.8403222069402414,4.897798377520732,2.8892213045588266,5.847169133120765,1.3598894707107836,3.2628867450889394,5.038683992845185,6.175714781658912,7.096571052863218,4.520786343814829,1.6977442186264675,5.649679180685869,3.85431168481832,3.288788858332731,5.030545831414169,5.313754519761906,5.56581045011099,3.341098521465241,5.469285714783105,5.145041390212509,1.667555236801237,8.385966201829326,5.36722493109277,1.003280012426785,4.672599093385017,3.3680540247628765,9.252922541518602,6.462704091419703,3.3349430147588515,3.040896739841436,6.941985032708515,3.1699567043382566,3.7087758449654276
1016081844,4.8803642355756205,2.2677387724721636,9.734761826397678,2.22628828661344,2.087012729208871,3.402690197151078,1.3015530807045188,5.3274423723232305,3.526892639833886,3.25892011800116,0.8357566223441929,1.0998952463961387,4.64700525662247,3.409432768562061,2.1131760914497897,5.087172513039084,3.1926828970577854,5.05035478000939,7.108675539882226,7.716131732242494,3.6637114133578375,8.680165431577587,7.128426644725877,3.9234600180049775,4.915008206551402,5.650714574754642,12.026068655940385,4.46663231531568,2.168462921102852,5.238986815200414,8.06618450558033,9.919781078860728,2.1218756854510206,2.7042517058062465,7.523631769937687,6.945827913383919,7.464812296249199,4.740077300830548,6.218081334520948,4.273669642252868,2.237473583687663,4.714115445652157,3.867282139876907,4.465218879005844,3.006584038344306,6.522138844829025,3.5072777651693428,7.356833450788663,3.937553551989424,9.109278360759152,5.10960613059599,6.085482408131705,7.878198085695438,7.969560045978093,10.992100207811081,8.449945971477263,3.936136397728802,5.725345673673568,1.2321319558164807,8.903027883707866,6.321173598392382,9.019615065520192,4.684984151856208,12.097119371667524,6.661539335745135,4.937682515922356,3.041158282422399,4.474105263493522,3.793007738063751,6.899796536405482,1.681835348610277,10.372627053371355,6.64745416201972,3.7175653427280873,6.0736639922909905,1.144374761336734,5.45162463997865,9.027740109405947,5.7843776778833425,6.2440319159939595,0.695834075150134,6.3764800306895255,7.006232948098116,5.431820647003127,4.370978848019095,4.877081954908268,5.770172391053859,6.28061594626751,0.4630041350328849,10.332053441471663,1.328797177765376,1.8743225908194279,4.8345115571913,3.5014188448429855,0.0,5.495699509767221,7.9737710626628715,5.735597757558582,8.146221394898795,1.9473635581433275,8.443321743551042,4.0852880055903595,5.219478233603122,6.799879340342549,5.016562258217552,7.86130686630094,7.936406739658422,3.3759371495820627,3.1382433010457635,3.4164965585405285,5.9761978232436075,8.002036446910877,8.341985172835049,8.624280965052694,2.0041054846583783,3.3666805394259356,5.29922159088779,3.965646619815233,9.120914539021852,3.031267557474648,2.560557091120949,3.864676447159422,3.311777751188585,8.633373828713228,4.1080061853352055,3.784391829014359,3.4080003663412475,3.5943939316431583,3.6054155105568757,5.925910233132867
1016091564,6.385713363082191,7.707068752123223,4.304621683511753,7.710537420322402,6.513151013035952,6.738109545077579,4.456300127127617,1.446720629278077,3.10756950823883,5.010256749755971,6.111464127719063,6.581610542965781,10.072407612692045,8.887983028571757,7.472969947702572,10.142411337945942,7.824931295418207,8.835469086963947,10.487000933620399,10.1126133343283,1.969489154908968,4.125105954233339,4.741827646808639,4.143027072441581,4.695063445868629,3.636437960953268,6.543054792449574,9.903921235100748,3.4955472145676936,7.809858705075226,9.65194771931107,4.529644160020578,7.597943135314487,4.202301725016522,2.05471602247611,7.346246584813174,3.3651012208388478,9.360755856375457,5.03481426580144,7.612989388635009,5.4154938378201765,3.591442813874284,9.359266217737995,8.73014198691783,4.653840958961631,9.277125225483923,7.529662137840512,6.3750244207283515,9.353643047343278,3.633770176917099,1.6871350524298945,7.354330337862255,10.856688563571263,3.0764228192380023,5.771553762672752,5.469370538416438,5.7731400231783185,2.234644175551453,4.6896145221913255,10.126004168853507,1.0412544730545474,4.015891753093615,0.8161871266765469,6.639132956920681,8.797386909756039,9.825825982526341,8.536713044331588,1.909126720432478,8.440047560524487,10.390528477726553,7.092236707184923,5.017871631180347,5.840886914962134,3.798398477137654,6.820606866073559,4.748499464078013,1.1253056916332767,4.376223411001523,4.688779857114036,9.487327531553643,5.314886302303439,2.368922935676352,2.4231229126132225,5.994448806692097,6.689650195934967,2.684302324894512,7.587402514787158,2.8895613432647447,5.312322871704566,6.0037478863025395,5.545850022598732,4.672151565516693,5.340033140965263,6.107395659685032,5.495699509767221,0.0,4.106634620539498,5.5959469935932775,7.715045797348139,7.0621594284129765,6.361633977683413,5.189292152976346,4.059143090340401,4.029845959028627,0.9430808734123163,3.1189095352791343,8.205193014397164,4.43569885681909,3.3955250090254254,2.3523214371451195,5.305522154704527,6.880293432741096,7.2399787935396205,7.510216077167198,3.579691903731953,8.842859479257047,1.3520602930122452,4.742420754490105,4.094882979949073,8.479979798542153,6.020692104301729,9.234129535582518,8.345350428205185,3.2360973797308628,9.483606712618043,8.645751533511758,8.250355371092205,7.989522107750175,8.446526847529526,9.801793579429878
1016091610,5.863879936493614,9.736940379489115,5.514832052494927,10.075392132252876,7.934897364801199,7.340497130217967,6.676125260988012,3.051098940621897,4.455840521340597,5.639128035416635,8.242676215379959,9.022910082463197,12.51908213572968,11.21851219643831,10.082046879044691,11.302377027998016,8.981383603346496,9.067576300391961,10.04791215632931,8.985129164684153,5.557758792396236,1.2083252904374056,1.9076262593839408,4.496768058300921,4.059658812782813,2.5707956202013666,6.685941877830275,11.712860723841695,6.6691929219483,7.436932800417133,8.020180584074764,3.7926620092712917,9.999445954976721,5.497945690189717,3.4736183614267095,5.510332687610308,0.7450280100995638,10.182762968280608,3.1907536845074342,7.869998913156197,6.670183936104099,3.4888684032447412,11.440513795602254,9.370477977263384,8.347917900036451,8.608153726467055,8.308295161700729,3.841157873439944,11.83790371655085,3.9353790829220063,5.7937202371570224,6.185529744934062,10.035741217042217,6.040002985919101,7.308851607133304,1.6215685705666383,5.873218760357167,2.3495478149441076,6.794043108862636,8.132462951959301,3.222261684198276,6.488451013590622,4.393549921889762,7.01775937204427,7.788436540293135,10.83800634027157,10.755187563687096,3.6489516622748166,9.465613105014754,10.059407950820049,9.64296857596803,6.335113976028956,3.753432239372318,4.48576301655173,5.487081025517365,6.880373194792688,3.1770420880804724,1.5308970055476276,3.2525492271523495,9.143282888189967,8.124085040652297,1.833095036017753,1.737178536131287,4.972529259722383,6.6048065599548575,6.781928826004688,6.7389083234172285,1.7002947824426573,7.603030643497111,2.3677362635556225,7.326754187912019,6.34476204280906,4.738823618787857,6.537951992561673,7.9737710626628715,4.106634620539498,0.0,4.259299479491291,5.10719313563581,8.809779117032798,2.92245462641104,5.184397563229111,3.2750858495938235,1.5351355337307602,5.028763590473608,1.501412254545389,5.974594731923105,5.122583565703201,7.113471752486608,4.732828716400516,3.71843973396391,4.018678733510823,4.271999366856294,4.4538734462037555,6.059975455363435,11.185053423496454,3.1318892134971583,4.889157041553742,2.2692894408020723,10.91891569936125,7.065280273153188,10.951442409342617,9.74869215475353,5.0651358920042915,12.037964060246,9.824271108984698,9.488953897657424,11.236995072761184,9.644298201146718,9.896100581063383
1016091866,1.701738606176587,6.693745247600467,9.028267809815834,7.2994665703572315,4.686968375310784,3.5819795807843997,4.614148104794813,4.202642739143819,3.1022458292430386,2.497298862729878,5.576076772289619,6.50126713920675,9.560547016245643,8.26928636588779,7.556743559089471,7.469844857038956,5.348063476095653,4.936921425116212,5.789018705658969,4.839845046771672,5.5887524060179326,5.441048534126723,2.442887074648136,2.0263346554491215,1.0157465768133769,2.1423149960436914,10.67811567502589,8.276904256215605,5.678864828580046,3.208051857496823,4.119168266116114,7.843000186505377,7.27103325000597,3.1347744023230497,6.497231046759892,1.7564481362863946,4.310711323509055,6.23981539233263,1.0791590765636423,3.83294923141532,3.6450433002766363,2.0312578051265846,8.245754247655935,5.392604246866629,7.609339545472789,4.354423621930266,4.51236886041184,1.6443300408510275,8.975173117211316,7.641406780321506,6.8096190940882115,1.975294036921955,5.82035381854469,8.583985130197004,10.78382517471643,3.6546645093285073,2.1252596320375674,3.6239778777828326,4.5611984298030865,4.53190476594944,5.456523317473385,9.394112455980212,5.185711971231804,10.950382905936186,3.5792616935083417,6.95263686222172,7.752402185628326,3.76601290084092,5.69251177471092,5.801144414249653,7.124469672373983,9.861733630370427,0.9738808367565268,2.39825178287059,1.311982274804526,4.6408009368126875,4.5515434215182555,5.783357323815973,1.0733936008207452,4.888576611442306,6.215409201984759,4.020474621455666,4.73366387916395,0.7294522758713654,2.5493338650688995,7.460144210642851,2.482050127365306,3.387290710102418,5.274294139604885,6.292526884018565,4.5723939166126675,3.8716934367327838,0.9222997720527003,2.8403222069402414,5.735597757558582,5.5959469935932775,4.259299479491291,0.0,2.5092119144659515,5.66648842444685,3.009713892364994,1.6825420735713321,1.5449471482722679,2.7452809870457164,6.087803050132172,5.254614710590099,2.6809908538697083,2.403313432017219,6.724723478648557,4.113761889128084,0.5481351781410442,2.2780690392100094,2.6083225665229164,2.8888722028544116,4.57843726778446,8.250399869189907,4.284747651855486,1.779845517648151,6.415856658597012,8.107669318902474,3.717940586162445,7.509887382900204,6.197526236513754,8.224839788989273,9.226477652988482,6.112786560302554,5.851594134930432,9.329389715985647,5.963034191864147,5.696435078895291
1016091904,3.4509088988288847,8.799656354418001,10.51721140294233,9.496092225766604,6.815942078126734,5.4703899244021645,7.088181508440345,6.269149347793053,5.5757717169455505,4.889405419510634,7.885775988350595,8.815258026847475,11.599636389775327,10.354636830217123,9.832956627824231,8.922448650048159,7.156945149933994,6.0835340786511205,6.0865157837616835,4.514584191441136,8.008612213416232,6.27895682871479,3.3155417932431277,4.534621780302414,3.5042824330583824,4.079154369167167,11.788323194630472,10.069078328243478,8.186277765343624,4.275570731593879,3.243737898391627,8.896623103817875,9.48699001090046,5.62576311799653,8.160006252656308,1.4168115882875068,5.499635720950429,7.623900901952613,2.6871763821327272,5.3255499309155185,5.961163448931237,4.3742877518880645,10.200966516833141,6.795344219087083,10.118129584516675,4.691833764169781,6.244635458302814,1.3665049661972515,11.077412622870236,8.98495704110186,9.104372445051691,2.6127893746630226,5.700115842384489,10.51484932292027,12.316644822113675,3.757176932650139,4.280465417630837,5.531313999321859,7.014195792710522,3.1062643660658877,7.340168046404588,11.20044584713905,7.446206096349482,12.124666294074684,3.704940797681563,8.368318351515644,9.831294409100394,6.043191832660668,7.335904309449019,6.209021383608354,9.41708171838814,11.352794997060855,1.8931086633371212,4.900235526175762,2.220257954501943,7.089847435603826,6.602120282877255,6.543666543990599,3.077255916221027,5.464641698823869,8.667868076682286,5.6994202351592715,6.250361978449716,2.7167426898535227,4.257952689658017,9.837511832642367,3.287339423986008,5.037229122996908,7.683312780078688,6.397524448129197,6.909523184056531,6.314886690995143,3.3364076358597563,4.897798377520732,8.146221394898795,7.715045797348139,5.10719313563581,2.5092119144659515,0.0,7.779578697996346,2.4234477659058125,4.065725134277992,3.779649926953082,3.988619154537663,8.342434703663034,6.487132752983914,1.0299387672297158,4.8901994120684655,9.214044711777273,6.5563451083607145,2.5278094319503657,1.1055734400105628,0.9792197767748135,1.013204022719439,7.087441856151316,10.343333783725026,6.363070233523646,4.256816906791231,7.365009069743003,10.260552838108723,5.884740574607484,9.333427414557125,8.011675914497202,9.888944255006903,11.344068369092907,7.787907031280448,7.6166059251868825,11.721054992724639,7.678884843414698,6.54642354357324
1016154221,4.329038419822682,1.0290259698493651,11.363798251289948,1.7492621446416818,0.9801378607689359,2.3609209610302693,2.6104237709199207,6.584991644707886,4.479183126560132,3.3011910860806877,1.1140351814372393,1.5401426086860548,3.8956740741272053,2.6037443264867384,2.226558463100177,3.1776260620022896,1.3413568583582676,3.3687998977258213,5.424282581903983,6.333113024377761,5.403709674727042,9.693324481636944,7.590634657298251,4.353801263138147,5.114554636295144,6.283659725219725,13.590276274496317,2.936168994002643,4.024268495734832,4.086699863167377,6.9533843777894635,11.278478133678922,1.7681254849476995,3.32710575860938,9.005388580889035,6.425738502562388,8.426843970847344,2.8093303825951956,6.432333697166224,2.9378095325321585,2.1612040185619565,5.333454111755364,2.648541484402834,2.645106661867226,4.909410481261634,5.107993393016132,1.9611722066561053,7.295953805981911,3.315512087759065,10.5719978703048,6.931134290377401,5.357183703944512,6.282823219468255,9.754496722884726,12.72891953317904,8.94481245875906,3.5616934583173836,6.782920084485168,2.3725772672766396,7.854004215157534,7.754534014916969,10.798835571639668,6.248852668937998,13.69999430636631,5.481236224815806,2.9940243183502617,2.0859137643340846,5.683632636334703,1.8857801597565165,5.190275507499607,1.9101714207504614,12.050374937063538,6.639547006650278,4.324141102358176,5.567703611102578,2.315536037470466,6.78399299025311,10.055849313418213,6.066232466476623,4.665718796021247,2.5767994048335234,7.451570910141264,8.164440935568248,5.151118782551081,3.568166026885159,6.789307914416713,4.862341709407589,7.197856539855339,1.869006746706432,11.166547859652182,1.5550631443270486,2.5361589479289184,4.7559000514784495,2.8892213045588266,1.9473635581433275,7.0621594284129765,8.809779117032798,5.66648842444685,7.779578697996346,0.0,8.63190742721531,4.021577970987928,5.680049138539984,7.438543205160453,6.730538571424582,8.997116276628404,7.333703021221052,3.7201487597211917,5.074225942426461,4.771900501728982,6.055279498543364,7.904010793978625,8.19645510953734,8.452099323936487,3.4927916786758546,2.586286585472403,6.581105585461875,4.116812189961539,10.297360778328706,2.481089340014468,1.9485478438794377,2.206753601419093,1.3735815475991693,10.280847542177979,3.574340665742606,1.8380390313385917,1.468609793860648,4.388808962937133,1.6625539824987068,4.1450667640480106
1016162623,4.643209311649244,9.652273983569177,8.437207840311654,10.20711371095764,7.657957589673823,6.590734247898926,7.2024935559559475,4.976278563683479,5.180081159215401,5.36406126957909,8.422009857552766,9.32523754663077,12.525826192304148,11.22438699373233,10.401507336163103,10.439864700776845,8.357183605795914,7.782531992867416,8.215406656349048,6.810677316353223,7.214297464263002,4.004406609432041,1.638357273141065,4.519881684887484,3.5623629368222303,3.0823251707163415,9.498054329491435,11.286341620504404,7.8443989471833335,5.964314345375207,5.624079861137269,6.627172666650869,10.166493172604325,5.739461046169368,6.288473964328885,3.3317277794781464,3.480705957576172,9.183991839930806,2.2340074164021266,6.774204921093453,6.535570080193889,3.8474565136043726,11.23842898069647,8.33301519830454,9.744387896444112,6.764183796856785,7.512609525556498,1.5865363118564668,11.918896668183493,6.856173382156771,7.95564776030309,4.373283003067175,7.966393135136598,8.800067900225294,10.231072124551934,1.3858840145095634,5.1284312645764505,4.146779703989036,7.216258852267368,5.528599849352665,5.72876067309525,9.345429539535298,6.333981022648325,9.855911001008412,5.815421166165782,9.910794165526667,10.713267138929261,5.0979084985546494,8.687789177602086,8.295193580477687,9.95987674929256,9.257147268644898,2.055987816337839,4.754037212571429,3.726137905187404,7.302741243545883,5.251797008376585,4.22796402809256,2.659009558794632,7.457254409759693,8.814808789392831,4.052138449559184,4.394385576169851,3.6585871571535256,5.516484324281817,8.837911275875603,5.050149465915211,3.473061515880156,7.998216150973566,3.974763016291129,7.415077180697597,6.581633180927968,3.886882831102617,5.847169133120765,8.443321743551042,6.361633977683413,2.92245462641104,3.009713892364994,2.4234477659058125,8.63190742721531,0.0,4.610330669806868,3.2649648247235303,2.332778412656644,7.1599305678863985,4.4065068516391115,3.422779665623973,5.087858628250181,8.647563654883301,5.941606466703429,2.577214010555572,1.348395951545889,1.4668077498531071,1.5817399296622137,6.903742188407786,11.202581945468268,5.0749643533014615,4.5606554657431335,5.09333226089052,11.032897408168692,6.690176314272824,10.518864445002327,9.207237022324637,7.950239128682769,12.161614477379427,9.114021821367208,8.859615847617013,12.003109176573481,8.967856514877028,8.427140975926848
1016162631,1.2323326669828605,5.042820491140463,9.141028229551186,5.623990842314332,3.0487652937304177,2.1629858320896895,3.0427861344458784,4.017333162978821,2.1602356878803715,0.8266947788155408,3.8940100070367913,4.820167664058347,7.915917077203035,6.616325060800687,5.874206090063783,6.135442544701745,3.868522575904128,3.9689847538438277,5.351783611118188,4.951218430595261,4.6133091927290035,6.252708053612984,3.6712660343985255,1.0472384041544525,1.158051966433915,2.639430655626104,11.049554644699848,6.739207971573243,4.331392072934472,2.638971087114232,4.694671863945536,8.356498188192132,5.592724487821618,1.6470425922087033,6.5703788364512725,2.948514083499638,5.001592324293955,4.998373416603832,2.425146948119811,2.730923149475773,1.9626441255674993,1.881957698080139,6.637174632235608,4.190373077761134,6.208725358356302,4.0902083851588324,3.132919460445313,3.3266082128804895,7.315285764558351,7.938744629075144,6.04797963583638,2.389226725273403,5.668784768771556,8.265686951029172,10.803641934291154,5.008114653683482,0.7002668122527419,3.745546146535621,2.9528183444601854,5.354286998334991,5.3706116026026764,9.186548531131383,4.580994889083299,11.265740465625697,3.6439848900225633,5.658822773028684,6.10371043212023,3.287252619270225,4.30487572658593,5.284688577237311,5.4422291051292895,9.944848164734884,2.6411759579503205,1.4032941632266034,2.1195021817276594,3.026762418841557,4.344103279705967,6.61640697493852,2.0988428706176654,4.360421314507171,4.603741741781335,4.330099513438001,5.102894894409179,1.36792727147906,1.5631984158105952,6.514616274037415,2.445410276463042,3.8389367485919506,3.6223386205659804,7.443277280874453,2.891931358142142,2.2517449247171033,0.7612838124503893,1.3598894707107836,4.0852880055903595,5.189292152976346,5.184397563229111,1.6825420735713321,4.065725134277992,4.021577970987928,4.610330669806868,0.0,1.9110919961253001,3.6795491080016802,5.432620270412959,5.8069342832231765,3.956795566226762,0.9525367136849991,5.479865910280974,3.170858312883668,2.0341010876064836,3.9596055058476436,4.283674468067844,4.559294518466123,3.188778043226462,6.595401025726769,4.07104552638099,0.4468725898478674,7.08211051002677,6.438556599615953,2.0834068253216933,5.967894502898202,4.687039911734398,8.20512085964741,7.562288212362501,4.687407576510029,4.380341531113719,7.671754996175141,4.51792162583867,4.8724241670320465
1016185607,2.742228119547511,6.659918039782511,7.555626729546601,7.115296929941014,4.754425598182656,4.065597792610384,3.9539407146819103,2.6577570311316463,1.941809960501326,2.4089296109140306,5.28827756904779,6.158339865024299,9.511591732206028,8.200583877465368,7.239756881811923,8.031057630985103,5.726463009106437,5.8422970685815985,7.031166339816942,6.285579551645183,4.243564912688021,4.347406555473723,1.931483678777773,1.3402734131719465,0.8371895834715114,0.7423827407301385,9.31296383872997,8.523486797764896,4.627955409554001,4.32887206648597,5.652561866160525,6.543139178055684,7.059350878110528,2.5266219377225267,5.0009034031457995,3.287588210865743,3.108352707016412,6.908766651557074,1.1642665589704588,4.621532477165467,3.519162082994516,0.6197589238895288,8.328574585962825,6.101001941605137,6.554264927283373,5.655828586389544,5.0339176250565165,2.5491436249980812,8.864827579984059,6.2302697482846545,5.3406078692823415,3.4287082937917344,7.1885153046502355,7.039351842652035,9.290252225422034,3.2810297388574043,2.6049248235371647,2.1076916295267902,3.9873756718242923,6.075468067144208,3.9222385219998928,7.857102526042964,3.6927180669402704,9.56007082583335,4.98855069691029,7.5632805142655775,7.709163302543024,2.2757958107714806,6.195446524533338,7.002702768678301,6.794813488103675,8.38297547936272,1.893666383080047,1.503292957431219,2.8208053152256487,4.075106676599995,3.0066188004022987,4.709854920848531,0.7174003648071395,6.072309055416067,5.558085416959062,2.5766178669027053,3.329558661930892,2.052631528050768,3.3854403936778987,6.0579230027351745,3.8126264261802794,2.0017237599766498,4.787029183910069,5.5604535701541975,4.3023304719886015,3.3922512700616987,1.5705427996837291,3.2628867450889394,5.219478233603122,4.059143090340401,3.2750858495938235,1.5449471482722679,3.779649926953082,5.680049138539984,3.2649648247235303,1.9110919961253001,0.0,1.7897276470576724,4.59492817122347,3.961094252748023,4.1594015608933725,1.9665411095039471,5.535731467081713,2.824859240917373,1.2696098980245678,3.1622465760040313,3.536863972031876,3.830210301988433,3.6446664016531582,8.172843595948114,2.740285966377156,1.624817422414514,5.209236184515052,7.956702356306046,3.8399454164557136,7.754899994947617,6.515102477022653,6.714626469374789,9.09018252308289,6.562371117172835,6.236719531891445,8.750806867561812,6.385893979480529,6.711754312820362
1016185615,4.329141116210205,8.400062234638517,6.553040094711303,8.80672740922655,6.52906591276219,5.842091346339781,5.5015737456816725,2.6491855553439034,3.2970274103758497,4.19410477080935,6.968989743545991,7.800955270249052,11.22917836411768,9.919972310171254,8.877210920024728,9.812961657227854,7.515885228943323,7.534516776034511,8.531376676502283,7.533328898788213,4.97905181470366,2.697091656950751,0.7250429865032767,3.085539817857585,2.538622706546338,1.1638892933627996,8.009172338972204,10.30440553596816,5.804357151390391,5.9046873360522465,6.649128977617755,5.139462126071166,8.74156354832451,4.188506830122293,4.173622132342326,4.130489555252821,1.6023490633624138,8.672430272265538,1.6996855683111702,6.342510895703704,5.2795078883160755,2.121770023551328,10.084927027006021,7.85328195998435,7.633477887605662,7.099700174516975,6.8118677896284,2.6321535703942875,10.566733597154514,5.060604550326899,5.627772678041946,4.698591263146356,8.553343280394529,6.585097846586071,8.3477605615915,1.701305617627207,4.359644427808038,1.8171886344505648,5.581435236705407,6.857134785492978,3.4460426792978236,7.2238827473612215,4.021644162357743,8.306797945038936,6.306382576729023,9.338310789375598,9.439082112924686,2.8749865577664933,7.979227775840057,8.536492179634584,8.432938095268536,7.391274011152549,2.3635504547953277,3.1471452174840366,4.007059024285116,5.669569161240431,2.9191877923602068,3.0433854687443476,1.718989110475199,7.617185064390762,7.0432428225415755,1.7631432077109883,2.2617543689716597,3.4484174750441743,5.072760287484643,6.526069543644788,5.227109902442539,1.1457486622997939,6.3951246021656845,3.7710279821244463,6.010286512804348,5.056351549284425,3.205745854206448,5.038683992845185,6.799879340342549,4.029845959028627,1.5351355337307602,2.7452809870457164,3.988619154537663,7.438543205160453,2.332778412656644,3.6795491080016802,1.7897276470576724,0.0,4.831688728917701,2.585270998723682,4.728647016485463,3.7193577324660887,6.471961472299754,3.841519569560375,2.2145744001134355,2.995308466453409,3.32404144811292,3.5693261699498535,5.0107829176580285,9.88978484587201,2.7475613143391064,3.4143812494085424,3.6794900500671885,9.65165685593317,5.626047702183761,9.537193780885232,8.303974553870079,5.900340124688394,10.781702025457768,8.350309803110411,8.026302953462302,10.22097034905099,8.17470769500962,8.36100103267652
1016185623,6.660212395290138,7.274779530870834,4.732434876052716,7.184631260051218,6.296582181306554,6.7268874113048005,4.13413261449747,2.1836527705607796,3.2746908995742836,5.112703333079727,5.7097789740602,6.067680751412097,9.47947486229399,8.345112940585382,6.883868725954683,9.87686948987541,7.623948248095449,8.83113477924207,10.59589273284713,10.38313019301556,1.3531324559922562,5.066778949193679,5.524839886313741,4.4138822979753485,5.125657113090093,4.286596716469902,7.056534072519574,9.47850693118871,2.8945895427976507,7.982650041036208,10.040363025818515,5.301123898782406,7.064649555094189,4.205313218012341,2.808180067757891,7.8430463523931095,4.2912441540671145,9.197688408723785,5.657009507882853,7.646362214303528,5.313173587852838,4.056645234084987,8.873436667254929,8.629866386630935,3.7956764729337764,9.467749316012902,7.437271563217258,7.0335163244927665,8.761649328836281,4.3287240954230874,0.7961073854034338,7.718356046353348,11.043827070821576,3.052543297280073,5.999515291673029,6.342239339670759,5.944969809361454,3.0145136815265636,4.385954533110446,10.579321541085994,1.9687673637512142,4.082944261544472,0.9029224556693508,7.100433905675698,9.076464253962524,9.604102313569138,8.031330781860262,2.3236413312131083,8.252153399346227,10.476892861089175,6.529933507514186,5.356079060958758,6.450850932462768,4.032518411164953,7.241806845388036,4.430936192024698,1.9256357163131745,5.313406830579098,5.272242955850973,9.59882893287222,4.736019068917277,3.2524514666197595,3.362937789459263,6.398408741615207,6.848014743865917,1.753199110924549,7.874251967572071,3.714366910919293,4.903649152042112,6.945715853764655,5.280887918043296,4.508590288659818,5.703940469670781,6.175714781658912,5.016562258217552,0.9430808734123163,5.028763590473608,6.087803050132172,8.342434703663034,6.730538571424582,7.1599305678863985,5.432620270412959,4.59492817122347,4.831688728917701,0.0,4.059481736461277,8.7495864220251,4.583056891576571,2.5611904050633005,2.322387054438259,5.86376462467873,7.574869401872716,7.942351302608534,8.221133936895248,3.2572562856186136,8.297736761555692,2.0849808022253447,4.992729780400969,4.997265446621324,7.915913913116604,5.934967331140014,8.84623351504759,8.062710725934497,3.6262863628197115,8.871145008475272,8.412517939545337,8.01363146147256,7.212972578410895,8.21427240919861,9.803296177193843
1016185631,6.697943960037007,9.841174975290693,4.045922433762185,10.05624773001377,8.212641575206026,7.87669107205644,6.612086921397084,2.549914167515303,4.517933636180918,6.078005045414744,8.2718284640714,8.952332167890468,12.50030689923873,11.23105412837061,9.963896490140893,11.748341051639551,9.382361460471781,9.775067779263482,10.977055613888057,10.086514590149449,4.890030871624882,1.009479357004725,3.18239946438785,4.929289059927143,4.798055839334492,3.2223445356863296,5.431835259477445,11.933246445404563,6.2287262304261235,8.2872587926297,9.233601922364665,2.59257555921525,9.964336546404734,5.692226915965042,2.01520785244628,6.7155559339484325,0.992544143315703,10.723375320331739,4.261404304342497,8.53730497640528,6.95410796380878,3.942553856076077,11.554021387680562,9.953968339505888,7.68878812179283,9.576153865078874,8.818574604012772,5.165651257295624,11.795984531667667,2.497987701057582,4.754177253353213,7.229184032844151,11.071635998928016,4.586435526238931,5.8457946027127985,3.1225620304056827,6.506192348031615,2.2167577124916833,6.778657258926919,9.432131059849203,2.0994813788830964,4.991550672754135,3.6338324541369373,5.7225727956543375,8.833747324332807,11.326778769303035,10.805173131792854,3.3885662147349196,9.922967917779705,10.957468611075681,9.541090522801811,4.875815649266361,4.948674584287024,4.795565640134574,6.550922376938703,6.858861192468906,2.505169739588307,1.2660061484207938,4.18446624314899,10.028150454223521,7.882286961570372,1.5507026259092918,0.8555756243286188,5.915162148996117,7.334669066993203,5.77084675188429,7.708658189147371,1.969464813233222,7.550942972953143,2.8879531066325477,7.453463576249364,6.462910450918553,5.528308606924151,7.096571052863218,7.86130686630094,3.1189095352791343,1.501412254545389,5.254614710590099,6.487132752983914,8.997116276628404,4.4065068516391115,5.8069342832231765,3.961094252748023,2.585270998723682,4.059481736461277,0.0,7.290375653492333,5.500174564653201,6.424854238601114,4.454240681917141,4.752321277704925,5.425708702488117,5.705655987353475,5.905936851388192,5.8641845716529994,11.192458272539717,2.593103143948787,5.4351848972970735,1.3059312416388469,10.883513322154267,7.440667804724566,11.194194780207365,10.081707586832993,3.563923587990254,11.969190546124041,10.237189515346278,9.873804228450291,10.845807284753425,10.046723870580895,10.663750965516394
1016185640,3.0728388705114296,8.331546786330975,11.280851439516624,9.07706953157111,6.402203540770814,4.97755152087424,6.990432384897062,6.776712429124745,5.763164274808959,4.741911509857204,7.577838560499506,8.4966959317636,11.06091026204712,9.85433041920221,9.46979997439914,8.165139618290192,6.569195961147223,5.290575054419589,5.109806827993437,3.4929007518392,8.265003191325114,7.167824561598619,4.111412414767879,4.635433025276569,3.6879283636255207,4.602116722593545,12.657630572033394,9.424816468746581,8.249581607948572,3.547010620191202,2.2151251973912824,9.764794416028698,9.081775620940963,5.593990398172353,8.852522139323295,1.0083615461702604,6.297831983420621,6.86550288300185,3.214851736754709,4.6760715276677765,5.704450214972729,4.698939125509005,9.63122340076137,6.061638371749817,10.153144607773894,3.7527337194149335,5.650774390295603,2.1347461199073487,10.58005905186792,9.782364560714495,9.48255157142914,1.9847559852651737,4.6824233973449045,11.112581835928577,13.073462099622539,4.717571271630324,4.000754278345449,6.101319758433654,6.880780377115527,2.1587454807779767,7.941284950435803,11.854592615900716,7.846673228198262,12.980238619093928,2.7676617802687313,7.607097410865749,9.333119828488126,6.4261924054922135,6.675259712952928,5.247172376194873,9.072342742098204,12.119317875500665,2.4193020368254703,5.027744652234363,1.8646752121220662,6.948988713700124,7.120692944917756,7.450460235337659,3.5188532944152238,4.549152405164049,8.510228596952143,6.357983698163195,6.970554742464673,2.603892788974753,3.7655861209052284,10.140802376014888,2.579806253712832,5.69211403314105,7.478575971170627,7.39462171712039,6.645258315053611,6.180909750973592,3.317181026845298,4.520786343814829,7.936406739658422,8.205193014397164,5.974594731923105,2.6809908538697083,1.0299387672297158,7.333703021221052,3.422779665623973,3.956795566226762,4.1594015608933725,4.728647016485463,8.7495864220251,7.290375653492333,0.0,4.869105465347231,9.347604607580465,6.786415626605202,2.89990688521565,2.0779031166685376,2.005251667328718,2.0357839267140343,7.1178606484948945,9.847661134343385,6.8655666991103645,4.241773120867222,8.243545186305079,9.803185389242271,5.524052725871869,8.712020305428029,7.407469820349584,10.591664281815968,10.853755959228012,7.129947337343956,6.999121109047969,11.453163227040804,7.039558639450606,5.664466205346395
1016192743,2.155551339118155,4.69370748137637,8.54103631055626,5.1599808327851235,2.8154101576259802,2.416855363485211,2.2115922563402823,3.411265815610604,1.3307136719848092,0.6003655951287817,3.3457195147229197,4.239081352905275,7.54611600496589,6.235147103976119,5.317590851566059,6.251624355992609,3.8931859322386977,4.453825771879189,6.052630692558106,5.823218264430545,3.687650439449526,6.0815208534222505,3.8927678093068314,0.6338332960340418,1.5395212911128557,2.5698214885825763,10.554045349451744,6.594451314329122,3.3893283351973156,3.401120204379483,5.636444293139692,7.966745786660528,5.108794273034564,0.7357888578521558,5.993363313540764,3.862431731310059,4.807990582815439,5.234852683902436,2.8545982859708254,3.210303205362674,1.5601528002413227,1.6340318935461462,6.367950915950489,4.493573948168572,5.284040720724386,4.884907275000133,3.3295134833250444,3.9926317980516783,6.903379965319712,7.443599654592213,5.159679185305184,3.339894768671746,6.462001767727531,7.49750196598314,10.147654978859165,5.245459445598714,1.3619675164916136,3.319003342015802,2.171368960426722,6.3063306829224866,4.75190904631436,8.45154153503,3.766261867094835,10.740786459726964,4.531484816498946,5.826790085379728,5.742679437236129,2.5862247602658863,4.423060450263911,5.954967685233591,4.87468707323936,9.32336747821223,3.2794992556630125,0.7160937226009103,3.056943410488956,2.2538879801919087,3.709363202668267,6.4476480286720586,2.436035051767882,5.0527920448222075,3.819485125434731,3.9616757745673326,4.724432157178966,2.265213650188326,2.2684557699494996,5.583297454279779,3.3534742316904396,3.5861379078263065,2.922161242465781,7.463526177880964,2.3472098903475254,1.5022286757602534,1.5657196309577623,1.6977442186264675,3.3759371495820627,4.43569885681909,5.122583565703201,2.403313432017219,4.8901994120684655,3.7201487597211917,5.087858628250181,0.9525367136849991,1.9665411095039471,3.7193577324660887,4.583056891576571,5.500174564653201,4.869105465347231,0.0,4.528538883146913,2.2786472433586034,2.6017388429602137,4.64026991313585,4.988516259358296,5.275421610440893,2.2508919391417543,6.207860426849388,3.4478254294593715,0.634990315542629,6.802663820318951,5.998581559004824,1.9550823321135133,5.830668067141506,4.632593231919659,7.557575522893659,7.132209957613374,4.746132075546314,4.392762270953728,6.964715320674592,4.558810176304531,5.405698874804029
1016193065,6.641328503625072,5.333617967803467,7.130606572121924,5.033171151458106,4.983713417216518,5.923791910667222,2.8880439075312423,4.06278976694855,3.6405546904477357,4.8355810373080566,3.9614341735292093,4.000536981282071,7.1447175110813035,6.122939352723726,4.609713345125375,8.22510869283489,6.240800876621497,7.888487210932689,9.872081148578784,10.111327822866217,1.5579516435763099,7.403563853024547,7.053585647889994,4.714940449773147,5.714008930378871,5.565901248902635,9.487584168241645,7.472628866410345,1.2213928799364515,7.572078171014562,10.118407158040872,7.862290676500189,4.9017461976323835,3.8586500491471103,5.368820141943069,8.352108921919948,6.427716455963876,7.824859400105976,6.69998343480265,6.882474693999035,4.443720327104983,4.9159909053836595,6.754461349176445,7.4465865170217755,1.2647973620945028,9.016613032715675,6.3530646439848475,8.074519940918245,6.438910804233436,6.881781211972177,2.278125409839226,7.857138034562311,10.515122376879777,5.087427481071075,8.146049106027416,8.146354565985556,5.728602851581765,4.805968590108685,3.1303384341270566,10.825327763310094,4.425994310895985,6.125001663313229,2.7919728068737757,9.483960117540427,8.891061689625584,8.068219508502622,5.894792399204865,3.5976153744593855,6.8639604861895025,9.69746387215031,4.325765151807269,7.652256173086638,7.389061363943363,4.329306610584647,7.577648619243091,3.123994129879387,3.9755649123507326,7.69023780679781,6.2488540860376185,8.92572995088297,2.6178627767461693,5.283434982821473,5.633173887563894,6.761348492906521,6.493222249683393,1.771995936037218,7.786065338125745,5.526908965749036,3.240403946974227,9.25658847656539,3.9643834828538895,3.6266779991485922,6.036329390437391,5.649679180685869,3.1382433010457635,3.3955250090254254,7.113471752486608,6.724723478648557,9.214044711777273,5.074225942426461,8.647563654883301,5.479865910280974,5.535731467081713,6.471961472299754,2.5611904050633005,6.424854238601114,9.347604607580465,4.528538883146913,0.0,2.7200417933205907,6.707412464058598,8.696770523429405,9.070824650265486,9.364636991706922,2.329960259182571,6.072228310325568,3.9842523017343927,5.129339073607283,7.483064958197306,5.662346850920967,5.020058146696877,6.942986731740751,6.445457697308809,6.031242288886216,6.511532356436094,6.9006571127233896,6.514569687347507,4.662847726173598,6.715336143187228,8.827567839184605
1016193073,4.402793554731918,5.501203565595105,6.641775303144321,5.630628800521662,4.169505918562917,4.427351318108081,2.216727973550415,1.9116046795723611,1.0384268022027037,2.7921274637895124,3.902115903423994,4.513746053097987,8.06317788351671,6.812198114791537,5.511109696985175,7.804243670504647,5.4752895857970065,6.532558148112704,8.273715784851067,8.10020005626247,1.4815417733979757,5.309124064229004,4.372369163235597,2.2100455951496345,3.0999333711269923,2.8608213448151996,8.826628421980152,7.668157863111667,1.9673160831341594,5.66844886444913,7.848077225001003,6.542418225077877,5.532546412685304,1.8911446380332315,4.233877323117818,5.81960351120697,4.143155787180451,7.008607376077676,3.9880565492276805,5.333296254512538,3.066226776172642,2.2067096534788972,7.195784481180091,6.386558433161254,3.8096517520265976,7.155353740220722,5.186556380709249,5.372155702863719,7.353974684600878,5.801273925077002,2.8821740574613766,5.525098706894432,8.728609662987537,5.315159496050411,8.11994560794362,5.540625858706954,3.6379498990815833,2.3953172955731032,2.421292432974418,8.45486285625883,2.9836247131646347,6.310231236160861,1.5799689693787655,8.950989891491234,6.80349103510009,7.4773881011976115,6.41043627019248,1.0945347656618067,6.088482080296605,8.156365480772974,5.091474514987711,7.36847931052743,4.6995741560761894,1.8101068760082157,5.122734889087068,2.491494466814209,2.045988665136918,5.647016807635013,3.5412412165513714,7.276472774802292,3.4386357486372794,3.0116494693610685,3.5987238871003293,4.27783478103292,4.533068000053985,3.377804838373566,5.6137707854703285,3.0444453617610177,3.1379499918176634,7.039711890249747,3.2295935012808616,2.3237381395998886,3.554213743557105,3.85431168481832,3.4164965585405285,2.3523214371451195,4.732828716400516,4.113761889128084,6.5563451083607145,4.771900501728982,5.941606466703429,3.170858312883668,2.824859240917373,3.841519569560375,2.322387054438259,4.454240681917141,6.786415626605202,2.2786472433586034,2.7200417933205907,0.0,4.031184981450764,5.986751342214529,6.36152399017665,6.65465847801301,1.413026188677354,6.771415123083398,1.882901545201849,2.746622071433041,5.7050482068287085,6.446773506592579,3.676452005593235,6.969349722436157,6.018387799192744,5.585698581517593,7.520509882846779,6.301116441058055,5.907363493624283,6.505325115239279,6.102006594121441,7.503579777684018
1016267050,2.237102331446808,7.076911495534704,8.582343289161159,7.646737206130947,5.0807801081489545,4.054479607606504,4.796386138900124,3.8810572549040665,3.0676377013011993,2.8053989516057216,5.884316901229769,6.799948617993101,9.949986577345772,8.650184998912401,7.868256387068515,7.975354777225371,5.814716068371502,5.4767640534203945,6.329889390989649,5.334346389963907,5.480841025176088,4.905618608522201,1.8950413419960384,2.117398800357579,1.0724985960850946,1.7338282378541607,10.182596253136664,8.729062070806382,5.721474226581229,3.755974995241304,4.539225754861136,7.334114990328437,7.610743824144769,3.306679300420563,6.074536830567052,2.0776099644375674,3.7955040245290363,6.757490326908696,0.53155695562517,4.356947654890123,3.9747292040132813,1.8484294086678354,8.662704832566517,5.912968593501925,7.658559658375658,4.890355009022907,5.000086171765533,1.408265345395101,9.34772638403226,7.167125615649689,6.610071985394152,2.485457338393507,6.3395198108661726,8.238836304031055,10.350455706067162,3.12367026406221,2.5671491431842686,3.2388275831474447,4.771574614656306,4.878661363244221,5.082845134249,9.016776800309577,4.961881888587133,10.462931283455708,4.093442583519597,7.46412203128814,8.137810730094762,3.5453942150910907,6.18335416445849,6.345478709016871,7.430349608885339,9.418575305282204,0.6952891730067661,2.4422116750699083,1.7993740334245016,4.854812947618918,4.226785704446896,5.245151568955587,0.6309883996197788,5.4347705590633595,6.412761568993751,3.579784963241749,4.268708787614497,1.2766777691647888,3.0692263373738196,7.316670780404232,3.0204823836359034,2.930405575709856,5.520117639256834,5.746438490983755,4.875793529731326,4.101883416960781,1.3150752945019415,3.288788858332731,5.9761978232436075,5.305522154704527,3.71843973396391,0.5481351781410442,2.5278094319503657,6.055279498543364,2.577214010555572,2.0341010876064836,1.2696098980245678,2.2145744001134355,5.86376462467873,4.752321277704925,2.89990688521565,2.6017388429602137,6.707412464058598,4.031184981450764,0.0,2.0553732111054046,2.4163025790484887,2.7087823195738094,4.660454315698278,8.62901924856853,3.968669503830663,2.022369149560255,5.892274928913457,8.466961900999479,4.112988983539765,7.959472246906906,6.656642368632951,7.8103358304820745,9.59306504918208,6.596175760434436,6.32213408771853,9.56644300159901,6.441039880137241,6.243379107554909
1016316493,3.67935446746409,8.933036745503898,9.467369710211894,9.56375503562807,6.924433494121458,5.706898605071692,6.845409880967581,5.437944013886224,5.077043050341531,4.775060543924047,7.853610661529222,8.779252961153231,11.786283983253426,10.506791154654398,9.83315467514881,9.40843415813288,7.457614290794942,6.656459929096896,6.929332640853721,5.474358586528982,7.3867258953109305,5.180589974498737,2.290207763693444,4.17276704931711,3.126385641944411,3.2919479422324156,10.691982880919303,10.398427955277985,7.754053517568722,4.8232299835887025,4.275683911665071,7.802123829874653,9.539027898329282,5.355787354616549,7.161271294613536,2.0483836859486457,4.445895581084853,8.126822138108945,1.9987618068208879,5.744214296922965,5.920980397709312,3.7815507640753627,10.43748652724111,7.279839530025795,9.689495733515017,5.490800244840068,6.572745395006152,0.6483704281132979,11.21919107572092,7.92001605978299,8.355518867437869,3.1735767590877106,6.638920871429503,9.574259017011615,11.267875389987763,2.6535299956515126,4.342325181859357,4.656497586072541,6.811188044693023,4.2045137365686305,6.415547535341882,10.217171970516794,6.69555408916006,11.03234191981556,4.524225685080054,8.865517031405432,9.986557429219376,5.333892997216635,7.720625605532496,7.023740299141328,9.401810770892453,10.300102550565054,1.3635916864872542,4.491256087467032,2.5922191827147247,6.893011499073198,5.755944912052044,5.4408352291956685,2.4479219831549575,6.215086858299387,8.458874111404445,4.745564534909412,5.243605426869166,2.7602841497815946,4.548323420118592,9.150707418431702,3.865569734894887,4.0964422282530855,7.5423422990685385,5.31677457714322,6.850435100832987,6.13110569440563,3.198395293958706,5.030545831414169,8.002036446910877,6.880293432741096,4.018678733510823,2.2780690392100094,1.1055734400105628,7.904010793978625,1.348395951545889,3.9596055058476436,3.1622465760040313,2.995308466453409,7.574869401872716,5.425708702488117,2.0779031166685376,4.64026991313585,8.696770523429405,5.986751342214529,2.0553732111054046,0.0,0.3751314277137183,0.6679680316150515,6.70995309395995,10.490151755158523,5.534944612648286,4.036502835566747,6.26857611237419,10.363512345717268,5.9607364065384445,9.642137673415347,8.31703937890406,8.877013970280974,11.475212494961184,8.161966784420056,7.944315577823294,11.59629118225154,8.031938463756553,7.232050333186888
1016316507,3.932528245349732,9.225086207139757,9.751284419050949,9.869777570003569,7.218377184315356,5.9690529746796335,7.196985762768873,5.799660526622463,5.4489503666248575,5.104008149690626,8.175740415116598,9.10318859870702,12.069637616739822,10.796575657966857,10.15190668550378,9.61085042945853,7.70857784078555,6.826151586064603,6.992157139393785,5.471426182632967,7.761719070767428,5.411467531131231,2.609077828374335,4.532667898938855,3.48424093078233,3.6621260938969282,10.921553299187147,10.64625488985245,8.123901885482278,4.994846655438154,4.220376670648775,8.037660347273018,9.848013258718911,5.708246952915388,7.476574905271941,2.157714718084082,4.734661059884336,8.322140035927918,2.373660320145735,5.958856639865327,6.240884784163387,4.156021381425738,10.708302763235608,7.479244496875611,10.059849416773199,5.5708666496454615,6.814625500513088,1.0088620266601467,11.511787604601542,8.19304337463001,8.72435000980511,3.3282576891461315,6.650194233103418,9.908697349839729,11.551400383159878,2.83328212197949,4.637166057465202,5.012354796920697,7.157706048675656,4.069552099429471,6.7574469815360905,10.536326894135625,7.065044990241213,11.269544012843072,4.591987700634171,9.063752228027154,10.27516937740429,5.706885206653071,7.949887603955412,7.099953045632822,9.72285402434218,10.581294546290543,1.7216423940596033,4.856282380342319,2.7941423662363807,7.238829816800778,6.115014273108645,5.656991387886495,2.822032920247042,6.317753045612353,8.808001384604896,5.0819701110793005,5.558407396434254,3.045377887838439,4.7921515702328135,9.523463160274526,4.021280616065308,4.438482484970651,7.881272153804127,5.430905982392453,7.175526731552882,6.473935622619072,3.5229065372609685,5.313754519761906,8.341985172835049,7.2399787935396205,4.271999366856294,2.6083225665229164,0.9792197767748135,8.19645510953734,1.4668077498531071,4.283674468067844,3.536863972031876,3.32404144811292,7.942351302608534,5.705655987353475,2.005251667328718,4.988516259358296,9.070824650265486,6.36152399017665,2.4163025790484887,0.3751314277137183,0.0,0.2943380809684405,7.075153880631236,10.781055686544498,5.896974863491584,4.378657869291891,6.502017151993981,10.663359238336055,6.25896246236563,9.894436032589343,8.568356708057879,9.18429446501932,11.770230379804563,8.3949434894156,8.189260123554664,11.936281407944298,8.270359633408749,7.3626707601307375
1016361430,4.169092595198176,9.480115733037794,9.95130959000041,10.132987268552933,7.475364071736353,6.207741230792935,7.484984712453397,6.0724450872697,5.743278729068518,5.38158841676142,8.448586380493643,9.376832530579897,12.318557025395645,11.049775396085957,10.42244378030815,9.807738722257207,7.93875134213958,7.00337276061952,7.092931072636835,5.526375229737617,8.052368461787227,5.5723369046189895,2.8488687617802446,4.824337308296321,3.7754021818545143,3.9451395293070712,11.075074618452836,10.872871019432916,8.41811922523414,5.176878999538454,4.239665403192067,8.198330357230601,10.112968976559438,5.996831734836493,7.705170103126543,2.3168999417291727,4.943917796057219,8.515162933633471,2.6666202861242025,6.167412881164388,6.5131451896663535,4.449516387590018,10.94968496031638,7.675823557549647,10.354119456161783,5.687437480796517,7.039736636727343,1.30231406033811,11.766549651935566,8.384803488637932,9.004708997130388,3.5056346513056194,6.712932403686337,10.153565591769897,11.750295929922096,2.9664904453582635,4.896678374801294,5.2795656406376175,7.443390975684452,4.0242414738244,7.010438136329383,10.766993310261855,7.346419716207612,11.42923801520114,4.702922215567955,9.258170207842621,10.527785713076037,5.993311973285279,8.16584962539215,7.210393228876209,9.994765295742036,10.77857696612976,2.0137404283669724,5.149531945459482,3.0047039849808166,7.524171403556191,6.384941091328544,5.805487265373383,3.1157861068077946,6.44884737904684,9.094725258879349,5.331114544127685,5.788201127350476,3.302479515707081,5.021192173772714,9.809248513133925,4.195879663404953,4.6933163567657985,8.16312295405186,5.499024421818304,7.450265615779948,6.757980183027473,3.7994820604915365,5.56581045011099,8.624280965052694,7.510216077167198,4.4538734462037555,2.8888722028544116,1.013204022719439,8.452099323936487,1.5817399296622137,4.559294518466123,3.830210301988433,3.5693261699498535,8.221133936895248,5.905936851388192,2.0357839267140343,5.275421610440893,9.364636991706922,6.65465847801301,2.7087823195738094,0.6679680316150515,0.2943380809684405,0.0,7.368360687111411,11.034946240204205,6.170058384712908,4.663026316061287,6.6629108410245514,10.922708888681399,6.519006990190371,10.124262219765866,8.798209392298883,9.404896972285954,12.026421966233254,8.613013270760645,8.41524521167682,12.218233968661883,8.492066086588876,7.5119112127677035
1016558292,4.32033601454584,4.137606098809548,7.874424168913788,4.223035832469646,3.050016696705545,3.697620685729636,0.8826773716682489,3.324591646211344,1.7359037147532232,2.5089265842361588,2.5370729838487276,3.10256605000119,6.651108077556909,5.405808265340234,4.099715918362667,6.621034337470914,4.377267764156579,5.750602165754877,7.659770981304192,7.795491844111769,1.9778076176499573,6.702817597763972,5.441001884735047,2.5579201009785724,3.6047716736159914,3.9139772935526613,10.120856702618973,6.327654103487147,1.1441758504655797,5.262903250563612,7.791089304258237,7.9299252236949425,4.122832675507933,1.5455020507483117,5.566926778953441,6.1122285771774,5.51027311645328,5.961829685216955,4.766768202298434,4.656410804184269,2.209594826326393,3.057412547428736,5.813849404478845,5.4418487794101775,3.038818852562304,6.723880473447986,4.273172607994726,6.066292855730463,5.941234988566742,7.148562362859454,3.558080754355579,5.544585044953197,8.248040828324205,6.303931748552574,9.245026831185779,6.702948583962271,3.3996041298805326,3.760670268760007,1.1295881068235285,8.509931065029791,4.34200841771252,7.339458222466834,2.763852794778843,10.218048744356283,6.564272656964189,6.348493916847424,5.014387453533851,2.4841051566480874,5.008381257804776,7.504420155997369,3.6786243660363236,8.557629806319342,5.355719072007899,2.2188779430202445,5.305402774845208,1.1788721752230362,3.4492024134943993,7.0455113732672325,4.309581070107708,6.689553265336404,2.064125607687155,4.39899061580381,5.00863872870113,4.5144977354953415,4.16997972955106,3.6712657314144597,5.456451596373417,4.3597021784831655,1.7484906813256893,8.39785516576588,2.0246762291480684,1.3669057308268202,3.804471954389721,3.341098521465241,2.0041054846583783,3.579691903731953,6.059975455363435,4.57843726778446,7.087441856151316,3.4927916786758546,6.903742188407786,3.188778043226462,3.6446664016531582,5.0107829176580285,3.2572562856186136,5.8641845716529994,7.1178606484948945,2.2508919391417543,2.329960259182571,1.413026188677354,4.660454315698278,6.70995309395995,7.075153880631236,7.368360687111411,0.0,5.364302383350175,3.2952814655066756,2.8762176303044,7.11807340090814,5.035156822117994,2.8229172795936774,5.654512070313853,4.808485488080726,6.788680199604743,6.107625409517892,5.15630169265406,4.757321304530726,5.2126770004640175,4.958341938850338,6.71470346811986
1016581561,6.894322472254114,1.5573841667431807,13.03005536986894,1.141289753479448,3.56629026860921,4.881051118845079,4.5803856268836,8.676814808479417,6.744811792483227,5.846722303881998,2.9437796590986367,2.267966904842983,1.3395857015973256,0.05267007547687345,1.466696233805672,3.3730809408074918,3.353061431894452,5.245654933521736,7.083374880207228,8.383292489732241,6.95259461842259,11.974075188346108,10.100588038310754,6.8330897247967,7.662910199156603,8.726112979202329,15.346884175011736,1.7553800712179326,5.403147483499326,6.446230827942263,9.223858415574494,13.286430039993519,1.2463804345165728,5.704866983678935,10.881842803259621,8.970832066176117,10.732453835892304,3.9771869399057067,8.989512453928418,5.261361226039979,4.680257979083406,7.768148391390168,0.8596931389533284,4.349918165783871,5.358013269883898,7.188218727879311,4.244592158948385,9.881950937397425,0.7341806354322478,12.46755309628451,8.273616584988408,7.862955581804708,8.048282194601716,11.134494911807412,14.18908416704754,11.453203869175425,6.147837763026945,9.01931611556934,4.420820623414989,10.146824349870327,9.68692739485995,12.180224168785774,8.037987795611285,15.398169939394691,7.7533040275463385,3.6226100556087215,0.514554376633302,7.806167253815032,3.4970885020498717,6.815785442120815,1.7697768505382412,13.630292862660573,9.222676692232081,6.743068286133963,8.124859491439311,4.338352974575457,8.813349373921783,12.328472581281273,8.607970157680763,6.56891329737961,3.562769469038803,9.681438636386387,10.340175160701857,7.735748968590135,6.099212460113538,7.831103051839487,7.314512428722535,9.520187472110393,3.6421529797093783,13.552762037712348,3.8796322256315174,4.844275806448219,7.336833863314347,5.469285714783105,3.3666805394259356,8.842859479257047,11.185053423496454,8.250399869189907,10.343333783725026,2.586286585472403,11.202581945468268,6.595401025726769,8.172843595948114,9.88978484587201,8.297736761555692,11.192458272539717,9.847661134343385,6.207860426849388,6.072228310325568,6.771415123083398,8.62901924856853,10.490151755158523,10.781055686544498,11.034946240204205,5.364302383350175,0.0,8.653053416276665,6.659956875134952,12.465862688878342,0.42687443086814725,4.533351562185707,1.7546828459055785,2.6298559492358966,11.923410776050806,1.0062888570162905,3.1145584323551647,3.041333665409676,2.9791474505139575,3.0960014499695605,5.708032441636148
1016648135,5.2147256164430695,7.359032665906754,5.0951477468081485,7.51261989768621,5.888556297679721,5.849412343909941,4.08551660755974,0.0988104527544076,2.2050140728265504,4.046687444332541,5.766786142101175,6.396643891582663,9.946046186866559,8.693517249141498,7.389354545629997,9.509296966448108,7.144863485571167,7.901404526389567,9.421233302874978,8.912383288724916,2.426983035538094,3.499813908597453,3.4405016259096737,3.0351436576023003,3.4304140170452153,2.2849357021664285,7.1338112792386745,9.503489464939038,3.648907522635446,6.709682164383981,8.375858269232092,4.697372697381559,7.415191995529104,3.404495789245779,2.5478779303366275,6.02459782881609,2.4453124795200134,8.60547684175172,3.684318147831323,6.656194128903646,4.6826803721187185,2.3271793244172376,9.062230117780064,7.907468963562748,5.227142520813718,8.146576880806899,6.719081755903339,5.023637224298599,9.236516233549633,4.041777782695687,2.880831430538634,6.104933417648054,9.718716838262596,4.305507166194171,6.733181142025653,4.298278422503024,4.709956068812025,0.930848374150024,4.27468405027175,8.815728449719856,1.3066173953790086,5.1591531989696815,1.2976924070815274,7.3039434491312445,7.598412912170009,9.138907628534442,8.286482569283656,0.9086538483968488,7.730880608790715,9.34701102188509,6.972414009330382,5.885306187217084,4.491022294129296,2.7494522827607732,5.539099964946378,4.349772976133331,0.27561123694200945,3.8202641661398404,3.3467648145369977,8.427146597059021,5.292047400214342,1.2995819731088383,1.7432223669959033,4.730491775849757,5.620054947980973,3.7881639246452967,6.392098778398895,1.6450695753633542,5.015434499326069,5.30705712141177,5.026194018346138,4.061323753992027,4.113344818930312,5.145041390212509,5.29922159088779,1.3520602930122452,3.1318892134971583,4.284747651855486,6.363070233523646,6.581105585461875,5.0749643533014615,4.07104552638099,2.740285966377156,2.7475613143391064,2.0849808022253447,2.593103143948787,6.8655666991103645,3.4478254294593715,3.9842523017343927,1.882901545201849,3.968669503830663,5.534944612648286,5.896974863491584,6.170058384712908,3.2952814655066756,8.653053416276665,0.0,3.631212008757738,3.824547211461404,8.329674837727573,5.242816017821299,8.787592793793777,7.764271204301437,4.134929900100815,9.401314292079878,7.9921327280625105,7.608781144921528,8.266629743730347,7.795234178025117,8.850195645048096
1016648143,1.667563265992939,5.121145305555649,8.70882857853091,5.647556247558969,3.165825592080699,2.4622690661092164,2.8367187121959656,3.5793328660588646,1.7251751380464417,0.8157547758952105,3.8661376432546164,4.778579849182964,7.991717539378863,6.6840504814539266,5.849196027008353,6.413385696058595,4.101648317268683,4.358392188158437,5.7900222003149295,5.393715361615602,4.202525944854376,5.923158306194672,3.484385450318342,0.6010119759437162,1.0032788074546957,2.321547581902154,10.637405894287117,6.915273389633626,4.009068878518892,3.081702117156107,5.103826505448832,7.9669999715504645,5.605891259866951,1.3705083505061846,6.140032506658843,3.2369488339033228,4.660873448697229,5.315216306042584,2.333051111763725,3.1119822601614744,1.9805726449042438,1.4932776790428923,6.757948195382366,4.526085021709593,5.913168961351866,4.536621155512248,3.424636894426136,3.391225051361172,7.369240511423678,7.524623475261543,5.617024832488138,2.7852340512791076,6.115414821463794,7.818814370874662,10.364392149000263,4.836018709466439,1.0946236488996295,3.3368527641972716,2.7816708041679803,5.737232382925922,4.933132933610086,8.740470742353251,4.137084902959187,10.8476595396695,4.0843514052802625,5.954068061762749,6.17992753099966,2.840836121249581,4.576482580063983,5.718237018647428,5.410078114316758,9.50982020797806,2.6830804150684897,0.9604843631226649,2.4485338065618945,2.8617228161111035,3.9034966133087616,6.288529853305159,1.9502499520035168,4.79643976144666,4.435576623340212,3.937386767553645,4.7104286502613,1.6393729106456976,1.9916471760929453,6.105874900331714,2.8817413688888354,3.4745145471807417,3.5065050084262253,7.185258350360812,2.8577518631555865,2.095294825483516,0.9314024782817806,1.667555236801237,3.965646619815233,4.742420754490105,4.889157041553742,1.779845517648151,4.256816906791231,4.116812189961539,4.5606554657431335,0.4468725898478674,1.624817422414514,3.4143812494085424,4.992729780400969,5.4351848972970735,4.241773120867222,0.634990315542629,5.129339073607283,2.746622071433041,2.022369149560255,4.036502835566747,4.378657869291891,4.663026316061287,2.8762176303044,6.659956875134952,3.631212008757738,0.0,6.720849967790977,6.476548908760631,2.2282450071229603,6.145032123390253,4.893501005697288,7.766075048140646,7.607520189898198,4.938579803952264,4.61193195402945,7.559800531663984,4.7613748824626025,5.276937604246295
1016648151,7.926705594230488,11.1319149223259,3.540007582536472,11.327219408435143,9.518013018905025,9.170434810808096,7.887326514082154,3.7935473989817874,5.8188452296331095,7.377558823199089,9.555708635572424,10.216387839346707,13.766209871554977,12.50531870579742,11.213900606688572,13.05250064688529,10.687372748135138,11.044719205462203,12.18404048039017,11.209858640502778,5.991237261719667,1.090791146286028,4.163901521825754,6.226003839292417,6.042042066426938,4.466862739570313,4.423510701715755,13.233478101984646,7.4052042361420245,9.516326950018193,10.280172363954703,1.5357640821011713,11.232466465945121,6.997022173929233,2.4103292858283556,7.764796412563835,2.114833561653515,12.020039877508248,5.379003572929445,9.81265709704751,8.259975735328188,5.231377714932728,12.843492447572698,11.244880102281074,8.745212418423568,10.765084589096018,10.116348761993939,6.110431564397327,13.05841676164407,1.9623352717853308,5.602005546595847,8.37745426608187,12.231791235978797,4.74733626887949,5.267035727204709,3.714578598223851,7.782324407252512,3.521299469808869,8.061030428446228,10.401635572297124,3.0576200901908197,4.876212952020808,4.728553771901239,4.767598230946676,9.98541109321856,12.62831388458072,12.086578828544443,4.661014371072874,11.225723557850978,12.175919836161954,10.79632603201802,4.301689454474986,5.999181327193336,6.099893184955321,7.686545497878772,8.13994657121292,3.696910372047108,0.9040836701909934,5.361524423170511,11.249678105248096,9.109350305044003,2.856400345317028,2.135007264012345,7.102316035063263,8.593787629602325,6.611927324344287,8.892263104600117,3.24642050601105,8.823925219083277,2.3416240068726695,8.751015067108803,7.761916670678598,6.764049231276516,8.385966201829326,9.120914539021852,4.094882979949073,2.2692894408020723,6.415856658597012,7.365009069743003,10.297360778328706,5.09333226089052,7.08211051002677,5.209236184515052,3.6794900500671885,4.997265446621324,1.3059312416388469,8.243545186305079,6.802663820318951,7.483064958197306,5.7050482068287085,5.892274928913457,6.26857611237419,6.502017151993981,6.6629108410245514,7.11807340090814,12.465862688878342,3.824547211461404,6.720849967790977,0.0,12.149302811994186,8.745547635363325,12.496447885197332,11.387564126250062,3.428619602613603,13.225345883616063,11.542119276091643,11.179369387322026,12.00500834581495,11.351913548851911,11.920989380380158
1016660445,6.810123309254635,1.4720587394478053,12.646800377633808,0.8451959631272173,3.4494843759435203,4.8256938945549,4.276840883835746,8.356586617042476,6.467618109677134,5.6689516238893285,2.6834619599702907,1.9330909343836995,1.6169942849946668,0.47954444264998275,1.0526377071370314,3.6820451094755753,3.399559723408787,5.362849833241776,7.258129394811298,8.488672565288791,6.575108725393777,11.681794239122118,9.88775532901706,6.616757511997905,7.479400137509396,8.487984533602079,14.969655485296347,2.1467588090597296,5.022552941886044,6.460501419750355,9.275155837799293,12.94212448099466,0.9217141283130635,5.463236225725038,10.524425376999053,8.90476431872977,10.448666414951218,4.180873215882118,8.809579308182443,5.278992807907906,4.4976055391534056,7.530828716236273,1.2611821065189364,4.481356130881267,4.933009756702401,7.280935905742559,4.260661794125949,9.746779997965307,0.9190600925277388,12.109471399231058,7.874891135329351,7.8214872572833345,8.210154007799265,10.73220751726457,13.78847151364468,11.237183259349184,6.026400835662609,8.724728871076591,4.132221075102573,10.193351002425251,9.339658595221051,11.776648690480178,7.679159513981184,15.015254626123731,7.799657759163792,3.8873273123310312,0.6283510865530956,7.494984753389934,3.616869438230392,6.9941968691021374,1.3887533636846268,13.238981835277718,9.076304504079653,6.505707873106561,8.04850802174968,4.047645935061171,8.4827102972972,12.033683933798757,8.417206999572118,6.694893120029078,3.1804543886414463,9.383338680126878,10.029480288996478,7.620229457573478,6.040696452994279,7.417362360013001,7.297772396056886,9.243747419905292,3.3371491434847664,13.286049629869463,3.654375003103948,4.595789296668522,7.18875017929211,5.36722493109277,3.031267557474648,8.479979798542153,10.91891569936125,8.107669318902474,10.260552838108723,2.481089340014468,11.032897408168692,6.438556599615953,7.956702356306046,9.65165685593317,7.915913913116604,10.883513322154267,9.803185389242271,5.998581559004824,5.662346850920967,6.446773506592579,8.466961900999479,10.363512345717268,10.663359238336055,10.922708888681399,5.035156822117994,0.42687443086814725,8.329674837727573,6.476548908760631,12.149302811994186,0.0,4.40439950472735,2.0475411137025925,2.747829541322057,11.53961677763752,1.1336553714899185,3.266574470373578,3.143177601535372,2.630446271891675,3.22300808559192,5.885745787319113
1016660461,2.459112030212781,2.9762083253118146,10.272103369317781,3.61739600369969,0.96943368918162,0.9080235774764478,2.1326369083117127,5.223125777381042,3.0379840154561757,1.4319604497499538,2.06443029074527,2.974284993164557,5.84331001283126,4.551703167379555,3.9553937656315377,4.3089925506386875,1.9419069385791234,2.929548181815548,4.856285042828589,5.208203732025047,4.759840591041417,8.03660297325587,5.710740025277487,2.570013941027099,3.2052808390460243,4.498992052925774,12.375411713234891,4.6871384026637175,3.804187485580849,2.6929412816943636,5.5056866192854965,9.86771362025551,3.6037004005530084,1.8433792557822073,7.777094677542631,4.572471016649413,6.763062670457252,3.3648018510425843,4.505919402070805,1.8627491201764648,0.6237049598898174,3.583117077320784,4.55395940262315,2.710229020369019,5.336824096926073,4.048963044273108,1.5101064713440764,5.348964839650785,5.26006007418478,9.282768572621729,6.342189665544859,3.5954373762450524,5.504837559985295,8.973645326608867,11.792224229856252,7.0601289119552675,1.6223288499552981,5.24018713967386,1.8982570671424535,6.34746765019937,6.515355031987273,9.980902190882102,5.255896013727095,12.535568395412895,4.107636332291972,3.9062587780825035,4.034461608209217,4.339204787921096,2.4962654787636596,4.690642063805106,3.55022288623028,11.021703878904045,4.691058947897189,2.6461382562939746,3.6995312129619453,1.918282405173144,5.484252167597333,8.402729350430391,4.158945037055943,3.90584407845626,3.224420200344577,5.894648631317871,6.6481644537512405,3.216828127019454,1.828578229352263,6.491437717781609,3.222696377297926,5.540317946259764,2.14795386379971,9.39074551836243,1.2375685249775545,1.459688882769021,2.8086722862493003,1.003280012426785,2.560557091120949,6.020692104301729,7.065280273153188,3.717940586162445,5.884740574607484,1.9485478438794377,6.690176314272824,2.0834068253216933,3.8399454164557136,5.626047702183761,5.934967331140014,7.440667804724566,5.524052725871869,1.9550823321135133,5.020058146696877,3.676452005593235,4.112988983539765,5.9607364065384445,6.25896246236563,6.519006990190371,2.8229172795936774,4.533351562185707,5.242816017821299,2.2282450071229603,8.745547635363325,4.40439950472735,0.0,3.9171562480119486,2.6834557527436993,9.23956792125061,5.514640319365361,2.7965719446207515,2.438194158633047,5.94340208074893,2.606902770023763,3.896952473078183
1016689133,5.96391872914699,1.609832929231053,13.525348699174803,2.1046141588477925,3.016569908614446,3.9403924364145704,4.779696693352344,8.791738019986411,6.6778127316279425,5.346055149348563,3.137155391664543,2.953136861395759,2.509848956821467,1.7223646013929788,2.7443557284055786,1.6350404843481057,2.1858663016244377,3.7249946312307864,5.416511393914524,6.842266326648159,7.5003555347924245,11.87008574364656,9.624385887988971,6.460875591292138,7.112134717931046,8.3984880871979,15.773226385854304,0.7713532274043787,6.032793168958347,5.187312681222956,7.808000319460267,13.484938763762976,2.236053981006843,5.508298405453529,11.199425157409282,7.922928205596835,10.599425840352959,2.2969661908445063,8.38822793903278,4.035965179759917,4.283026826567787,7.462929334753408,1.066649704129751,2.82232748970134,6.489045989555469,5.690650984124014,3.089520039539002,9.077104921307132,2.2980747057917434,12.770582072155724,8.973709566099968,6.75171549921885,6.397221852403561,11.830040338853772,14.84042339672854,10.970534033623897,5.3932474465049385,8.978056506941734,4.554662075493159,8.735053226917318,9.952969182572634,12.879488616191047,8.418364455264598,15.872427960329892,6.3697898227853145,1.8717424189429277,1.43963881314985,7.890364075653025,2.056431785789036,5.144734817702798,2.7951151619900796,14.193029048132859,8.47511781304729,6.474770054604361,7.130961968969074,4.490706799370278,8.98899464488058,12.234132240596715,8.06315433851289,5.001625008557087,4.325659637215534,9.646082501276167,10.365415530733856,6.899948501116865,5.103206282844397,8.708372500342426,6.132896149398916,9.369493114683875,3.943463000790301,13.293470779567818,3.7618016473066342,4.739916904816192,6.644846850345407,4.672599093385017,3.864676447159422,9.234129535582518,10.951442409342617,7.509887382900204,9.333427414557125,2.206753601419093,10.518864445002327,5.967894502898202,7.754899994947617,9.537193780885232,8.84623351504759,11.194194780207365,8.712020305428029,5.830668067141506,6.942986731740751,6.969349722436157,7.959472246906906,9.642137673415347,9.894436032589343,10.124262219765866,5.654512070313853,1.7546828459055785,8.787592793793777,6.145032123390253,12.496447885197332,2.0475411137025925,3.9171562480119486,0.0,1.326131249459967,12.434148388604095,2.5712773875953228,1.6091089520368564,1.7175045640796143,4.674688881040898,1.6751924093311998,4.047576574472893
1016785086,4.638303616385307,1.522648126527458,12.649580215001887,2.3610824768088303,1.8780419683247784,2.6200244162686084,3.928719798863391,7.758399622543915,5.595504735100127,4.112877315515712,2.4840508654875264,2.7120355332837236,3.694185166812504,2.619670585677149,3.005385353436849,1.8159861248784661,0.8597923622722466,2.6192904681748614,4.5294583754236255,5.754368246787864,6.749411312171397,10.709569845586008,8.355828038802196,5.252711468693454,5.840080621014971,7.182102368193218,14.842858416824251,2.083186895647023,5.395177122397967,3.9060300670022285,6.614337101276706,12.447599143334752,2.452349939502176,4.397426671934013,10.242400530387867,6.60336089704303,9.435877161428879,1.5669989816782834,7.096600546137328,2.7363145196732943,3.1276039675776652,6.264678731376007,2.2375942512156004,1.733560898144804,6.228996521859223,4.558699440806674,1.7672309479077137,7.7548470691709595,3.3181923534285525,11.79166327306626,8.29059362886112,5.438635538828339,5.469159960728405,11.099420601304937,14.053264642498446,9.6951516396591,4.089789835166441,7.868058687783253,3.678968408479075,7.540164868026946,8.982308962494681,12.14045659776056,7.538376534422502,14.9690455949356,5.152616187965049,1.6269427337425306,2.1478918235649496,6.856812182136448,0.8701573625116353,4.270536855268023,2.8518208571381107,13.353597512618682,7.159309201416109,5.306788983583872,5.806194248676302,3.6318620771308976,7.983811994809377,11.075309971141746,6.785876396063487,3.948561906310578,3.9144687675519796,8.531192324315791,9.270368482287008,5.578472948446903,3.777097360380834,8.162832610588696,4.832403593815019,8.209205025739761,3.2394636773543306,12.071800041025272,2.800127357629373,3.710443464666207,5.344313057252168,3.3680540247628765,3.311777751188585,8.345350428205185,9.74869215475353,6.197526236513754,8.011675914497202,1.3735815475991693,9.207237022324637,4.687039911734398,6.515102477022653,8.303974553870079,8.062710725934497,10.081707586832993,7.407469820349584,4.632593231919659,6.445457697308809,6.018387799192744,6.656642368632951,8.31703937890406,8.568356708057879,8.798209392298883,4.808485488080726,2.6298559492358966,7.764271204301437,4.893501005697288,11.387564126250062,2.747829541322057,2.6834557527436993,1.326131249459967,0.0,11.577046628249272,3.601702483962087,0.5599428388196872,0.41986713079652543,5.172584114267628,0.4761955683897113,3.1672905084407827
1016874950,9.330617074847044,10.880858910932204,1.107508715708087,10.810781779660738,9.749215733215026,9.923573283631908,7.670525460164416,4.187927661200117,6.258806493144979,8.150293134158494,9.299303430999279,9.692481995968905,13.094378601588152,11.97093023890644,10.50371416387139,13.377171336929406,11.06040857766746,12.003862639544808,13.556076619374887,12.99016075817895,4.976463213882875,4.2586471665262415,6.587882468012478,7.169880400784427,7.487865550015953,6.08632547748228,3.456620810046152,13.084455750832856,6.520472960208653,10.842870070380163,12.340822705592297,2.616401183258731,10.690932526426602,7.406082118507996,1.7400118035137127,9.8801984244469,4.471853657250006,12.590324668128188,7.402139342390567,10.765980919401178,8.641151536802758,6.4121489686103255,12.496189987945568,11.944125166509147,7.1475996045465395,12.270649264965092,10.744639602249395,8.52978213562614,12.377830556577855,1.5717823280218923,3.7561268526580522,10.142709340533596,13.83717269386603,1.4987138613307482,2.5985442119985387,6.686480676725258,8.843410553829605,4.60744794348139,7.910168507234848,12.672262428687807,2.836131348615291,1.4569569815933074,4.038703071295958,3.475846240721407,11.683274279740367,13.061715277147558,11.656345875378875,4.971458427482996,11.674114327022414,13.481347745005523,10.15492086568831,1.7830810301540783,8.177149684289786,6.873975454956213,9.527587210941673,7.965371517039726,3.8635539175035034,4.24935186804683,7.1842586017928864,12.562051239079386,8.360986512640254,4.240498737321957,3.638690372124711,8.764454289978003,9.754714297518978,4.538072185871211,10.486415950534733,4.903683683008681,8.494112299400618,5.762644093073171,8.776919284036916,7.907762279272971,8.200713920157161,9.252922541518602,8.633373828713228,3.2360973797308628,5.0651358920042915,8.224839788989273,9.888944255006903,10.280847542177979,7.950239128682769,8.20512085964741,6.714626469374789,5.900340124688394,3.6262863628197115,3.563923587990254,10.591664281815968,7.557575522893659,6.031242288886216,5.585698581517593,7.8103358304820745,8.877013970280974,9.18429446501932,9.404896972285954,6.788680199604743,11.923410776050806,4.134929900100815,7.766075048140646,3.428619602613603,11.53961677763752,9.23956792125061,12.434148388604095,11.577046628249272,0.0,12.479381562319121,11.881809234760393,11.486281181950162,10.663330016690502,11.68258193241129,12.96155316729681
1016874984,7.893903887503136,2.547171337917953,13.586506350792332,1.9760088008402235,4.551882919151818,5.885400243138432,5.378556937005522,9.432107987664638,7.583390532551998,6.798470748912943,3.8127202421001543,3.02387420583882,0.6509838318158393,1.002207113995092,2.0178729540240554,4.09364419280299,4.350488757512741,6.202125804801479,7.98115986881416,9.340922092343808,7.548493525946428,12.782821206601058,11.02130825452281,7.7503082830120364,8.61061692817574,9.618287203321175,15.925383773847932,2.304391749973192,5.996336919681335,7.447660207049375,10.211524987528705,13.976372994394879,2.041277201199835,6.593836885810378,11.535979765506474,9.974670907098076,11.556989773347208,4.860928866646434,9.940342142434007,6.262893630856318,5.627636929940037,8.661566534986187,1.5139427202617108,5.300019829264561,5.640258127425913,8.156185323261113,5.2473816233184385,10.862591348054154,0.28356667290953147,13.11737606882824,8.767872109183136,8.869083262529688,8.957116613723372,11.598837718999357,14.657199503997651,12.370513264941895,7.133896889289527,9.82590908684836,5.2451940771202645,11.135984857993153,10.373137914146424,12.634197826834319,8.693750977609865,15.95301469770034,8.744081258489162,4.424309416223134,1.5208113861026227,8.582063601723096,4.4605928743683405,7.710439287647887,2.4290387392543127,14.148927128929635,10.196891443986965,7.636761048451975,9.126638584951287,5.159514927556001,9.544353001701108,13.132371267288393,9.549690462638141,7.514631479977736,4.1696326012401945,10.480892022097738,11.114003964677373,8.725083907861338,7.103567438252107,8.228141094800108,8.320197790265262,10.357694900161865,4.441617509329004,14.404061336596081,4.787892820479858,5.725352712504491,8.309479215530255,6.462704091419703,4.1080061853352055,9.483606712618043,12.037964060246,9.226477652988482,11.344068369092907,3.574340665742606,12.161614477379427,7.562288212362501,9.09018252308289,10.781702025457768,8.871145008475272,11.969190546124041,10.853755959228012,7.132209957613374,6.511532356436094,7.520509882846779,9.59306504918208,11.475212494961184,11.770230379804563,12.026421966233254,6.107625409517892,1.0062888570162905,9.401314292079878,7.607520189898198,13.225345883616063,1.1336553714899185,5.514640319365361,2.5712773875953228,3.601702483962087,12.479381562319121,0.0,4.0585078240501815,4.018360891933972,2.6812906316475806,4.058006505883907,6.6083552077094865
1016904948,4.4915271309210105,2.082500087702028,12.942873318269783,2.9174022187805706,2.1326017778331856,2.545044378234896,4.287473590717006,7.979851137092731,5.79912841837185,4.192984974552329,2.9492988875799733,3.251046296750997,4.090297512682171,3.099278524638123,3.564311406618689,1.518200007780052,0.8549585268340055,2.1455863517554907,3.9931042100278833,5.282999342999276,7.119815719736292,10.823137062922306,8.353562499352027,5.348025355030248,5.8453462744951405,7.25357618092781,15.104181791069681,2.2951974715874073,5.81661546013185,3.5914661253882034,6.205361041988125,12.65026722774532,3.0106554351716923,4.5941266514858095,10.499446857025239,6.372122521370919,9.55066188553155,1.0111635376493362,7.058951593371459,2.464224421827638,3.3126355284505786,6.361830883650736,2.625530670094679,1.2417375908116217,6.737712235452267,4.10718705526629,1.6014122969245972,7.623026277959954,3.7755959637206997,12.031857434999063,8.678516738939775,5.187238238971345,4.944025209731853,11.460106221773703,14.384559929346901,9.677777486148889,4.048311483199223,8.034482123453362,4.031148214420661,7.132603798120694,9.236207788501224,12.495354744307788,7.847245934198414,15.244314419293923,4.76180933555731,1.1928358519930469,2.652988047958978,7.083622642788003,0.4546878083881444,3.7309906769144603,3.410369622487917,13.662802022038038,7.0584544045235615,5.442548251631301,5.608756416068106,3.9927463751973558,8.221842192973552,11.18941493473702,6.776405625758262,3.457406723843626,4.410845780069883,8.690617615045918,9.441984864078055,5.460083361985254,3.6167058654321376,8.596374117652195,4.550794250359547,8.33186522214214,3.6692092314760627,12.120947842946697,3.131749482992882,3.977688147078814,5.297592587603032,3.3349430147588515,3.784391829014359,8.645751533511758,9.824271108984698,6.112786560302554,7.787907031280448,1.8380390313385917,9.114021821367208,4.687407576510029,6.562371117172835,8.350309803110411,8.412517939545337,10.237189515346278,7.129947337343956,4.746132075546314,6.9006571127233896,6.301116441058055,6.596175760434436,8.161966784420056,8.3949434894156,8.613013270760645,5.15630169265406,3.1145584323551647,7.9921327280625105,4.938579803952264,11.542119276091643,3.266574470373578,2.7965719446207515,1.6091089520368564,0.5599428388196872,11.881809234760393,4.0585078240501815,0.0,0.3990108859307254,5.726744789686894,0.19923258182869796,2.6241060477644407
1016925490,4.265309711617681,1.8473601599241285,12.548834226423237,2.704053137454409,1.7378888866839843,2.2698418989211735,3.88856203333406,7.597923814618341,5.420223012071176,3.850833003933613,2.572245339705472,2.9292756507129383,4.113650300113998,3.0326115952205086,3.331221336400798,1.901662389187111,0.5118549865784703,2.219991043046217,4.169863797881789,5.348303691693224,6.720962334633419,10.47388710590557,8.05140534246697,5.002035738555683,5.537637981795738,6.91854415985851,14.715351313378326,2.4576364001011144,5.423002475143479,3.4896966976130495,6.1955205661393675,12.27404945690612,2.7851505692495757,4.215727646248876,10.110851827148096,6.205532022570847,9.200551439910976,1.3422956171140383,6.773363226335616,2.3244883114472423,2.93484447137745,6.016237214408466,2.655654388839827,1.3519123338949728,6.3775480775044695,4.147627910023525,1.3756249361060262,7.39058750798892,3.7349581833932466,11.646808905906168,8.280348029124545,5.034938827690306,5.095305630608792,11.06110452096308,13.986749669305489,9.38354331335834,3.760608059472478,7.666963609869562,3.6321597244525075,7.12113076045757,8.847943722912104,12.096438973328489,7.450824390073335,14.853100016358665,4.732989207419046,1.5917564330017853,2.552911314954751,6.700130659483171,0.48746636555360523,3.9159889780598323,3.13953502468027,13.266907027018577,6.807246767902956,5.08263268127108,5.417508645216595,3.5939332721749824,7.836410817662299,10.840078960705474,6.4766026588571775,3.553248639765456,4.045394964126746,8.325480361352346,9.073505652553377,5.217701213524142,3.39754924571554,8.204196896228968,4.421872468685583,7.978478020292526,3.2791061040843363,11.79717232352878,2.7328082353394256,3.584687974066179,5.014862030233795,3.040896739841436,3.4080003663412475,8.250355371092205,9.488953897657424,5.851594134930432,7.6166059251868825,1.468609793860648,8.859615847617013,4.380341531113719,6.236719531891445,8.026302953462302,8.01363146147256,9.873804228450291,6.999121109047969,4.392762270953728,6.514569687347507,5.907363493624283,6.32213408771853,7.944315577823294,8.189260123554664,8.41524521167682,4.757321304530726,3.041333665409676,7.608781144921528,4.61193195402945,11.179369387322026,3.143177601535372,2.438194158633047,1.7175045640796143,0.41986713079652543,11.486281181950162,4.018360891933972,0.3990108859307254,0.0,5.515152699889733,0.2027513121765166,2.822456112815818
1016963669,8.38035776896061,3.668189523435804,11.751083732131425,2.812839216192208,5.155774757039552,6.632461207786819,4.800623915835272,8.321877229093808,6.928980178629598,6.845202137618113,3.8795500270987193,2.979359261740829,3.290260793146168,3.0236083839195214,2.193396536196065,6.309688506913512,5.6301078511808855,7.68505720807917,9.684198317683377,10.718405343890518,6.03055281403446,11.765436465651629,10.621311507870342,7.491367713383454,8.501094570623911,9.107153527867679,14.111043243122703,4.727174774107613,4.6183263929969325,8.440291845189394,11.316867721965963,12.504334076322449,2.7305606506313196,6.273724205127623,10.01035588692883,10.480152406271861,10.641590399564432,6.702499002708615,9.790648716126476,7.318023561786983,5.765634269758882,8.206952110286675,3.8314159430827046,6.861260433487414,3.521912411444614,9.493259658908501,6.349654051080423,10.950794422851223,2.7957443920543668,11.540793268813175,6.912337159074422,9.538808055606976,10.596363108042496,9.589940187579302,12.607892436002835,11.907481034767105,7.466191816966095,8.89913688367834,4.7980000276046315,12.203538951850703,8.984461118488776,10.584325643125574,7.28381369600407,14.080608503356128,9.85300581056461,6.487096205845797,3.237656273361811,7.595772058857195,6.002546438820018,9.431141023537652,2.4806018636529696,12.215542650936547,10.240649825770335,7.251121967922777,9.60390681750894,4.713511577407507,8.340874353920661,12.086376561050756,9.349308291713726,9.010775891923267,3.1941487766923564,9.497336672007272,10.006073799493912,9.004346877441282,7.760508401478089,6.1780748537578125,9.133293178445188,9.542796251619825,4.055114893544075,13.53825346547568,4.817427281178042,5.466252348956351,8.425108594202415,6.941985032708515,3.5943939316431583,7.989522107750175,11.236995072761184,9.329389715985647,11.721054992724639,4.388808962937133,12.003109176573481,7.671754996175141,8.750806867561812,10.22097034905099,7.212972578410895,10.845807284753425,11.453163227040804,6.964715320674592,4.662847726173598,6.505325115239279,9.56644300159901,11.59629118225154,11.936281407944298,12.218233968661883,5.2126770004640175,2.9791474505139575,8.266629743730347,7.559800531663984,12.00500834581495,2.630446271891675,5.94340208074893,4.674688881040898,5.172584114267628,10.663330016690502,2.6812906316475806,5.726744789686894,5.515152699889733,0.0,5.640037111329137,8.334867698708813
1017043385,4.356273689941323,1.9790752031476786,12.743749646325359,2.827243155827292,1.933379625057095,2.3867610442531024,4.090403646133475,7.783345886275657,5.603417807522786,4.00963755479896,2.7697306421886343,3.1038028688932267,4.121390176332896,3.0839806162384806,3.4648135665985067,1.7142066518353278,0.6656362505201608,2.149673380160623,4.054918725623351,5.2876476378776776,6.922886501451539,10.63785208063865,8.186882657756957,5.163514379318645,5.675950100307052,7.07350499880718,14.905970386792381,2.3909966329093013,5.625509827232913,3.512194735490294,6.172885241875726,12.455547360780486,2.914367950225158,4.398484075694393,10.301266995240251,6.26479680531477,9.364998631288028,1.1566611869990109,6.899012551475241,2.364853889522222,3.1170124925877984,6.177614972478034,2.6572850715787517,1.2586575727699967,6.569199440830008,4.09818000870328,1.4604338651228175,7.486275444262301,3.774481123211056,11.83455539144138,8.482809781681793,5.08590085755766,4.993028379051534,11.262238653179612,14.18554346735298,9.514556184246707,3.8864422252492137,7.8425074313237575,3.833761426007766,7.099739472727838,9.0380926042913,12.297159773448081,7.648027378119147,15.045614259100269,4.719021921215676,1.3902172519807205,2.6198390238387197,6.886665837869443,0.40260084004999896,3.7969799748525603,3.2908152994517885,13.463569460470659,6.913300896420901,5.253007435866406,5.489807093889204,3.7959512575326655,8.024399559844374,11.00411119518231,6.610460829727576,3.475867675905154,4.238825833934579,8.499486394887317,9.249736373328112,5.318265503121671,3.4837901832379954,8.406475465836708,4.459854575790357,8.144919681307561,3.480835579197602,11.94569022341179,2.9336955916661798,3.778641607156255,5.1383850429936535,3.1699567043382566,3.6054155105568757,8.446526847529526,9.644298201146718,5.963034191864147,7.678884843414698,1.6625539824987068,8.967856514877028,4.51792162583867,6.385893979480529,8.17470769500962,8.21427240919861,10.046723870580895,7.039558639450606,4.558810176304531,6.715336143187228,6.102006594121441,6.441039880137241,8.031938463756553,8.270359633408749,8.492066086588876,4.958341938850338,3.0960014499695605,7.795234178025117,4.7613748824626025,11.351913548851911,3.22300808559192,2.606902770023763,1.6751924093311998,0.4761955683897113,11.68258193241129,4.058006505883907,0.19923258182869796,0.2027513121765166,5.640037111329137,0.0,2.6957551790926813
1017627492,4.03348184183422,4.6690402541681335,13.945210525339757,5.522112213405476,3.8711510729329492,3.0771844148687006,5.965998705889628,8.809760917950594,6.707612270001669,4.811288515341046,5.12964390718113,5.680072659739036,6.542200456853011,5.687860605065491,6.153643179003508,2.8408680343676904,2.803810692495352,0.972197163549298,1.375363387318701,2.923960467950564,8.655845352256238,11.033409660242429,8.137926124307885,5.84522833368093,5.88046524280814,7.454132325201048,15.913908143695334,4.536009388942273,7.6365375051650055,2.493943208714517,4.12382089062233,13.226331306874208,5.606479647522942,5.613928703803179,11.389910457712665,5.2049563333985525,9.816359168098822,1.7506982327861125,6.7710617752916935,2.195648205478338,4.518852101741486,6.754371048264694,5.1141401935158886,1.502364254854985,8.927705855504962,1.9796817745469395,2.4745134334560612,6.841356007008389,6.329859446535624,12.800643498718388,10.23675368215171,4.0630734001323585,2.349739926098801,12.818539634640347,15.547628483649614,9.321771146181902,4.18330109672702,8.613291091869327,5.712495078821597,5.012988807951342,10.155956153695442,13.80556124565958,9.075783757156545,16.119716352518395,2.9181265888610675,2.327615866814585,5.266229024748232,7.990492499449748,2.336524344022781,1.1086818021205196,5.9517142819290685,14.729044905227664,6.47050613748007,6.101325655090879,4.7025843838200725,5.709919440891089,9.113941087857029,11.389894319027064,6.6452696845484,1.1596163326516478,6.613051598921178,9.202292054065474,9.974858616972897,4.967004578944706,3.3290991445927265,10.372954280198401,3.3780635087727706,8.694683609763791,5.664413627516755,11.988686895552695,4.864640556767317,5.356160751960172,5.168124644160861,3.7087758449654276,5.925910233132867,9.801793579429878,9.896100581063383,5.696435078895291,6.54642354357324,4.1450667640480106,8.427140975926848,4.8724241670320465,6.711754312820362,8.36100103267652,9.803296177193843,10.663750965516394,5.664466205346395,5.405698874804029,8.827567839184605,7.503579777684018,6.243379107554909,7.232050333186888,7.3626707601307375,7.5119112127677035,6.71470346811986,5.708032441636148,8.850195645048096,5.276937604246295,11.920989380380158,5.885745787319113,3.896952473078183,4.047576574472893,3.1672905084407827,12.96155316729681,6.6083552077094865,2.6241060477644407,2.822456112815818,8.334867698708813,2.6957551790926813,0.0
